"表題：","都道府県・市区町村のすがた（社会・人口統計体系）"
"公開日：","2026年06月19日"

"***","調査又は集計していないもの"
"-","データが得られないもの"
"X","数値が秘匿されているもの"

"","","","","/項目 コード","A1101","","A2301","","B1101","","B1106","","C120110","","C210715","","C3101","","C3107","","C3401","","D2201","","H6133","","I5101","","#A03506","","#A05101","","#F01201","","#I0910103",""
"調査年 コード","調査年","地域 コード","地域","/項目","A1101_総人口【人】","注釈","A2301_住民基本台帳人口（総数）【人】","注釈","B1101_総面積（北方地域及び竹島を除く）【ｈａ】","注釈","B1106_森林面積【ｈａ】","注釈","C120110_課税対象所得【千円】","注釈","C210715_事業所数（小売業）【所】","注釈","C3101_農業産出額【百万円】","注釈","C3107_耕地面積【ｈａ】","注釈","C3401_製造品出荷額等【百万円】","注釈","D2201_財政力指数（市町村財政）【‐】","注釈","H6133_百貨店、総合スーパー数【事業所】","注釈","I5101_病院数【施設】","注釈","#A03506_65歳以上人口割合【％】","注釈","#A05101_人口増減率【％】","注釈","#F01201_第1次産業就業者比率【％】","注釈","#I0910103_一般病院数（人口10万人当たり）【施設】","注釈"
"2024100000","2024年度","43100","熊本県 熊本市","","***","","731,331","","39,032","","***","","1,157,469,294","","***","","***","","10,700","","***","","***","","***","","***","","***","","***","","***","","***",""
"2024100000","2024年度","43101","熊本県 熊本市 中央区","","***","","176,575","","2,545","","***","","-","","***","","***","","-","","***","","***","","***","","***","","***","","***","","***","","***",""
"2024100000","2024年度","43102","熊本県 熊本市 東区","","***","","191,055","","5,019","","***","","-","","***","","***","","-","","***","","***","","***","","***","","***","","***","","***","","***",""
"2024100000","2024年度","43103","熊本県 熊本市 西区","","***","","90,147","","8,933","","***","","-","","***","","***","","-","","***","","***","","***","","***","","***","","***","","***","","***",""
"2024100000","2024年度","43104","熊本県 熊本市 南区","","***","","133,843","","11,001","","***","","-","","***","","***","","-","","***","","***","","***","","***","","***","","***","","***","","***",""
"2024100000","2024年度","43105","熊本県 熊本市 北区","","***","","139,711","","11,534","","***","","-","","***","","***","","-","","***","","***","","***","","***","","***","","***","","***","","***",""
"2024100000","2024年度","43202","熊本県 八代市","","***","","120,023","","68,130","","***","","148,435,709","","***","","***","","6,860","","***","","***","","***","","***","","***","","***","","***","","***",""
"2024100000","2024年度","43203","熊本県 人吉市","","***","","29,742","","21,055","","***","","35,723,328","","***","","***","","1,390","","***","","***","","***","","***","","***","","***","","***","","***",""
"2024100000","2024年度","43204","熊本県 荒尾市","","***","","49,036","","5,737","","***","","57,515,955","","***","","***","","1,260","","***","","***","","***","","***","","***","","***","","***","","***",""
"2024100000","2024年度","43205","熊本県 水俣市","","***","","21,639","","16,329","","***","","23,664,988","","***","","***","","806","","***","","***","","***","","***","","***","","***","","***","","***",""
"2024100000","2024年度","43206","熊本県 玉名市","","***","","62,582","","15,260","","***","","76,052,193","","***","","***","","6,070","","***","","***","","***","","***","","***","","***","","***","","***",""
"2024100000","2024年度","43208","熊本県 山鹿市","","***","","48,002","","29,969","","***","","52,081,733","","***","","***","","6,680","","***","","***","","***","","***","","***","","***","","***","","***",""
"2024100000","2024年度","43210","熊本県 菊池市","","***","","46,599","","27,685","","***","","52,301,581","","***","","***","","5,780","","***","","***","","***","","***","","***","","***","","***","","***",""
"2024100000","2024年度","43211","熊本県 宇土市","","***","","36,143","","7,430","","***","","44,705,055","","***","","***","","1,750","","***","","***","","***","","***","","***","","***","","***","","***",""
"2024100000","2024年度","43212","熊本県 上天草市","","***","","23,592","","12,667","","***","","25,495,329","","***","","***","","981","","***","","***","","***","","***","","***","","***","","***","","***",""
"2024100000","2024年度","43213","熊本県 宇城市","","***","","56,356","","18,867","","***","","66,168,147","","***","","***","","5,370","","***","","***","","***","","***","","***","","***","","***","","***",""
"2024100000","2024年度","43214","熊本県 阿蘇市","","***","","24,170","","37,630","","***","","27,767,577","","***","","***","","8,450","","***","","***","","***","","***","","***","","***","","***","","***",""
"2024100000","2024年度","43215","熊本県 天草市","","***","","71,920","","68,382","","***","","76,952,318","","***","","***","","4,660","","***","","***","","***","","***","","***","","***","","***","","***",""
"2024100000","2024年度","43216","熊本県 合志市","","***","","65,160","","5,319","","***","","94,309,428","","***","","***","","2,000","","***","","***","","***","","***","","***","","***","","***","","***",""
"2024100000","2024年度","43348","熊本県 美里町","","***","","8,632","","14,400","","***","","7,996,288","","***","","***","","1,110","","***","","***","","***","","***","","***","","***","","***","","***",""
"2024100000","2024年度","43364","熊本県 玉東町","","***","","5,158","","2,433","","***","","5,454,861","","***","","***","","737","","***","","***","","***","","***","","***","","***","","***","","***",""
"2024100000","2024年度","43367","熊本県 南関町","","***","","8,657","","6,892","","***","","8,677,361","","***","","***","","1,300","","***","","***","","***","","***","","***","","***","","***","","***",""
"2024100000","2024年度","43368","熊本県 長洲町","","***","","15,220","","1,944","","***","","16,645,822","","***","","***","","655","","***","","***","","***","","***","","***","","***","","***","","***",""
"2024100000","2024年度","43369","熊本県 和水町","","***","","9,007","","9,878","","***","","8,746,025","","***","","***","","1,920","","***","","***","","***","","***","","***","","***","","***","","***",""
"2024100000","2024年度","43403","熊本県 大津町","","***","","36,343","","9,910","","***","","57,212,373","","***","","***","","2,140","","***","","***","","***","","***","","***","","***","","***","","***",""
"2024100000","2024年度","43404","熊本県 菊陽町","","***","","43,761","","3,746","","***","","77,447,788","","***","","***","","1,330","","***","","***","","***","","***","","***","","***","","***","","***",""
"2024100000","2024年度","43423","熊本県 南小国町","","***","","3,804","","11,590","","***","","4,008,521","","***","","***","","727","","***","","***","","***","","***","","***","","***","","***","","***",""
"2024100000","2024年度","43424","熊本県 小国町","","***","","6,295","","13,694","","***","","6,691,309","","***","","***","","1,010","","***","","***","","***","","***","","***","","***","","***","","***",""
"2024100000","2024年度","43425","熊本県 産山村","","***","","1,361","","6,081","","***","","1,248,546","","***","","***","","830","","***","","***","","***","","***","","***","","***","","***","","***",""
"2024100000","2024年度","43428","熊本県 高森町","","***","","5,823","","17,506","","***","","5,562,801","","***","","***","","1,950","","***","","***","","***","","***","","***","","***","","***","","***",""
"2024100000","2024年度","43432","熊本県 西原村","","***","","7,074","","7,722","","***","","8,640,175","","***","","***","","1,010","","***","","***","","***","","***","","***","","***","","***","","***",""
"2024100000","2024年度","43433","熊本県 南阿蘇村","","***","","10,026","","13,732","","***","","10,081,531","","***","","***","","3,180","","***","","***","","***","","***","","***","","***","","***","","***",""
"2024100000","2024年度","43441","熊本県 御船町","","***","","17,270","","9,903","","***","","19,638,171","","***","","***","","1,270","","***","","***","","***","","***","","***","","***","","***","","***",""
"2024100000","2024年度","43442","熊本県 嘉島町","","***","","10,254","","1,665","","***","","14,469,990","","***","","***","","751","","***","","***","","***","","***","","***","","***","","***","","***",""
"2024100000","2024年度","43443","熊本県 益城町","","***","","34,107","","6,568","","***","","42,191,076","","***","","***","","2,090","","***","","***","","***","","***","","***","","***","","***","","***",""
"2024100000","2024年度","43444","熊本県 甲佐町","","***","","9,948","","5,793","","***","","9,633,718","","***","","***","","1,190","","***","","***","","***","","***","","***","","***","","***","","***",""
"2024100000","2024年度","43447","熊本県 山都町","","***","","12,887","","54,467","","***","","11,557,422","","***","","***","","4,780","","***","","***","","***","","***","","***","","***","","***","","***",""
"2024100000","2024年度","43468","熊本県 氷川町","","***","","10,742","","3,336","","***","","11,222,938","","***","","***","","1,510","","***","","***","","***","","***","","***","","***","","***","","***",""
"2024100000","2024年度","43482","熊本県 芦北町","","***","","14,877","","23,401","","***","","14,086,091","","***","","***","","1,440","","***","","***","","***","","***","","***","","***","","***","","***",""
"2024100000","2024年度","43484","熊本県 津奈木町","","***","","4,107","","3,408","","***","","3,658,187","","***","","***","","272","","***","","***","","***","","***","","***","","***","","***","","***",""
"2024100000","2024年度","43501","熊本県 錦町","","***","","10,033","","8,504","","***","","10,937,069","","***","","***","","1,550","","***","","***","","***","","***","","***","","***","","***","","***",""
"2024100000","2024年度","43505","熊本県 多良木町","","***","","8,321","","16,586","","***","","9,118,317","","***","","***","","1,630","","***","","***","","***","","***","","***","","***","","***","","***",""
"2024100000","2024年度","43506","熊本県 湯前町","","***","","3,445","","4,837","","***","","3,302,882","","***","","***","","553","","***","","***","","***","","***","","***","","***","","***","","***",""
"2024100000","2024年度","43507","熊本県 水上村","","***","","1,933","","19,096","","***","","1,709,939","","***","","***","","349","","***","","***","","***","","***","","***","","***","","***","","***",""
"2024100000","2024年度","43510","熊本県 相良村","","***","","3,961","","9,454","","***","","3,801,911","","***","","***","","791","","***","","***","","***","","***","","***","","***","","***","","***",""
"2024100000","2024年度","43511","熊本県 五木村","","***","","929","","25,292","","***","","1,014,829","","***","","***","","73","","***","","***","","***","","***","","***","","***","","***","","***",""
"2024100000","2024年度","43512","熊本県 山江村","","***","","3,162","","12,119","","***","","2,967,026","","***","","***","","371","","***","","***","","***","","***","","***","","***","","***","","***",""
"2024100000","2024年度","43513","熊本県 球磨村","","***","","2,648","","20,758","","***","","2,266,180","","***","","***","","556","","***","","***","","***","","***","","***","","***","","***","","***",""
"2024100000","2024年度","43514","熊本県 あさぎり町","","***","","14,058","","15,956","","***","","14,326,615","","***","","***","","2,860","","***","","***","","***","","***","","***","","***","","***","","***",""
"2024100000","2024年度","43531","熊本県 苓北町","","***","","6,222","","6,758","","***","","6,105,332","","***","","***","","594","","***","","***","","***","","***","","***","","***","","***","","***",""
"2023100000","2023年度","43100","熊本県 熊本市","","***","","731,722","","39,032","","***","","1,144,773,638","","***","","***","","10,800","","469,450","","***","","***","","91","","***","","***","","***","","***",""
"2023100000","2023年度","43101","熊本県 熊本市 中央区","","***","","176,424","","2,545","","***","","-","","***","","***","","-","","15,636","","***","","***","","35","","***","","***","","***","","***",""
"2023100000","2023年度","43102","熊本県 熊本市 東区","","***","","191,238","","5,019","","***","","-","","***","","***","","-","","93,191","","***","","***","","17","","***","","***","","***","","***",""
"2023100000","2023年度","43103","熊本県 熊本市 西区","","***","","90,087","","8,933","","***","","-","","***","","***","","-","","26,838","","***","","***","","8","","***","","***","","***","","***",""
"2023100000","2023年度","43104","熊本県 熊本市 南区","","***","","133,277","","11,001","","***","","-","","***","","***","","-","","152,568","","***","","***","","16","","***","","***","","***","","***",""
"2023100000","2023年度","43105","熊本県 熊本市 北区","","***","","140,696","","11,534","","***","","-","","***","","***","","-","","181,216","","***","","***","","15","","***","","***","","***","","***",""
"2023100000","2023年度","43202","熊本県 八代市","","***","","121,657","","68,129","","***","","147,408,497","","***","","***","","6,880","","292,032","","***","","***","","10","","***","","***","","***","","***",""
"2023100000","2023年度","43203","熊本県 人吉市","","***","","30,192","","21,055","","***","","36,845,896","","***","","***","","1,400","","22,077","","***","","***","","9","","***","","***","","***","","***",""
"2023100000","2023年度","43204","熊本県 荒尾市","","***","","49,641","","5,737","","***","","56,288,778","","***","","***","","1,280","","53,120","","***","","***","","5","","***","","***","","***","","***",""
"2023100000","2023年度","43205","熊本県 水俣市","","***","","22,133","","16,329","","***","","24,223,835","","***","","***","","811","","49,796","","***","","***","","7","","***","","***","","***","","***",""
"2023100000","2023年度","43206","熊本県 玉名市","","***","","63,537","","15,260","","***","","76,500,729","","***","","***","","6,080","","57,622","","***","","***","","4","","***","","***","","***","","***",""
"2023100000","2023年度","43208","熊本県 山鹿市","","***","","48,639","","29,969","","***","","53,507,292","","***","","***","","6,710","","70,951","","***","","***","","6","","***","","***","","***","","***",""
"2023100000","2023年度","43210","熊本県 菊池市","","***","","46,814","","27,685","","***","","52,502,233","","***","","***","","5,790","","199,004","","***","","***","","5","","***","","***","","***","","***",""
"2023100000","2023年度","43211","熊本県 宇土市","","***","","36,371","","7,430","","***","","43,716,987","","***","","***","","1,760","","102,948","","***","","***","","1","","***","","***","","***","","***",""
"2023100000","2023年度","43212","熊本県 上天草市","","***","","24,285","","12,667","","***","","26,140,696","","***","","***","","999","","14,308","","***","","***","","1","","***","","***","","***","","***",""
"2023100000","2023年度","43213","熊本県 宇城市","","***","","56,956","","18,867","","***","","66,501,720","","***","","***","","5,390","","137,958","","***","","***","","7","","***","","***","","***","","***",""
"2023100000","2023年度","43214","熊本県 阿蘇市","","***","","24,526","","37,630","","***","","28,189,977","","***","","***","","8,620","","138,000","","***","","***","","4","","***","","***","","***","","***",""
"2023100000","2023年度","43215","熊本県 天草市","","***","","73,437","","68,382","","***","","79,021,668","","***","","***","","4,650","","37,624","","***","","***","","14","","***","","***","","***","","***",""
"2023100000","2023年度","43216","熊本県 合志市","","***","","64,751","","5,319","","***","","92,458,102","","***","","***","","2,010","","576,795","","***","","***","","5","","***","","***","","***","","***",""
"2023100000","2023年度","43348","熊本県 美里町","","***","","8,873","","14,400","","***","","8,355,111","","***","","***","","1,120","","4,191","","***","","***","","2","","***","","***","","***","","***",""
"2023100000","2023年度","43364","熊本県 玉東町","","***","","5,191","","2,433","","***","","5,500,896","","***","","***","","737","","3,388","","***","","***","","0","","***","","***","","***","","***",""
"2023100000","2023年度","43367","熊本県 南関町","","***","","8,856","","6,892","","***","","8,830,610","","***","","***","","1,310","","184,434","","***","","***","","0","","***","","***","","***","","***",""
"2023100000","2023年度","43368","熊本県 長洲町","","***","","15,456","","1,944","","***","","16,743,298","","***","","***","","656","","149,248","","***","","***","","1","","***","","***","","***","","***",""
"2023100000","2023年度","43369","熊本県 和水町","","***","","9,104","","9,878","","***","","9,581,315","","***","","***","","1,920","","30,280","","***","","***","","1","","***","","***","","***","","***",""
"2023100000","2023年度","43403","熊本県 大津町","","***","","36,013","","9,910","","***","","54,088,742","","***","","***","","2,160","","316,855","","***","","***","","1","","***","","***","","***","","***",""
"2023100000","2023年度","43404","熊本県 菊陽町","","***","","43,915","","3,746","","***","","74,472,670","","***","","***","","1,340","","212,319","","***","","***","","5","","***","","***","","***","","***",""
"2023100000","2023年度","43423","熊本県 南小国町","","***","","3,875","","11,590","","***","","3,858,222","","***","","***","","830","","1,014","","***","","***","","0","","***","","***","","***","","***",""
"2023100000","2023年度","43424","熊本県 小国町","","***","","6,465","","13,694","","***","","6,767,558","","***","","***","","1,210","","2,830","","***","","***","","1","","***","","***","","***","","***",""
"2023100000","2023年度","43425","熊本県 産山村","","***","","1,395","","6,081","","***","","1,245,567","","***","","***","","841","","0","","***","","***","","0","","***","","***","","***","","***",""
"2023100000","2023年度","43428","熊本県 高森町","","***","","5,934","","17,506","","***","","5,754,522","","***","","***","","2,180","","10,800","","***","","***","","0","","***","","***","","***","","***",""
"2023100000","2023年度","43432","熊本県 西原村","","***","","6,955","","7,722","","***","","8,598,271","","***","","***","","1,030","","58,152","","***","","***","","0","","***","","***","","***","","***",""
"2023100000","2023年度","43433","熊本県 南阿蘇村","","***","","10,115","","13,732","","***","","10,294,673","","***","","***","","3,150","","5,957","","***","","***","","1","","***","","***","","***","","***",""
"2023100000","2023年度","43441","熊本県 御船町","","***","","17,235","","9,903","","***","","19,013,879","","***","","***","","1,270","","14,207","","***","","***","","1","","***","","***","","***","","***",""
"2023100000","2023年度","43442","熊本県 嘉島町","","***","","10,159","","1,665","","***","","14,227,892","","***","","***","","757","","50,960","","***","","***","","2","","***","","***","","***","","***",""
"2023100000","2023年度","43443","熊本県 益城町","","***","","34,041","","6,568","","***","","41,257,425","","***","","***","","2,120","","87,766","","***","","***","","3","","***","","***","","***","","***",""
"2023100000","2023年度","43444","熊本県 甲佐町","","***","","10,146","","5,793","","***","","9,944,332","","***","","***","","1,190","","12,323","","***","","***","","2","","***","","***","","***","","***",""
"2023100000","2023年度","43447","熊本県 山都町","","***","","13,272","","54,467","","***","","12,023,460","","***","","***","","4,820","","7,625","","***","","***","","4","","***","","***","","***","","***",""
"2023100000","2023年度","43468","熊本県 氷川町","","***","","10,944","","3,336","","***","","12,016,128","","***","","***","","1,510","","691","","***","","***","","1","","***","","***","","***","","***",""
"2023100000","2023年度","43482","熊本県 芦北町","","***","","15,284","","23,401","","***","","14,688,628","","***","","***","","1,430","","20,063","","***","","***","","3","","***","","***","","***","","***",""
"2023100000","2023年度","43484","熊本県 津奈木町","","***","","4,216","","3,408","","***","","3,778,330","","***","","***","","270","","3,149","","***","","***","","0","","***","","***","","***","","***",""
"2023100000","2023年度","43501","熊本県 錦町","","***","","10,223","","8,504","","***","","11,191,369","","***","","***","","1,550","","43,754","","***","","***","","0","","***","","***","","***","","***",""
"2023100000","2023年度","43505","熊本県 多良木町","","***","","8,554","","16,586","","***","","10,118,428","","***","","***","","1,630","","5,783","","***","","***","","1","","***","","***","","***","","***",""
"2023100000","2023年度","43506","熊本県 湯前町","","***","","3,522","","4,837","","***","","3,364,794","","***","","***","","557","","2,667","","***","","***","","0","","***","","***","","***","","***",""
"2023100000","2023年度","43507","熊本県 水上村","","***","","1,976","","19,096","","***","","1,847,542","","***","","***","","349","","2,095","","***","","***","","0","","***","","***","","***","","***",""
"2023100000","2023年度","43510","熊本県 相良村","","***","","4,019","","9,454","","***","","3,959,385","","***","","***","","791","","10,837","","***","","***","","0","","***","","***","","***","","***",""
"2023100000","2023年度","43511","熊本県 五木村","","***","","942","","25,292","","***","","1,059,426","","***","","***","","73","","407","","***","","***","","0","","***","","***","","***","","***",""
"2023100000","2023年度","43512","熊本県 山江村","","***","","3,221","","12,119","","***","","3,126,712","","***","","***","","373","","501","","***","","***","","0","","***","","***","","***","","***",""
"2023100000","2023年度","43513","熊本県 球磨村","","***","","2,786","","20,758","","***","","2,306,970","","***","","***","","549","","335","","***","","***","","0","","***","","***","","***","","***",""
"2023100000","2023年度","43514","熊本県 あさぎり町","","***","","14,341","","15,956","","***","","15,097,485","","***","","***","","2,870","","20,937","","***","","***","","1","","***","","***","","***","","***",""
"2023100000","2023年度","43531","熊本県 苓北町","","***","","6,409","","6,758","","***","","6,483,440","","***","","***","","600","","1,011","","***","","***","","3","","***","","***","","***","","***",""
"2022100000","2022年度","43100","熊本県 熊本市","","***","","731,476","","39,032","","***","","1,114,968,045","","***","","***","","10,900","","468,590","","0.70","","***","","91","","***","","***","","***","","***",""
"2022100000","2022年度","43101","熊本県 熊本市 中央区","","***","","176,120","","2,545","","***","","-","","***","","***","","-","","13,391","","-","","***","","35","","***","","***","","***","","***",""
"2022100000","2022年度","43102","熊本県 熊本市 東区","","***","","191,299","","5,019","","***","","-","","***","","***","","-","","86,273","","-","","***","","17","","***","","***","","***","","***",""
"2022100000","2022年度","43103","熊本県 熊本市 西区","","***","","89,954","","8,933","","***","","-","","***","","***","","-","","25,959","","-","","***","","8","","***","","***","","***","","***",""
"2022100000","2022年度","43104","熊本県 熊本市 南区","","***","","133,161","","11,001","","***","","-","","***","","***","","-","","150,603","","-","","***","","16","","***","","***","","***","","***",""
"2022100000","2022年度","43105","熊本県 熊本市 北区","","***","","140,942","","11,534","","***","","-","","***","","***","","-","","192,364","","-","","***","","15","","***","","***","","***","","***",""
"2022100000","2022年度","43202","熊本県 八代市","","***","","122,625","","68,129","","***","","146,924,386","","***","","***","","6,950","","303,458","","0.50","","***","","10","","***","","***","","***","","***",""
"2022100000","2022年度","43203","熊本県 人吉市","","***","","30,734","","21,055","","***","","34,616,858","","***","","***","","1,400","","19,260","","0.44","","***","","9","","***","","***","","***","","***",""
"2022100000","2022年度","43204","熊本県 荒尾市","","***","","50,415","","5,737","","***","","56,108,946","","***","","***","","1,300","","53,306","","0.48","","***","","5","","***","","***","","***","","***",""
"2022100000","2022年度","43205","熊本県 水俣市","","***","","22,709","","16,329","","***","","24,242,687","","***","","***","","853","","53,365","","0.37","","***","","7","","***","","***","","***","","***",""
"2022100000","2022年度","43206","熊本県 玉名市","","***","","64,066","","15,260","","***","","76,196,949","","***","","***","","6,150","","48,867","","0.44","","***","","4","","***","","***","","***","","***",""
"2022100000","2022年度","43208","熊本県 山鹿市","","***","","49,397","","29,969","","***","","52,541,061","","***","","***","","6,730","","77,023","","0.33","","***","","6","","***","","***","","***","","***",""
"2022100000","2022年度","43210","熊本県 菊池市","","***","","47,103","","27,685","","***","","53,540,279","","***","","***","","5,780","","182,653","","0.43","","***","","5","","***","","***","","***","","***",""
"2022100000","2022年度","43211","熊本県 宇土市","","***","","36,483","","7,430","","***","","42,730,596","","***","","***","","1,790","","135,594","","0.52","","***","","1","","***","","***","","***","","***",""
"2022100000","2022年度","43212","熊本県 上天草市","","***","","25,015","","12,667","","***","","25,772,285","","***","","***","","1,040","","13,244","","0.25","","***","","1","","***","","***","","***","","***",""
"2022100000","2022年度","43213","熊本県 宇城市","","***","","57,562","","18,867","","***","","65,551,124","","***","","***","","5,430","","135,328","","0.40","","***","","8","","***","","***","","***","","***",""
"2022100000","2022年度","43214","熊本県 阿蘇市","","***","","24,751","","37,630","","***","","28,004,179","","***","","***","","8,740","","116,707","","0.35","","***","","4","","***","","***","","***","","***",""
"2022100000","2022年度","43215","熊本県 天草市","","***","","75,101","","68,382","","***","","77,751,624","","***","","***","","4,700","","32,529","","0.28","","***","","14","","***","","***","","***","","***",""
"2022100000","2022年度","43216","熊本県 合志市","","***","","64,474","","5,319","","***","","88,260,987","","***","","***","","2,080","","696,320","","0.64","","***","","5","","***","","***","","***","","***",""
"2022100000","2022年度","43348","熊本県 美里町","","***","","9,062","","14,400","","***","","8,400,621","","***","","***","","1,120","","4,032","","0.23","","***","","2","","***","","***","","***","","***",""
"2022100000","2022年度","43364","熊本県 玉東町","","***","","5,241","","2,433","","***","","5,287,592","","***","","***","","735","","3,415","","0.30","","***","","0","","***","","***","","***","","***",""
"2022100000","2022年度","43367","熊本県 南関町","","***","","9,001","","6,892","","***","","8,882,910","","***","","***","","1,370","","148,407","","0.39","","***","","0","","***","","***","","***","","***",""
"2022100000","2022年度","43368","熊本県 長洲町","","***","","15,506","","1,944","","***","","16,716,007","","***","","***","","670","","162,485","","0.52","","***","","1","","***","","***","","***","","***",""
"2022100000","2022年度","43369","熊本県 和水町","","***","","9,303","","9,878","","***","","9,212,737","","***","","***","","1,930","","29,060","","0.25","","***","","1","","***","","***","","***","","***",""
"2022100000","2022年度","43403","熊本県 大津町","","***","","36,030","","9,910","","***","","50,926,569","","***","","***","","2,170","","264,076","","0.73","","***","","1","","***","","***","","***","","***",""
"2022100000","2022年度","43404","熊本県 菊陽町","","***","","43,714","","3,746","","***","","71,756,694","","***","","***","","1,400","","201,257","","0.96","","***","","5","","***","","***","","***","","***",""
"2022100000","2022年度","43423","熊本県 南小国町","","***","","3,850","","11,590","","***","","3,782,891","","***","","***","","925","","1,016","","0.20","","***","","0","","***","","***","","***","","***",""
"2022100000","2022年度","43424","熊本県 小国町","","***","","6,634","","13,694","","***","","6,593,328","","***","","***","","1,370","","3,919","","0.24","","***","","1","","***","","***","","***","","***",""
"2022100000","2022年度","43425","熊本県 産山村","","***","","1,411","","6,081","","***","","1,239,015","","***","","***","","910","","0","","0.16","","***","","0","","***","","***","","***","","***",""
"2022100000","2022年度","43428","熊本県 高森町","","***","","6,057","","17,506","","***","","5,834,620","","***","","***","","2,340","","8,619","","0.24","","***","","0","","***","","***","","***","","***",""
"2022100000","2022年度","43432","熊本県 西原村","","***","","6,926","","7,722","","***","","8,296,254","","***","","***","","1,120","","65,272","","0.34","","***","","0","","***","","***","","***","","***",""
"2022100000","2022年度","43433","熊本県 南阿蘇村","","***","","10,155","","13,732","","***","","10,290,420","","***","","***","","3,110","","6,248","","0.22","","***","","1","","***","","***","","***","","***",""
"2022100000","2022年度","43441","熊本県 御船町","","***","","17,051","","9,903","","***","","18,155,242","","***","","***","","1,280","","15,426","","0.35","","***","","1","","***","","***","","***","","***",""
"2022100000","2022年度","43442","熊本県 嘉島町","","***","","10,072","","1,665","","***","","13,364,666","","***","","***","","765","","40,445","","0.63","","***","","2","","***","","***","","***","","***",""
"2022100000","2022年度","43443","熊本県 益城町","","***","","33,718","","6,568","","***","","39,972,746","","***","","***","","2,180","","70,317","","0.50","","***","","3","","***","","***","","***","","***",""
"2022100000","2022年度","43444","熊本県 甲佐町","","***","","10,273","","5,793","","***","","9,870,167","","***","","***","","1,190","","12,807","","0.30","","***","","2","","***","","***","","***","","***",""
"2022100000","2022年度","43447","熊本県 山都町","","***","","13,623","","54,467","","***","","11,775,008","","***","","***","","4,860","","8,045","","0.22","","***","","4","","***","","***","","***","","***",""
"2022100000","2022年度","43468","熊本県 氷川町","","***","","11,179","","3,336","","***","","11,935,397","","***","","***","","1,520","","660","","0.28","","***","","1","","***","","***","","***","","***",""
"2022100000","2022年度","43482","熊本県 芦北町","","***","","15,724","","23,401","","***","","14,186,970","","***","","***","","1,410","","18,490","","0.35","","***","","3","","***","","***","","***","","***",""
"2022100000","2022年度","43484","熊本県 津奈木町","","***","","4,324","","3,408","","***","","3,743,246","","***","","***","","270","","3,525","","0.23","","***","","0","","***","","***","","***","","***",""
"2022100000","2022年度","43501","熊本県 錦町","","***","","10,282","","8,504","","***","","10,880,603","","***","","***","","1,570","","29,779","","0.38","","***","","0","","***","","***","","***","","***",""
"2022100000","2022年度","43505","熊本県 多良木町","","***","","8,828","","16,586","","***","","9,513,414","","***","","***","","1,640","","6,247","","0.24","","***","","1","","***","","***","","***","","***",""
"2022100000","2022年度","43506","熊本県 湯前町","","***","","3,608","","4,837","","***","","3,243,039","","***","","***","","567","","2,757","","0.16","","***","","0","","***","","***","","***","","***",""
"2022100000","2022年度","43507","熊本県 水上村","","***","","2,035","","19,096","","***","","1,819,491","","***","","***","","352","","2,432","","0.16","","***","","0","","***","","***","","***","","***",""
"2022100000","2022年度","43510","熊本県 相良村","","***","","4,095","","9,454","","***","","3,734,461","","***","","***","","793","","10,361","","0.20","","***","","0","","***","","***","","***","","***",""
"2022100000","2022年度","43511","熊本県 五木村","","***","","974","","25,292","","***","","1,047,041","","***","","***","","74","","381","","0.21","","***","","0","","***","","***","","***","","***",""
"2022100000","2022年度","43512","熊本県 山江村","","***","","3,276","","12,119","","***","","3,047,195","","***","","***","","383","","731","","0.15","","***","","0","","***","","***","","***","","***",""
"2022100000","2022年度","43513","熊本県 球磨村","","***","","2,958","","20,758","","***","","2,186,790","","***","","***","","559","","340","","0.15","","***","","0","","***","","***","","***","","***",""
"2022100000","2022年度","43514","熊本県 あさぎり町","","***","","14,554","","15,956","","***","","14,786,181","","***","","***","","2,880","","20,850","","0.23","","***","","1","","***","","***","","***","","***",""
"2022100000","2022年度","43531","熊本県 苓北町","","***","","6,571","","6,758","","***","","6,526,612","","***","","***","","612","","937","","0.43","","***","","3","","***","","***","","***","","***",""
"2021100000","2021年度","43100","熊本県 熊本市","","***","","731,722","","39,032","","***","","1,083,991,135","","***","","***","","11,000","","453,338","","0.70","","4","","94","","***","","***","","***","","***",""
"2021100000","2021年度","43101","熊本県 熊本市 中央区","","***","","175,927","","2,545","","***","","-","","***","","***","","-","","13,439","","-","","3","","38","","***","","***","","***","","***",""
"2021100000","2021年度","43102","熊本県 熊本市 東区","","***","","190,793","","5,019","","***","","-","","***","","***","","-","","82,398","","-","","0","","17","","***","","***","","***","","***",""
"2021100000","2021年度","43103","熊本県 熊本市 西区","","***","","90,556","","8,933","","***","","-","","***","","***","","-","","24,451","","-","","1","","8","","***","","***","","***","","***",""
"2021100000","2021年度","43104","熊本県 熊本市 南区","","***","","133,120","","11,001","","***","","-","","***","","***","","-","","147,550","","-","","0","","16","","***","","***","","***","","***",""
"2021100000","2021年度","43105","熊本県 熊本市 北区","","***","","141,326","","11,534","","***","","-","","***","","***","","-","","185,501","","-","","0","","15","","***","","***","","***","","***",""
"2021100000","2021年度","43202","熊本県 八代市","","***","","123,982","","68,129","","***","","143,630,425","","***","","***","","7,070","","285,342","","0.50","","2","","10","","***","","***","","***","","***",""
"2021100000","2021年度","43203","熊本県 人吉市","","***","","31,136","","21,055","","***","","32,613,894","","***","","***","","1,330","","16,716","","0.44","","0","","9","","***","","***","","***","","***",""
"2021100000","2021年度","43204","熊本県 荒尾市","","***","","50,976","","5,737","","***","","55,925,278","","***","","***","","1,320","","45,971","","0.48","","0","","5","","***","","***","","***","","***",""
"2021100000","2021年度","43205","熊本県 水俣市","","***","","23,246","","16,329","","***","","24,053,261","","***","","***","","869","","43,978","","0.38","","0","","7","","***","","***","","***","","***",""
"2021100000","2021年度","43206","熊本県 玉名市","","***","","64,753","","15,260","","***","","75,579,249","","***","","***","","6,230","","54,911","","0.44","","0","","4","","***","","***","","***","","***",""
"2021100000","2021年度","43208","熊本県 山鹿市","","***","","50,051","","29,969","","***","","51,658,461","","***","","***","","6,810","","71,626","","0.33","","0","","6","","***","","***","","***","","***",""
"2021100000","2021年度","43210","熊本県 菊池市","","***","","47,414","","27,685","","***","","50,717,192","","***","","***","","5,850","","204,191","","0.43","","0","","5","","***","","***","","***","","***",""
"2021100000","2021年度","43211","熊本県 宇土市","","***","","36,584","","7,430","","***","","42,564,738","","***","","***","","1,800","","130,547","","0.53","","0","","1","","***","","***","","***","","***",""
"2021100000","2021年度","43212","熊本県 上天草市","","***","","25,652","","12,694","","***","","25,538,062","","***","","***","","1,100","","12,793","","0.25","","0","","1","","***","","***","","***","","***",""
"2021100000","2021年度","43213","熊本県 宇城市","","***","","57,981","","18,861","","***","","64,468,128","","***","","***","","5,490","","143,557","","0.41","","0","","8","","***","","***","","***","","***",""
"2021100000","2021年度","43214","熊本県 阿蘇市","","***","","25,213","","37,630","","***","","27,600,258","","***","","***","","9,040","","114,823","","0.35","","0","","4","","***","","***","","***","","***",""
"2021100000","2021年度","43215","熊本県 天草市","","***","","76,683","","68,382","","***","","77,333,592","","***","","***","","4,790","","31,701","","0.27","","1","","14","","***","","***","","***","","***",""
"2021100000","2021年度","43216","熊本県 合志市","","***","","63,701","","5,319","","***","","84,078,856","","***","","***","","2,110","","540,919","","0.66","","0","","5","","***","","***","","***","","***",""
"2021100000","2021年度","43348","熊本県 美里町","","***","","9,386","","14,400","","***","","8,495,757","","***","","***","","1,140","","3,863","","0.24","","0","","2","","***","","***","","***","","***",""
"2021100000","2021年度","43364","熊本県 玉東町","","***","","5,206","","2,433","","***","","5,348,453","","***","","***","","742","","3,001","","0.31","","0","","0","","***","","***","","***","","***",""
"2021100000","2021年度","43367","熊本県 南関町","","***","","9,201","","6,892","","***","","8,810,369","","***","","***","","1,420","","137,447","","0.40","","0","","0","","***","","***","","***","","***",""
"2021100000","2021年度","43368","熊本県 長洲町","","***","","15,601","","1,944","","***","","16,622,778","","***","","***","","675","","154,401","","0.53","","0","","1","","***","","***","","***","","***",""
"2021100000","2021年度","43369","熊本県 和水町","","***","","9,541","","9,878","","***","","9,090,092","","***","","***","","1,950","","34,040","","0.25","","0","","1","","***","","***","","***","","***",""
"2021100000","2021年度","43403","熊本県 大津町","","***","","35,807","","9,910","","***","","48,260,359","","***","","***","","2,180","","244,501","","0.76","","0","","1","","***","","***","","***","","***",""
"2021100000","2021年度","43404","熊本県 菊陽町","","***","","43,335","","3,746","","***","","67,232,789","","***","","***","","1,430","","209,614","","0.97","","1","","5","","***","","***","","***","","***",""
"2021100000","2021年度","43423","熊本県 南小国町","","***","","3,877","","11,590","","***","","3,648,756","","***","","***","","959","","983","","0.21","","0","","0","","***","","***","","***","","***",""
"2021100000","2021年度","43424","熊本県 小国町","","***","","6,730","","13,694","","***","","6,473,113","","***","","***","","1,450","","3,223","","0.24","","0","","1","","***","","***","","***","","***",""
"2021100000","2021年度","43425","熊本県 産山村","","***","","1,416","","6,081","","***","","1,259,272","","***","","***","","908","","0","","0.16","","0","","0","","***","","***","","***","","***",""
"2021100000","2021年度","43428","熊本県 高森町","","***","","6,121","","17,506","","***","","5,861,178","","***","","***","","2,360","","8,237","","0.24","","0","","0","","***","","***","","***","","***",""
"2021100000","2021年度","43432","熊本県 西原村","","***","","6,729","","7,722","","***","","7,922,208","","***","","***","","1,130","","41,056","","0.35","","0","","0","","***","","***","","***","","***",""
"2021100000","2021年度","43433","熊本県 南阿蘇村","","***","","10,285","","13,732","","***","","9,979,481","","***","","***","","3,200","","6,920","","0.23","","0","","1","","***","","***","","***","","***",""
"2021100000","2021年度","43441","熊本県 御船町","","***","","17,048","","9,903","","***","","18,520,044","","***","","***","","1,320","","14,262","","0.35","","0","","1","","***","","***","","***","","***",""
"2021100000","2021年度","43442","熊本県 嘉島町","","***","","9,891","","1,665","","***","","12,816,328","","***","","***","","764","","32,950","","0.67","","1","","2","","***","","***","","***","","***",""
"2021100000","2021年度","43443","熊本県 益城町","","***","","33,488","","6,568","","***","","39,073,175","","***","","***","","2,240","","70,749","","0.53","","0","","3","","***","","***","","***","","***",""
"2021100000","2021年度","43444","熊本県 甲佐町","","***","","10,326","","5,793","","***","","9,713,074","","***","","***","","1,180","","11,748","","0.31","","0","","2","","***","","***","","***","","***",""
"2021100000","2021年度","43447","熊本県 山都町","","***","","13,966","","54,467","","***","","11,964,509","","***","","***","","4,910","","7,995","","0.22","","0","","4","","***","","***","","***","","***",""
"2021100000","2021年度","43468","熊本県 氷川町","","***","","11,334","","3,336","","***","","11,659,750","","***","","***","","1,550","","603","","0.28","","0","","1","","***","","***","","***","","***",""
"2021100000","2021年度","43482","熊本県 芦北町","","***","","16,141","","23,401","","***","","13,341,451","","***","","***","","1,430","","15,639","","0.35","","0","","3","","***","","***","","***","","***",""
"2021100000","2021年度","43484","熊本県 津奈木町","","***","","4,408","","3,408","","***","","3,628,938","","***","","***","","285","","2,654","","0.23","","0","","0","","***","","***","","***","","***",""
"2021100000","2021年度","43501","熊本県 錦町","","***","","10,391","","8,504","","***","","10,418,602","","***","","***","","1,600","","27,860","","0.39","","0","","0","","***","","***","","***","","***",""
"2021100000","2021年度","43505","熊本県 多良木町","","***","","9,069","","16,586","","***","","9,118,865","","***","","***","","1,650","","5,738","","0.24","","0","","1","","***","","***","","***","","***",""
"2021100000","2021年度","43506","熊本県 湯前町","","***","","3,703","","4,837","","***","","3,150,216","","***","","***","","571","","2,103","","0.16","","0","","0","","***","","***","","***","","***",""
"2021100000","2021年度","43507","熊本県 水上村","","***","","2,088","","19,096","","***","","1,741,829","","***","","***","","359","","2,181","","0.16","","0","","0","","***","","***","","***","","***",""
"2021100000","2021年度","43510","熊本県 相良村","","***","","4,179","","9,454","","***","","3,565,148","","***","","***","","763","","9,943","","0.20","","0","","0","","***","","***","","***","","***",""
"2021100000","2021年度","43511","熊本県 五木村","","***","","1,016","","25,292","","***","","986,953","","***","","***","","75","","372","","0.22","","0","","0","","***","","***","","***","","***",""
"2021100000","2021年度","43512","熊本県 山江村","","***","","3,344","","12,119","","***","","2,796,626","","***","","***","","394","","589","","0.15","","0","","0","","***","","***","","***","","***",""
"2021100000","2021年度","43513","熊本県 球磨村","","***","","3,219","","20,758","","***","","1,963,649","","***","","***","","560","","264","","0.15","","0","","0","","***","","***","","***","","***",""
"2021100000","2021年度","43514","熊本県 あさぎり町","","***","","14,815","","15,956","","***","","14,291,993","","***","","***","","2,910","","18,593","","0.23","","0","","1","","***","","***","","***","","***",""
"2021100000","2021年度","43531","熊本県 苓北町","","***","","6,758","","6,758","","***","","6,395,314","","***","","***","","619","","1,501","","0.45","","0","","3","","***","","***","","***","","***",""
"2020100000","2020年度","43100","熊本県 熊本市","","738,865","","732,702","","39,032","","***","","1,048,403,973","","***","","***","","11,200","","430,405","","0.71","","***","","95","","25.859","","-0.26","","3.21","","10.7",""
"2020100000","2020年度","43101","熊本県 熊本市 中央区","","187,502","","176,568","","2,545","","***","","-","","***","","***","","-","","13,586","","-","","***","","39","","22.833","","0.65","","0.51","","19.2",""
"2020100000","2020年度","43102","熊本県 熊本市 東区","","189,524","","190,779","","5,019","","***","","-","","***","","***","","-","","83,919","","-","","***","","17","","24.149","","-0.49","","1.34","","6.3",""
"2020100000","2020年度","43103","熊本県 熊本市 西区","","91,177","","90,724","","8,933","","***","","-","","***","","***","","-","","22,762","","-","","***","","8","","30.187","","-2.14","","6.80","","6.6",""
"2020100000","2020年度","43104","熊本県 熊本市 南区","","130,829","","132,433","","11,001","","***","","-","","***","","***","","-","","132,946","","-","","***","","16","","26.447","","2.39","","5.20","","11.5",""
"2020100000","2020年度","43105","熊本県 熊本市 北区","","139,833","","142,198","","11,534","","***","","-","","***","","***","","-","","177,192","","-","","***","","15","","28.864","","-2.30","","5.06","","7.2",""
"2020100000","2020年度","43202","熊本県 八代市","","123,067","","125,470","","68,136","","***","","137,540,481","","***","","***","","7,140","","269,371","","0.51","","***","","10","","34.234","","-3.46","","13.63","","6.5",""
"2020100000","2020年度","43203","熊本県 人吉市","","31,108","","31,559","","21,055","","***","","35,020,267","","***","","***","","1,370","","17,628","","0.45","","***","","9","","37.447","","-8.18","","7.26","","22.5",""
"2020100000","2020年度","43204","熊本県 荒尾市","","50,832","","51,646","","5,737","","***","","53,593,595","","***","","***","","1,340","","34,150","","0.49","","***","","5","","35.899","","-4.82","","3.89","","5.9",""
"2020100000","2020年度","43205","熊本県 水俣市","","23,557","","23,756","","16,329","","***","","23,590,242","","***","","***","","888","","35,205","","0.39","","***","","7","","40.854","","-7.30","","5.84","","21.2",""
"2020100000","2020年度","43206","熊本県 玉名市","","64,292","","65,474","","15,260","","***","","73,021,305","","***","","***","","6,290","","54,336","","0.45","","***","","5","","34.192","","-3.73","","16.80","","4.7",""
"2020100000","2020年度","43208","熊本県 山鹿市","","49,025","","50,800","","29,969","","***","","50,593,871","","***","","***","","6,910","","67,040","","0.34","","***","","6","","37.942","","-6.20","","15.43","","10.2",""
"2020100000","2020年度","43210","熊本県 菊池市","","46,416","","47,990","","27,685","","***","","50,072,834","","***","","***","","5,870","","201,754","","0.44","","***","","5","","34.055","","-3.64","","16.07","","8.6",""
"2020100000","2020年度","43211","熊本県 宇土市","","36,122","","36,923","","7,430","","***","","41,495,897","","***","","***","","1,820","","112,295","","0.54","","***","","1","","30.134","","-2.44","","7.87","","0.0",""
"2020100000","2020年度","43212","熊本県 上天草市","","24,563","","26,254","","12,694","","***","","24,594,675","","***","","***","","1,160","","10,800","","0.26","","***","","1","","42.018","","-9.05","","11.92","","4.1",""
"2020100000","2020年度","43213","熊本県 宇城市","","57,032","","58,351","","18,861","","***","","62,211,873","","***","","***","","5,600","","151,078","","0.41","","***","","8","","34.926","","-4.56","","15.13","","12.3",""
"2020100000","2020年度","43214","熊本県 阿蘇市","","24,930","","25,484","","37,630","","***","","26,908,879","","***","","***","","9,170","","80,185","","0.37","","***","","4","","40.317","","-7.73","","18.62","","12.0",""
"2020100000","2020年度","43215","熊本県 天草市","","75,783","","78,252","","68,382","","***","","74,921,959","","***","","***","","4,940","","29,503","","0.27","","***","","14","","40.921","","-8.41","","12.24","","14.5",""
"2020100000","2020年度","43216","熊本県 合志市","","61,772","","63,033","","5,319","","***","","80,918,998","","***","","***","","2,130","","404,748","","0.68","","***","","5","","24.218","","5.83","","4.31","","6.5",""
"2020100000","2020年度","43348","熊本県 美里町","","9,392","","9,663","","14,400","","***","","8,293,420","","***","","***","","1,170","","3,487","","0.24","","***","","2","","47.019","","-9.11","","13.54","","21.3",""
"2020100000","2020年度","43364","熊本県 玉東町","","5,045","","5,248","","2,433","","***","","4,847,429","","***","","***","","750","","3,680","","0.32","","***","","0","","36.333","","-4.18","","21.48","","0.0",""
"2020100000","2020年度","43367","熊本県 南関町","","8,979","","9,450","","6,892","","***","","8,671,408","","***","","***","","1,420","","105,146","","0.41","","***","","0","","39.303","","-8.25","","14.31","","0.0",""
"2020100000","2020年度","43368","熊本県 長洲町","","15,372","","15,905","","1,944","","***","","16,125,746","","***","","***","","680","","144,352","","0.55","","***","","1","","35.727","","-3.25","","5.32","","6.5",""
"2020100000","2020年度","43369","熊本県 和水町","","9,342","","9,692","","9,878","","***","","8,789,475","","***","","***","","1,950","","24,403","","0.25","","***","","1","","42.400","","-8.33","","19.01","","10.7",""
"2020100000","2020年度","43403","熊本県 大津町","","35,187","","35,394","","9,910","","***","","45,636,623","","***","","***","","2,190","","211,780","","0.77","","***","","1","","21.690","","5.19","","6.98","","2.8",""
"2020100000","2020年度","43404","熊本県 菊陽町","","43,337","","42,841","","3,746","","***","","62,962,392","","***","","***","","1,430","","170,400","","1.00","","***","","5","","20.867","","5.74","","4.18","","9.2",""
"2020100000","2020年度","43423","熊本県 南小国町","","3,750","","3,927","","11,590","","***","","3,763,183","","***","","***","","1,010","","921","","0.22","","***","","0","","40.293","","-7.36","","18.93","","0.0",""
"2020100000","2020年度","43424","熊本県 小国町","","6,590","","6,910","","13,694","","***","","6,438,500","","***","","***","","1,520","","2,591","","0.25","","***","","1","","42.109","","-8.31","","15.99","","15.2",""
"2020100000","2020年度","43425","熊本県 産山村","","1,382","","1,442","","6,081","","***","","1,214,576","","***","","***","","927","","0","","0.17","","***","","0","","42.836","","-8.48","","41.53","","0.0",""
"2020100000","2020年度","43428","熊本県 高森町","","5,789","","6,253","","17,506","","***","","5,680,707","","***","","***","","2,400","","7,665","","0.25","","***","","0","","43.237","","-8.47","","21.43","","0.0",""
"2020100000","2020年度","43432","熊本県 西原村","","6,426","","6,749","","7,722","","***","","7,269,050","","***","","***","","1,140","","37,075","","0.39","","***","","0","","31.528","","-5.53","","16.00","","0.0",""
"2020100000","2020年度","43433","熊本県 南阿蘇村","","9,836","","10,373","","13,732","","***","","9,320,947","","***","","***","","3,180","","4,853","","0.25","","***","","1","","42.710","","-14.49","","21.04","","10.2",""
"2020100000","2020年度","43441","熊本県 御船町","","16,303","","16,975","","9,903","","***","","16,730,802","","***","","***","","1,400","","11,562","","0.37","","***","","1","","34.736","","-5.42","","8.87","","0.0",""
"2020100000","2020年度","43442","熊本県 嘉島町","","9,547","","9,766","","1,665","","***","","12,174,679","","***","","***","","787","","33,753","","0.70","","***","","2","","26.511","","5.45","","7.30","","20.9",""
"2020100000","2020年度","43443","熊本県 益城町","","32,510","","33,357","","6,568","","***","","36,993,779","","***","","***","","2,240","","64,768","","0.56","","***","","3","","29.966","","-3.28","","7.17","","6.2",""
"2020100000","2020年度","43444","熊本県 甲佐町","","10,132","","10,445","","5,793","","***","","9,212,298","","***","","***","","1,200","","11,249","","0.32","","***","","2","","39.351","","-5.46","","14.41","","19.7",""
"2020100000","2020年度","43447","熊本県 山都町","","13,503","","14,367","","54,467","","***","","11,352,001","","***","","***","","4,970","","6,175","","0.22","","***","","4","","50.144","","-10.87","","37.47","","29.6",""
"2020100000","2020年度","43468","熊本県 氷川町","","11,094","","11,551","","3,336","","***","","11,006,206","","***","","***","","1,560","","643","","0.29","","***","","1","","38.742","","-7.50","","27.80","","9.0",""
"2020100000","2020年度","43482","熊本県 芦北町","","15,681","","16,556","","23,401","","***","","14,195,373","","***","","***","","1,440","","11,910","","0.35","","***","","3","","44.799","","-11.21","","15.31","","19.1",""
"2020100000","2020年度","43484","熊本県 津奈木町","","4,254","","4,460","","3,408","","***","","3,512,277","","***","","***","","289","","2,495","","0.23","","***","","0","","42.078","","-8.97","","16.42","","0.0",""
"2020100000","2020年度","43501","熊本県 錦町","","10,288","","10,549","","8,504","","***","","9,762,590","","***","","***","","1,620","","27,312","","0.40","","***","","0","","33.243","","-4.44","","18.82","","0.0",""
"2020100000","2020年度","43505","熊本県 多良木町","","9,076","","9,227","","16,586","","***","","8,754,008","","***","","***","","1,650","","5,342","","0.24","","***","","1","","42.739","","-7.30","","21.05","","11.0",""
"2020100000","2020年度","43506","熊本県 湯前町","","3,627","","3,752","","4,837","","***","","2,925,845","","***","","***","","577","","2,560","","0.17","","***","","0","","44.141","","-8.98","","23.29","","0.0",""
"2020100000","2020年度","43507","熊本県 水上村","","2,033","","2,135","","19,096","","***","","1,615,239","","***","","***","","369","","1,393","","0.16","","***","","0","","44.368","","-8.92","","28.32","","0.0",""
"2020100000","2020年度","43510","熊本県 相良村","","4,070","","4,260","","9,454","","***","","3,752,983","","***","","***","","764","","9,527","","0.20","","***","","0","","43.096","","-8.91","","20.50","","0.0",""
"2020100000","2020年度","43511","熊本県 五木村","","931","","1,033","","25,292","","***","","961,538","","***","","***","","76","","325","","0.22","","***","","0","","47.905","","-11.75","","18.26","","0.0",""
"2020100000","2020年度","43512","熊本県 山江村","","3,238","","3,404","","12,119","","***","","2,722,085","","***","","***","","416","","563","","0.15","","***","","0","","36.072","","-5.38","","17.65","","0.0",""
"2020100000","2020年度","43513","熊本県 球磨村","","2,433","","3,368","","20,758","","***","","2,602,467","","***","","***","","562","","201","","0.15","","***","","0","","44.677","","-34.21","","19.12","","0.0",""
"2020100000","2020年度","43514","熊本県 あさぎり町","","14,676","","15,098","","15,956","","***","","13,837,452","","***","","***","","2,930","","13,402","","0.24","","***","","1","","38.382","","-5.46","","22.26","","6.8",""
"2020100000","2020年度","43531","熊本県 苓北町","","7,114","","6,971","","6,758","","***","","6,534,477","","***","","***","","630","","1,518","","0.48","","***","","3","","43.168","","-8.08","","15.00","","42.2",""
"2019100000","2019年度","43100","熊本県 熊本市","","***","","733,721","","39,032","","6,326","","1,034,810,683","","***","","***","","11,400","","458,054","","0.70","","***","","95","","***","","***","","***","","***",""
"2019100000","2019年度","43101","熊本県 熊本市 中央区","","***","","177,694","","2,545","","193","","-","","***","","***","","-","","13,843","","-","","***","","39","","***","","***","","***","","***",""
"2019100000","2019年度","43102","熊本県 熊本市 東区","","***","","190,464","","5,019","","243","","-","","***","","***","","-","","84,851","","-","","***","","17","","***","","***","","***","","***",""
"2019100000","2019年度","43103","熊本県 熊本市 西区","","***","","90,508","","8,933","","2,315","","-","","***","","***","","-","","22,512","","-","","***","","8","","***","","***","","***","","***",""
"2019100000","2019年度","43104","熊本県 熊本市 南区","","***","","131,908","","11,001","","950","","-","","***","","***","","-","","145,368","","-","","***","","16","","***","","***","","***","","***",""
"2019100000","2019年度","43105","熊本県 熊本市 北区","","***","","143,147","","11,534","","2,625","","-","","***","","***","","-","","191,481","","-","","***","","15","","***","","***","","***","","***",""
"2019100000","2019年度","43202","熊本県 八代市","","***","","126,667","","68,136","","49,820","","136,733,260","","***","","***","","7,260","","275,322","","0.50","","***","","10","","***","","***","","***","","***",""
"2019100000","2019年度","43203","熊本県 人吉市","","***","","32,282","","21,055","","15,782","","34,922,651","","***","","***","","1,500","","19,058","","0.44","","***","","11","","***","","***","","***","","***",""
"2019100000","2019年度","43204","熊本県 荒尾市","","***","","52,252","","5,737","","912","","52,562,126","","***","","***","","1,420","","38,348","","0.49","","***","","5","","***","","***","","***","","***",""
"2019100000","2019年度","43205","熊本県 水俣市","","***","","24,275","","16,329","","12,065","","23,949,465","","***","","***","","930","","42,129","","0.38","","***","","8","","***","","***","","***","","***",""
"2019100000","2019年度","43206","熊本県 玉名市","","***","","66,223","","15,260","","2,580","","72,143,314","","***","","***","","6,340","","57,806","","0.44","","***","","5","","***","","***","","***","","***",""
"2019100000","2019年度","43208","熊本県 山鹿市","","***","","51,599","","29,969","","15,440","","50,675,073","","***","","***","","6,960","","73,211","","0.34","","***","","6","","***","","***","","***","","***",""
"2019100000","2019年度","43210","熊本県 菊池市","","***","","48,592","","27,685","","15,079","","49,482,192","","***","","***","","5,900","","201,520","","0.43","","***","","5","","***","","***","","***","","***",""
"2019100000","2019年度","43211","熊本県 宇土市","","***","","37,043","","7,430","","2,844","","40,258,870","","***","","***","","1,840","","75,230","","0.52","","***","","1","","***","","***","","***","","***",""
"2019100000","2019年度","43212","熊本県 上天草市","","***","","26,756","","12,694","","7,605","","24,366,847","","***","","***","","1,190","","12,116","","0.25","","***","","1","","***","","***","","***","","***",""
"2019100000","2019年度","43213","熊本県 宇城市","","***","","58,941","","18,861","","5,949","","61,448,008","","***","","***","","5,620","","130,226","","0.41","","***","","8","","***","","***","","***","","***",""
"2019100000","2019年度","43214","熊本県 阿蘇市","","***","","25,924","","37,630","","21,109","","27,124,389","","***","","***","","9,260","","90,257","","0.36","","***","","4","","***","","***","","***","","***",""
"2019100000","2019年度","43215","熊本県 天草市","","***","","79,694","","68,382","","46,202","","75,348,927","","***","","***","","5,070","","29,854","","0.27","","***","","14","","***","","***","","***","","***",""
"2019100000","2019年度","43216","熊本県 合志市","","***","","62,640","","5,319","","630","","79,723,407","","***","","***","","2,160","","432,026","","0.68","","***","","5","","***","","***","","***","","***",""
"2019100000","2019年度","43348","熊本県 美里町","","***","","9,903","","14,400","","10,402","","8,373,186","","***","","***","","1,210","","3,501","","0.24","","***","","2","","***","","***","","***","","***",""
"2019100000","2019年度","43364","熊本県 玉東町","","***","","5,240","","2,433","","761","","4,992,917","","***","","***","","767","","2,232","","0.31","","***","","0","","***","","***","","***","","***",""
"2019100000","2019年度","43367","熊本県 南関町","","***","","9,633","","6,892","","3,382","","8,748,063","","***","","***","","1,460","","82,423","","0.41","","***","","0","","***","","***","","***","","***",""
"2019100000","2019年度","43368","熊本県 長洲町","","***","","16,075","","1,944","","34","","15,810,775","","***","","***","","677","","159,690","","0.55","","***","","1","","***","","***","","***","","***",""
"2019100000","2019年度","43369","熊本県 和水町","","***","","9,848","","9,878","","5,160","","9,071,690","","***","","***","","1,960","","25,676","","0.25","","***","","1","","***","","***","","***","","***",""
"2019100000","2019年度","43403","熊本県 大津町","","***","","35,125","","9,910","","4,634","","44,605,649","","***","","***","","2,190","","239,477","","0.77","","***","","2","","***","","***","","***","","***",""
"2019100000","2019年度","43404","熊本県 菊陽町","","***","","42,306","","3,746","","427","","62,577,226","","***","","***","","1,430","","149,671","","0.98","","***","","4","","***","","***","","***","","***",""
"2019100000","2019年度","43423","熊本県 南小国町","","***","","4,019","","11,590","","9,273","","3,625,308","","***","","***","","1,040","","790","","0.21","","***","","0","","***","","***","","***","","***",""
"2019100000","2019年度","43424","熊本県 小国町","","***","","7,036","","13,694","","10,596","","6,495,682","","***","","***","","1,550","","2,045","","0.24","","***","","1","","***","","***","","***","","***",""
"2019100000","2019年度","43425","熊本県 産山村","","***","","1,512","","6,081","","4,220","","1,195,544","","***","","***","","938","","0","","0.16","","***","","0","","***","","***","","***","","***",""
"2019100000","2019年度","43428","熊本県 高森町","","***","","6,374","","17,506","","11,714","","5,722,841","","***","","***","","2,420","","6,246","","0.24","","***","","0","","***","","***","","***","","***",""
"2019100000","2019年度","43432","熊本県 西原村","","***","","6,764","","7,722","","4,253","","9,210,467","","***","","***","","1,130","","34,075","","0.42","","***","","0","","***","","***","","***","","***",""
"2019100000","2019年度","43433","熊本県 南阿蘇村","","***","","10,444","","13,732","","7,417","","9,318,588","","***","","***","","3,180","","4,754","","0.26","","***","","1","","***","","***","","***","","***",""
"2019100000","2019年度","43441","熊本県 御船町","","***","","16,892","","9,903","","5,554","","16,331,915","","***","","***","","1,450","","10,235","","0.37","","***","","1","","***","","***","","***","","***",""
"2019100000","2019年度","43442","熊本県 嘉島町","","***","","9,537","","1,665","","0","","11,919,106","","***","","***","","806","","37,537","","0.69","","***","","2","","***","","***","","***","","***",""
"2019100000","2019年度","43443","熊本県 益城町","","***","","33,099","","6,568","","1,976","","33,430,929","","***","","***","","2,240","","63,018","","0.56","","***","","3","","***","","***","","***","","***",""
"2019100000","2019年度","43444","熊本県 甲佐町","","***","","10,587","","5,793","","2,551","","9,022,118","","***","","***","","1,210","","12,106","","0.31","","***","","2","","***","","***","","***","","***",""
"2019100000","2019年度","43447","熊本県 山都町","","***","","14,677","","54,467","","39,032","","11,870,969","","***","","***","","5,030","","4,878","","0.22","","***","","4","","***","","***","","***","","***",""
"2019100000","2019年度","43468","熊本県 氷川町","","***","","11,791","","3,336","","333","","11,163,393","","***","","***","","1,570","","719","","0.29","","***","","1","","***","","***","","***","","***",""
"2019100000","2019年度","43482","熊本県 芦北町","","***","","16,983","","23,400","","18,268","","14,228,181","","***","","***","","1,520","","15,263","","0.34","","***","","3","","***","","***","","***","","***",""
"2019100000","2019年度","43484","熊本県 津奈木町","","***","","4,545","","3,408","","2,181","","3,417,321","","***","","***","","300","","2,303","","0.23","","***","","0","","***","","***","","***","","***",""
"2019100000","2019年度","43501","熊本県 錦町","","***","","10,552","","8,504","","4,804","","9,613,102","","***","","***","","1,660","","33,296","","0.40","","***","","0","","***","","***","","***","","***",""
"2019100000","2019年度","43505","熊本県 多良木町","","***","","9,429","","16,586","","13,148","","8,964,123","","***","","***","","1,670","","5,979","","0.24","","***","","1","","***","","***","","***","","***",""
"2019100000","2019年度","43506","熊本県 湯前町","","***","","3,809","","4,837","","3,545","","3,031,145","","***","","***","","581","","2,345","","0.17","","***","","0","","***","","***","","***","","***",""
"2019100000","2019年度","43507","熊本県 水上村","","***","","2,166","","19,096","","17,516","","1,582,965","","***","","***","","380","","1,380","","0.15","","***","","0","","***","","***","","***","","***",""
"2019100000","2019年度","43510","熊本県 相良村","","***","","4,398","","9,454","","6,928","","3,675,348","","***","","***","","795","","1,670","","0.20","","***","","0","","***","","***","","***","","***",""
"2019100000","2019年度","43511","熊本県 五木村","","***","","1,069","","25,292","","23,833","","962,902","","***","","***","","78","","428","","0.22","","***","","0","","***","","***","","***","","***",""
"2019100000","2019年度","43512","熊本県 山江村","","***","","3,442","","12,119","","10,487","","2,682,459","","***","","***","","438","","854","","0.15","","***","","0","","***","","***","","***","","***",""
"2019100000","2019年度","43513","熊本県 球磨村","","***","","3,585","","20,758","","18,135","","2,639,087","","***","","***","","603","","382","","0.14","","***","","0","","***","","***","","***","","***",""
"2019100000","2019年度","43514","熊本県 あさぎり町","","***","","15,302","","15,956","","10,571","","16,037,386","","***","","***","","2,940","","12,207","","0.23","","***","","1","","***","","***","","***","","***",""
"2019100000","2019年度","43531","熊本県 苓北町","","***","","7,129","","6,758","","4,157","","6,486,200","","***","","***","","641","","1,973","","0.50","","***","","3","","***","","***","","***","","***",""
"2018100000","2018年度","43100","熊本県 熊本市","","***","","734,105","","39,032","","***","","1,003,646,903","","***","","***","","11,500","","458,763","","0.71","","***","","95","","***","","***","","***","","***",""
"2018100000","2018年度","43101","熊本県 熊本市 中央区","","***","","178,219","","2,545","","***","","-","","***","","***","","-","","13,257","","-","","***","","39","","***","","***","","***","","***",""
"2018100000","2018年度","43102","熊本県 熊本市 東区","","***","","189,873","","5,019","","***","","-","","***","","***","","-","","87,966","","-","","***","","17","","***","","***","","***","","***",""
"2018100000","2018年度","43103","熊本県 熊本市 西区","","***","","91,091","","8,933","","***","","-","","***","","***","","-","","22,872","","-","","***","","8","","***","","***","","***","","***",""
"2018100000","2018年度","43104","熊本県 熊本市 南区","","***","","130,932","","11,001","","***","","-","","***","","***","","-","","141,367","","-","","***","","16","","***","","***","","***","","***",""
"2018100000","2018年度","43105","熊本県 熊本市 北区","","***","","143,990","","11,534","","***","","-","","***","","***","","-","","193,300","","-","","***","","15","","***","","***","","***","","***",""
"2018100000","2018年度","43202","熊本県 八代市","","***","","128,001","","68,136","","***","","135,391,005","","***","","***","","7,350","","268,873","","0.50","","***","","11","","***","","***","","***","","***",""
"2018100000","2018年度","43203","熊本県 人吉市","","***","","32,664","","21,055","","***","","34,681,277","","***","","***","","1,520","","20,035","","0.44","","***","","11","","***","","***","","***","","***",""
"2018100000","2018年度","43204","熊本県 荒尾市","","***","","52,822","","5,737","","***","","52,655,754","","***","","***","","1,420","","38,650","","0.48","","***","","5","","***","","***","","***","","***",""
"2018100000","2018年度","43205","熊本県 水俣市","","***","","24,705","","16,329","","***","","23,739,604","","***","","***","","953","","43,338","","0.37","","***","","8","","***","","***","","***","","***",""
"2018100000","2018年度","43206","熊本県 玉名市","","***","","66,627","","15,260","","***","","72,318,525","","***","","***","","6,410","","59,939","","0.44","","***","","5","","***","","***","","***","","***",""
"2018100000","2018年度","43208","熊本県 山鹿市","","***","","52,244","","29,969","","***","","51,131,898","","***","","***","","6,980","","74,410","","0.33","","***","","6","","***","","***","","***","","***",""
"2018100000","2018年度","43210","熊本県 菊池市","","***","","49,078","","27,685","","***","","48,973,536","","***","","***","","5,940","","195,001","","0.44","","***","","5","","***","","***","","***","","***",""
"2018100000","2018年度","43211","熊本県 宇土市","","***","","37,345","","7,430","","***","","40,304,431","","***","","***","","1,850","","79,289","","0.52","","***","","1","","***","","***","","***","","***",""
"2018100000","2018年度","43212","熊本県 上天草市","","***","","27,311","","12,694","","***","","24,452,242","","***","","***","","1,210","","12,433","","0.25","","***","","1","","***","","***","","***","","***",""
"2018100000","2018年度","43213","熊本県 宇城市","","***","","59,478","","18,861","","***","","59,715,367","","***","","***","","5,640","","121,322","","0.40","","***","","8","","***","","***","","***","","***",""
"2018100000","2018年度","43214","熊本県 阿蘇市","","***","","26,433","","37,630","","***","","26,412,925","","***","","***","","9,240","","88,719","","0.36","","***","","4","","***","","***","","***","","***",""
"2018100000","2018年度","43215","熊本県 天草市","","***","","81,177","","68,387","","***","","73,824,853","","***","","***","","5,170","","29,821","","0.27","","***","","14","","***","","***","","***","","***",""
"2018100000","2018年度","43216","熊本県 合志市","","***","","62,215","","5,319","","***","","77,087,375","","***","","***","","2,190","","405,944","","0.67","","***","","5","","***","","***","","***","","***",""
"2018100000","2018年度","43348","熊本県 美里町","","***","","10,111","","14,400","","***","","8,303,260","","***","","***","","1,210","","3,700","","0.24","","***","","3","","***","","***","","***","","***",""
"2018100000","2018年度","43364","熊本県 玉東町","","***","","5,298","","2,433","","***","","4,848,832","","***","","***","","769","","2,409","","0.29","","***","","0","","***","","***","","***","","***",""
"2018100000","2018年度","43367","熊本県 南関町","","***","","9,797","","6,892","","***","","8,655,925","","***","","***","","1,460","","90,746","","0.40","","***","","0","","***","","***","","***","","***",""
"2018100000","2018年度","43368","熊本県 長洲町","","***","","16,113","","1,944","","***","","16,560,615","","***","","***","","675","","152,062","","0.55","","***","","1","","***","","***","","***","","***",""
"2018100000","2018年度","43369","熊本県 和水町","","***","","10,074","","9,878","","***","","8,832,174","","***","","***","","1,980","","25,034","","0.24","","***","","1","","***","","***","","***","","***",""
"2018100000","2018年度","43403","熊本県 大津町","","***","","34,788","","9,910","","***","","42,575,730","","***","","***","","2,190","","272,488","","0.74","","***","","2","","***","","***","","***","","***",""
"2018100000","2018年度","43404","熊本県 菊陽町","","***","","41,976","","3,746","","***","","59,220,772","","***","","***","","1,440","","141,516","","0.96","","***","","4","","***","","***","","***","","***",""
"2018100000","2018年度","43423","熊本県 南小国町","","***","","4,080","","11,590","","***","","3,498,540","","***","","***","","1,040","","868","","0.21","","***","","0","","***","","***","","***","","***",""
"2018100000","2018年度","43424","熊本県 小国町","","***","","7,136","","13,694","","***","","12,315,818","","***","","***","","1,570","","1,656","","0.24","","***","","1","","***","","***","","***","","***",""
"2018100000","2018年度","43425","熊本県 産山村","","***","","1,517","","6,081","","***","","1,136,544","","***","","***","","936","","X","","0.16","","***","","0","","***","","***","","***","","***",""
"2018100000","2018年度","43428","熊本県 高森町","","***","","6,458","","17,506","","***","","5,540,121","","***","","***","","2,430","","8,005","","0.24","","***","","0","","***","","***","","***","","***",""
"2018100000","2018年度","43432","熊本県 西原村","","***","","6,764","","7,722","","***","","7,604,553","","***","","***","","1,130","","38,475","","0.42","","***","","0","","***","","***","","***","","***",""
"2018100000","2018年度","43433","熊本県 南阿蘇村","","***","","10,619","","13,732","","***","","8,660,978","","***","","***","","3,150","","5,297","","0.27","","***","","1","","***","","***","","***","","***",""
"2018100000","2018年度","43441","熊本県 御船町","","***","","17,013","","9,903","","***","","15,440,478","","***","","***","","1,450","","10,848","","0.38","","***","","1","","***","","***","","***","","***",""
"2018100000","2018年度","43442","熊本県 嘉島町","","***","","9,426","","1,665","","***","","10,975,410","","***","","***","","812","","35,977","","0.68","","***","","2","","***","","***","","***","","***",""
"2018100000","2018年度","43443","熊本県 益城町","","***","","32,967","","6,568","","***","","30,521,415","","***","","***","","2,260","","63,656","","0.56","","***","","4","","***","","***","","***","","***",""
"2018100000","2018年度","43444","熊本県 甲佐町","","***","","10,654","","5,793","","***","","8,637,703","","***","","***","","1,190","","12,398","","0.31","","***","","2","","***","","***","","***","","***",""
"2018100000","2018年度","43447","熊本県 山都町","","***","","15,027","","54,467","","***","","11,432,720","","***","","***","","5,070","","4,833","","0.21","","***","","4","","***","","***","","***","","***",""
"2018100000","2018年度","43468","熊本県 氷川町","","***","","11,934","","3,336","","***","","10,987,697","","***","","***","","1,600","","869","","0.28","","***","","1","","***","","***","","***","","***",""
"2018100000","2018年度","43482","熊本県 芦北町","","***","","17,421","","23,400","","***","","13,993,566","","***","","***","","1,560","","17,539","","0.33","","***","","3","","***","","***","","***","","***",""
"2018100000","2018年度","43484","熊本県 津奈木町","","***","","4,614","","3,408","","***","","3,403,811","","***","","***","","305","","2,249","","0.22","","***","","0","","***","","***","","***","","***",""
"2018100000","2018年度","43501","熊本県 錦町","","***","","10,671","","8,504","","***","","9,468,344","","***","","***","","1,700","","29,303","","0.40","","***","","0","","***","","***","","***","","***",""
"2018100000","2018年度","43505","熊本県 多良木町","","***","","9,591","","16,586","","***","","8,734,050","","***","","***","","1,690","","6,378","","0.23","","***","","1","","***","","***","","***","","***",""
"2018100000","2018年度","43506","熊本県 湯前町","","***","","3,953","","4,837","","***","","3,008,374","","***","","***","","593","","2,542","","0.17","","***","","0","","***","","***","","***","","***",""
"2018100000","2018年度","43507","熊本県 水上村","","***","","2,221","","19,096","","***","","1,554,487","","***","","***","","392","","1,415","","0.15","","***","","0","","***","","***","","***","","***",""
"2018100000","2018年度","43510","熊本県 相良村","","***","","4,485","","9,454","","***","","3,644,837","","***","","***","","797","","1,703","","0.19","","***","","0","","***","","***","","***","","***",""
"2018100000","2018年度","43511","熊本県 五木村","","***","","1,092","","25,292","","***","","1,028,610","","***","","***","","90","","406","","0.20","","***","","0","","***","","***","","***","","***",""
"2018100000","2018年度","43512","熊本県 山江村","","***","","3,514","","12,119","","***","","2,586,920","","***","","***","","469","","798","","0.14","","***","","0","","***","","***","","***","","***",""
"2018100000","2018年度","43513","熊本県 球磨村","","***","","3,699","","20,758","","***","","2,623,794","","***","","***","","639","","X","","0.14","","***","","0","","***","","***","","***","","***",""
"2018100000","2018年度","43514","熊本県 あさぎり町","","***","","15,571","","15,956","","***","","13,773,607","","***","","***","","2,970","","12,433","","0.23","","***","","1","","***","","***","","***","","***",""
"2018100000","2018年度","43531","熊本県 苓北町","","***","","7,290","","6,758","","***","","6,557,253","","***","","***","","649","","2,512","","0.50","","***","","3","","***","","***","","***","","***",""
"2017100000","2017年度","43100","熊本県 熊本市","","***","","734,317","","39,032","","***","","933,759,310","","***","","***","","11,500","","467,396","","0.72","","***","","94","","***","","***","","***","","***",""
"2017100000","2017年度","43101","熊本県 熊本市 中央区","","***","","178,099","","2,545","","***","","-","","***","","***","","-","","13,761","","-","","***","","39","","***","","***","","***","","***",""
"2017100000","2017年度","43102","熊本県 熊本市 東区","","***","","189,165","","5,019","","***","","-","","***","","***","","-","","85,471","","-","","***","","17","","***","","***","","***","","***",""
"2017100000","2017年度","43103","熊本県 熊本市 西区","","***","","91,799","","8,933","","***","","-","","***","","***","","-","","26,640","","-","","***","","7","","***","","***","","***","","***",""
"2017100000","2017年度","43104","熊本県 熊本市 南区","","***","","130,395","","11,001","","***","","-","","***","","***","","-","","137,071","","-","","***","","16","","***","","***","","***","","***",""
"2017100000","2017年度","43105","熊本県 熊本市 北区","","***","","144,859","","11,534","","***","","-","","***","","***","","-","","204,454","","-","","***","","15","","***","","***","","***","","***",""
"2017100000","2017年度","43202","熊本県 八代市","","***","","129,029","","68,136","","***","","132,764,354","","***","","***","","7,390","","264,440","","0.49","","***","","11","","***","","***","","***","","***",""
"2017100000","2017年度","43203","熊本県 人吉市","","***","","33,148","","21,055","","***","","33,928,469","","***","","***","","1,540","","19,886","","0.43","","***","","11","","***","","***","","***","","***",""
"2017100000","2017年度","43204","熊本県 荒尾市","","***","","53,432","","5,737","","***","","51,372,391","","***","","***","","1,440","","37,439","","0.47","","***","","5","","***","","***","","***","","***",""
"2017100000","2017年度","43205","熊本県 水俣市","","***","","25,102","","16,329","","***","","23,641,407","","***","","***","","960","","71,206","","0.37","","***","","8","","***","","***","","***","","***",""
"2017100000","2017年度","43206","熊本県 玉名市","","***","","67,261","","15,260","","***","","71,104,301","","***","","***","","6,400","","58,522","","0.44","","***","","5","","***","","***","","***","","***",""
"2017100000","2017年度","43208","熊本県 山鹿市","","***","","53,026","","29,969","","***","","49,131,121","","***","","***","","6,970","","79,983","","0.33","","***","","6","","***","","***","","***","","***",""
"2017100000","2017年度","43210","熊本県 菊池市","","***","","49,411","","27,685","","***","","48,052,070","","***","","***","","5,940","","164,924","","0.43","","***","","5","","***","","***","","***","","***",""
"2017100000","2017年度","43211","熊本県 宇土市","","***","","37,403","","7,430","","***","","37,911,532","","***","","***","","1,870","","74,466","","0.51","","***","","1","","***","","***","","***","","***",""
"2017100000","2017年度","43212","熊本県 上天草市","","***","","27,924","","12,694","","***","","23,997,077","","***","","***","","1,220","","10,624","","0.25","","***","","1","","***","","***","","***","","***",""
"2017100000","2017年度","43213","熊本県 宇城市","","***","","59,729","","18,861","","***","","57,421,302","","***","","***","","5,660","","127,267","","0.39","","***","","8","","***","","***","","***","","***",""
"2017100000","2017年度","43214","熊本県 阿蘇市","","***","","26,773","","37,630","","***","","24,860,172","","***","","***","","9,190","","100,156","","0.35","","***","","4","","***","","***","","***","","***",""
"2017100000","2017年度","43215","熊本県 天草市","","***","","82,560","","68,386","","***","","72,766,752","","***","","***","","5,270","","30,220","","0.27","","***","","14","","***","","***","","***","","***",""
"2017100000","2017年度","43216","熊本県 合志市","","***","","61,555","","5,319","","***","","71,874,316","","***","","***","","2,200","","378,429","","0.66","","***","","5","","***","","***","","***","","***",""
"2017100000","2017年度","43348","熊本県 美里町","","***","","10,360","","14,400","","***","","7,869,807","","***","","***","","1,210","","3,605","","0.24","","***","","3","","***","","***","","***","","***",""
"2017100000","2017年度","43364","熊本県 玉東町","","***","","5,321","","2,433","","***","","4,666,649","","***","","***","","769","","2,366","","0.29","","***","","0","","***","","***","","***","","***",""
"2017100000","2017年度","43367","熊本県 南関町","","***","","9,986","","6,892","","***","","8,520,832","","***","","***","","1,460","","85,649","","0.38","","***","","0","","***","","***","","***","","***",""
"2017100000","2017年度","43368","熊本県 長洲町","","***","","16,186","","1,943","","***","","15,853,234","","***","","***","","676","","173,113","","0.54","","***","","1","","***","","***","","***","","***",""
"2017100000","2017年度","43369","熊本県 和水町","","***","","10,327","","9,878","","***","","8,745,110","","***","","***","","1,960","","23,738","","0.23","","***","","1","","***","","***","","***","","***",""
"2017100000","2017年度","43403","熊本県 大津町","","***","","34,388","","9,910","","***","","39,710,898","","***","","***","","2,190","","244,282","","0.72","","***","","2","","***","","***","","***","","***",""
"2017100000","2017年度","43404","熊本県 菊陽町","","***","","41,320","","3,746","","***","","56,366,185","","***","","***","","1,440","","181,547","","0.93","","***","","4","","***","","***","","***","","***",""
"2017100000","2017年度","43423","熊本県 南小国町","","***","","4,126","","11,590","","***","","3,385,178","","***","","***","","1,050","","846","","0.21","","***","","0","","***","","***","","***","","***",""
"2017100000","2017年度","43424","熊本県 小国町","","***","","7,279","","13,694","","***","","5,961,073","","***","","***","","1,570","","2,017","","0.22","","***","","1","","***","","***","","***","","***",""
"2017100000","2017年度","43425","熊本県 産山村","","***","","1,523","","6,081","","***","","1,097,803","","***","","***","","937","","X","","0.14","","***","","0","","***","","***","","***","","***",""
"2017100000","2017年度","43428","熊本県 高森町","","***","","6,547","","17,506","","***","","5,434,729","","***","","***","","2,430","","6,829","","0.23","","***","","0","","***","","***","","***","","***",""
"2017100000","2017年度","43432","熊本県 西原村","","***","","6,755","","7,722","","***","","5,197,366","","***","","***","","1,110","","38,369","","0.42","","***","","0","","***","","***","","***","","***",""
"2017100000","2017年度","43433","熊本県 南阿蘇村","","***","","10,846","","13,732","","***","","7,877,044","","***","","***","","3,150","","4,540","","0.28","","***","","1","","***","","***","","***","","***",""
"2017100000","2017年度","43441","熊本県 御船町","","***","","17,183","","9,903","","***","","14,266,091","","***","","***","","1,410","","9,549","","0.38","","***","","1","","***","","***","","***","","***",""
"2017100000","2017年度","43442","熊本県 嘉島町","","***","","9,225","","1,665","","***","","9,477,952","","***","","***","","813","","30,284","","0.67","","***","","2","","***","","***","","***","","***",""
"2017100000","2017年度","43443","熊本県 益城町","","***","","33,054","","6,568","","***","","24,917,098","","***","","***","","2,270","","61,902","","0.56","","***","","4","","***","","***","","***","","***",""
"2017100000","2017年度","43444","熊本県 甲佐町","","***","","10,839","","5,793","","***","","7,689,741","","***","","***","","1,150","","12,099","","0.30","","***","","2","","***","","***","","***","","***",""
"2017100000","2017年度","43447","熊本県 山都町","","***","","15,442","","54,467","","***","","11,618,846","","***","","***","","5,100","","5,244","","0.20","","***","","4","","***","","***","","***","","***",""
"2017100000","2017年度","43468","熊本県 氷川町","","***","","12,114","","3,336","","***","","10,547,924","","***","","***","","1,610","","616","","0.29","","***","","1","","***","","***","","***","","***",""
"2017100000","2017年度","43482","熊本県 芦北町","","***","","17,789","","23,400","","***","","13,827,444","","***","","***","","1,580","","15,112","","0.32","","***","","3","","***","","***","","***","","***",""
"2017100000","2017年度","43484","熊本県 津奈木町","","***","","4,692","","3,407","","***","","3,302,603","","***","","***","","306","","1,806","","0.21","","***","","0","","***","","***","","***","","***",""
"2017100000","2017年度","43501","熊本県 錦町","","***","","10,882","","8,504","","***","","9,438,340","","***","","***","","1,710","","22,536","","0.39","","***","","0","","***","","***","","***","","***",""
"2017100000","2017年度","43505","熊本県 多良木町","","***","","9,775","","16,586","","***","","8,690,175","","***","","***","","1,710","","6,567","","0.23","","***","","1","","***","","***","","***","","***",""
"2017100000","2017年度","43506","熊本県 湯前町","","***","","4,030","","4,837","","***","","2,955,818","","***","","***","","596","","2,527","","0.16","","***","","0","","***","","***","","***","","***",""
"2017100000","2017年度","43507","熊本県 水上村","","***","","2,258","","19,096","","***","","1,530,030","","***","","***","","401","","1,403","","0.14","","***","","0","","***","","***","","***","","***",""
"2017100000","2017年度","43510","熊本県 相良村","","***","","4,554","","9,454","","***","","3,566,736","","***","","***","","800","","1,523","","0.18","","***","","0","","***","","***","","***","","***",""
"2017100000","2017年度","43511","熊本県 五木村","","***","","1,133","","25,292","","***","","1,033,337","","***","","***","","95","","X","","0.19","","***","","0","","***","","***","","***","","***",""
"2017100000","2017年度","43512","熊本県 山江村","","***","","3,542","","12,119","","***","","2,550,974","","***","","***","","481","","676","","0.14","","***","","0","","***","","***","","***","","***",""
"2017100000","2017年度","43513","熊本県 球磨村","","***","","3,839","","20,758","","***","","2,494,141","","***","","***","","654","","X","","0.13","","***","","0","","***","","***","","***","","***",""
"2017100000","2017年度","43514","熊本県 あさぎり町","","***","","15,787","","15,956","","***","","13,366,742","","***","","***","","2,980","","12,027","","0.23","","***","","1","","***","","***","","***","","***",""
"2017100000","2017年度","43531","熊本県 苓北町","","***","","7,412","","6,758","","***","","6,437,136","","***","","***","","655","","2,692","","0.51","","***","","3","","***","","***","","***","","***",""
"2016100000","2016年度","43100","熊本県 熊本市","","***","","733,844","","39,032","","***","","973,168,782","","***","","***","","11,600","","411,067","","0.72","","5","","94","","***","","***","","***","","***",""
"2016100000","2016年度","43101","熊本県 熊本市 中央区","","***","","176,968","","2,545","","***","","-","","***","","***","","-","","14,460","","-","","2","","39","","***","","***","","***","","***",""
"2016100000","2016年度","43102","熊本県 熊本市 東区","","***","","189,380","","5,019","","***","","-","","***","","***","","-","","80,179","","-","","1","","17","","***","","***","","***","","***",""
"2016100000","2016年度","43103","熊本県 熊本市 西区","","***","","92,311","","8,933","","***","","-","","***","","***","","-","","27,344","","-","","1","","7","","***","","***","","***","","***",""
"2016100000","2016年度","43104","熊本県 熊本市 南区","","***","","129,826","","11,001","","***","","-","","***","","***","","-","","121,765","","-","","1","","16","","***","","***","","***","","***",""
"2016100000","2016年度","43105","熊本県 熊本市 北区","","***","","145,359","","11,534","","***","","-","","***","","***","","-","","167,318","","-","","0","","15","","***","","***","","***","","***",""
"2016100000","2016年度","43202","熊本県 八代市","","***","","129,922","","68,136","","***","","129,246,284","","***","","***","","7,420","","246,380","","0.49","","2","","11","","***","","***","","***","","***",""
"2016100000","2016年度","43203","熊本県 人吉市","","***","","33,616","","21,055","","***","","33,936,147","","***","","***","","1,550","","20,223","","0.43","","1","","11","","***","","***","","***","","***",""
"2016100000","2016年度","43204","熊本県 荒尾市","","***","","53,961","","5,737","","***","","50,786,256","","***","","***","","1,470","","34,706","","0.46","","1","","5","","***","","***","","***","","***",""
"2016100000","2016年度","43205","熊本県 水俣市","","***","","25,493","","16,329","","***","","23,543,158","","***","","***","","976","","72,713","","0.36","","1","","8","","***","","***","","***","","***",""
"2016100000","2016年度","43206","熊本県 玉名市","","***","","67,605","","15,260","","***","","69,095,614","","***","","***","","6,410","","57,599","","0.44","","1","","5","","***","","***","","***","","***",""
"2016100000","2016年度","43208","熊本県 山鹿市","","***","","53,645","","29,969","","***","","48,014,386","","***","","***","","6,980","","79,025","","0.33","","0","","6","","***","","***","","***","","***",""
"2016100000","2016年度","43210","熊本県 菊池市","","***","","49,711","","27,685","","***","","46,384,494","","***","","***","","5,950","","157,288","","0.43","","0","","5","","***","","***","","***","","***",""
"2016100000","2016年度","43211","熊本県 宇土市","","***","","37,598","","7,430","","***","","37,794,260","","***","","***","","1,890","","63,303","","0.51","","0","","1","","***","","***","","***","","***",""
"2016100000","2016年度","43212","熊本県 上天草市","","***","","28,520","","12,691","","***","","23,616,496","","***","","***","","1,240","","11,828","","0.25","","0","","1","","***","","***","","***","","***",""
"2016100000","2016年度","43213","熊本県 宇城市","","***","","60,297","","18,861","","***","","57,693,441","","***","","***","","5,700","","112,647","","0.39","","1","","8","","***","","***","","***","","***",""
"2016100000","2016年度","43214","熊本県 阿蘇市","","***","","27,204","","37,630","","***","","25,586,690","","***","","***","","9,170","","97,877","","0.36","","0","","4","","***","","***","","***","","***",""
"2016100000","2016年度","43215","熊本県 天草市","","***","","84,067","","68,386","","***","","71,918,107","","***","","***","","5,400","","29,785","","0.27","","1","","14","","***","","***","","***","","***",""
"2016100000","2016年度","43216","熊本県 合志市","","***","","60,701","","5,319","","***","","71,471,882","","***","","***","","2,220","","328,678","","0.64","","0","","5","","***","","***","","***","","***",""
"2016100000","2016年度","43348","熊本県 美里町","","***","","10,586","","14,400","","***","","7,800,646","","***","","***","","1,210","","3,330","","0.25","","0","","3","","***","","***","","***","","***",""
"2016100000","2016年度","43364","熊本県 玉東町","","***","","5,397","","2,433","","***","","4,611,730","","***","","***","","785","","2,354","","0.27","","0","","0","","***","","***","","***","","***",""
"2016100000","2016年度","43367","熊本県 南関町","","***","","10,138","","6,892","","***","","8,248,963","","***","","***","","1,490","","75,112","","0.37","","0","","0","","***","","***","","***","","***",""
"2016100000","2016年度","43368","熊本県 長洲町","","***","","16,301","","1,943","","***","","15,514,498","","***","","***","","680","","181,511","","0.54","","0","","1","","***","","***","","***","","***",""
"2016100000","2016年度","43369","熊本県 和水町","","***","","10,568","","9,878","","***","","9,343,145","","***","","***","","1,970","","25,878","","0.23","","0","","1","","***","","***","","***","","***",""
"2016100000","2016年度","43403","熊本県 大津町","","***","","34,228","","9,910","","***","","40,158,821","","***","","***","","2,110","","201,934","","0.70","","1","","2","","***","","***","","***","","***",""
"2016100000","2016年度","43404","熊本県 菊陽町","","***","","41,026","","3,746","","***","","54,828,836","","***","","***","","1,430","","257,524","","0.92","","3","","4","","***","","***","","***","","***",""
"2016100000","2016年度","43423","熊本県 南小国町","","***","","4,205","","11,590","","***","","3,417,151","","***","","***","","1,040","","885","","0.21","","0","","0","","***","","***","","***","","***",""
"2016100000","2016年度","43424","熊本県 小国町","","***","","7,420","","13,694","","***","","5,856,959","","***","","***","","1,590","","1,804","","0.22","","0","","1","","***","","***","","***","","***",""
"2016100000","2016年度","43425","熊本県 産山村","","***","","1,549","","6,081","","***","","1,063,016","","***","","***","","946","","X","","0.14","","0","","0","","***","","***","","***","","***",""
"2016100000","2016年度","43428","熊本県 高森町","","***","","6,662","","17,506","","***","","5,231,196","","***","","***","","2,440","","6,374","","0.23","","0","","0","","***","","***","","***","","***",""
"2016100000","2016年度","43432","熊本県 西原村","","***","","6,845","","7,722","","***","","7,662,250","","***","","***","","1,110","","21,868","","0.41","","0","","0","","***","","***","","***","","***",""
"2016100000","2016年度","43433","熊本県 南阿蘇村","","***","","11,115","","13,732","","***","","9,596,641","","***","","***","","2,940","","3,841","","0.29","","0","","0","","***","","***","","***","","***",""
"2016100000","2016年度","43441","熊本県 御船町","","***","","17,320","","9,903","","***","","15,671,355","","***","","***","","1,400","","9,960","","0.37","","0","","1","","***","","***","","***","","***",""
"2016100000","2016年度","43442","熊本県 嘉島町","","***","","9,126","","1,665","","***","","10,658,682","","***","","***","","813","","18,132","","0.68","","1","","2","","***","","***","","***","","***",""
"2016100000","2016年度","43443","熊本県 益城町","","***","","33,205","","6,568","","***","","35,331,474","","***","","***","","2,120","","59,303","","0.56","","0","","4","","***","","***","","***","","***",""
"2016100000","2016年度","43444","熊本県 甲佐町","","***","","10,972","","5,793","","***","","8,341,912","","***","","***","","1,170","","11,303","","0.30","","0","","2","","***","","***","","***","","***",""
"2016100000","2016年度","43447","熊本県 山都町","","***","","15,848","","54,467","","***","","11,515,864","","***","","***","","5,030","","4,473","","0.20","","0","","4","","***","","***","","***","","***",""
"2016100000","2016年度","43468","熊本県 氷川町","","***","","12,381","","3,336","","***","","10,835,103","","***","","***","","1,620","","594","","0.28","","0","","1","","***","","***","","***","","***",""
"2016100000","2016年度","43482","熊本県 芦北町","","***","","18,117","","23,398","","***","","13,646,411","","***","","***","","1,600","","14,277","","0.30","","0","","3","","***","","***","","***","","***",""
"2016100000","2016年度","43484","熊本県 津奈木町","","***","","4,785","","3,409","","***","","3,249,079","","***","","***","","315","","1,680","","0.20","","0","","0","","***","","***","","***","","***",""
"2016100000","2016年度","43501","熊本県 錦町","","***","","11,048","","8,504","","***","","9,377,998","","***","","***","","1,720","","20,639","","0.37","","0","","0","","***","","***","","***","","***",""
"2016100000","2016年度","43505","熊本県 多良木町","","***","","9,986","","16,586","","***","","8,518,786","","***","","***","","1,710","","5,046","","0.22","","0","","1","","***","","***","","***","","***",""
"2016100000","2016年度","43506","熊本県 湯前町","","***","","4,084","","4,837","","***","","2,863,888","","***","","***","","598","","2,690","","0.16","","0","","0","","***","","***","","***","","***",""
"2016100000","2016年度","43507","熊本県 水上村","","***","","2,302","","19,096","","***","","1,506,341","","***","","***","","416","","1,445","","0.13","","0","","0","","***","","***","","***","","***",""
"2016100000","2016年度","43510","熊本県 相良村","","***","","4,643","","9,454","","***","","3,429,685","","***","","***","","805","","1,480","","0.18","","0","","0","","***","","***","","***","","***",""
"2016100000","2016年度","43511","熊本県 五木村","","***","","1,164","","25,292","","***","","1,000,630","","***","","***","","108","","X","","0.17","","0","","0","","***","","***","","***","","***",""
"2016100000","2016年度","43512","熊本県 山江村","","***","","3,600","","12,119","","***","","2,421,684","","***","","***","","503","","872","","0.13","","0","","0","","***","","***","","***","","***",""
"2016100000","2016年度","43513","熊本県 球磨村","","***","","3,898","","20,758","","***","","2,432,184","","***","","***","","684","","X","","0.13","","0","","0","","***","","***","","***","","***",""
"2016100000","2016年度","43514","熊本県 あさぎり町","","***","","15,888","","15,956","","***","","13,024,777","","***","","***","","2,980","","11,071","","0.23","","0","","1","","***","","***","","***","","***",""
"2016100000","2016年度","43531","熊本県 苓北町","","***","","7,558","","6,758","","***","","6,516,489","","***","","***","","661","","2,929","","0.52","","0","","3","","***","","***","","***","","***",""
"2015100000","2015年度","43100","熊本県 熊本市","","740,822","","735,234","","39,032","","***","","929,438,785","","***","","***","","11,700","","391,066","","0.71","","***","","94","","23.936","","0.86","","3.66","","10.5",""
"2015100000","2015年度","43101","熊本県 熊本市 中央区","","186,300","","176,509","","2,545","","***","","-","","***","","***","","-","","13,958","","-","","***","","39","","21.944","","-","","0.53","","19.3",""
"2015100000","2015年度","43102","熊本県 熊本市 東区","","190,451","","191,487","","5,019","","***","","-","","***","","***","","-","","81,413","","-","","***","","17","","21.493","","-","","1.42","","6.3",""
"2015100000","2015年度","43103","熊本県 熊本市 西区","","93,171","","92,932","","8,933","","***","","-","","***","","***","","-","","20,916","","-","","***","","7","","28.171","","-","","7.79","","5.4",""
"2015100000","2015年度","43104","熊本県 熊本市 南区","","127,769","","128,913","","11,001","","***","","-","","***","","***","","-","","122,376","","-","","***","","16","","24.824","","-","","5.96","","11.7",""
"2015100000","2015年度","43105","熊本県 熊本市 北区","","143,131","","145,393","","11,534","","***","","-","","***","","***","","-","","152,403","","-","","***","","15","","26.232","","-","","5.78","","7.0",""
"2015100000","2015年度","43202","熊本県 八代市","","127,472","","130,572","","68,136","","***","","127,825,346","","***","","***","","7,450","","246,241","","0.48","","***","","12","","31.712","","-3.62","","13.93","","7.8",""
"2015100000","2015年度","43203","熊本県 人吉市","","33,880","","33,963","","21,055","","***","","33,361,685","","***","","***","","1,570","","17,228","","0.42","","***","","11","","34.336","","-4.86","","7.91","","26.6",""
"2015100000","2015年度","43204","熊本県 荒尾市","","53,407","","54,464","","5,737","","***","","49,617,730","","***","","***","","1,470","","37,298","","0.46","","***","","5","","32.537","","-3.46","","4.26","","5.6",""
"2015100000","2015年度","43205","熊本県 水俣市","","25,411","","25,893","","16,329","","***","","23,461,240","","***","","***","","985","","78,141","","0.35","","***","","8","","36.488","","-5.81","","6.48","","23.6",""
"2015100000","2015年度","43206","熊本県 玉名市","","66,782","","67,984","","15,260","","***","","66,316,658","","***","","***","","6,440","","76,111","","0.43","","***","","5","","31.185","","-3.97","","16.57","","4.5",""
"2015100000","2015年度","43208","熊本県 山鹿市","","52,264","","54,118","","29,969","","***","","47,762,247","","***","","***","","7,000","","80,140","","0.33","","***","","6","","34.544","","-5.65","","16.50","","9.6",""
"2015100000","2015年度","43210","熊本県 菊池市","","48,167","","50,048","","27,685","","***","","45,048,312","","***","","***","","5,980","","155,485","","0.43","","***","","5","","30.768","","-4.04","","17.49","","8.3",""
"2015100000","2015年度","43211","熊本県 宇土市","","37,026","","37,997","","7,430","","***","","37,159,657","","***","","***","","1,910","","96,832","","0.49","","***","","1","","27.816","","-1.86","","9.38","","0.0",""
"2015100000","2015年度","43212","熊本県 上天草市","","27,006","","29,108","","12,691","","***","","23,384,033","","***","","***","","1,260","","11,160","","0.25","","***","","1","","37.499","","-9.68","","12.83","","3.7",""
"2015100000","2015年度","43213","熊本県 宇城市","","59,756","","60,899","","18,861","","***","","56,660,482","","***","","***","","5,770","","114,045","","0.40","","***","","8","","31.358","","-3.43","","16.12","","11.7",""
"2015100000","2015年度","43214","熊本県 阿蘇市","","27,018","","27,618","","37,630","","***","","24,899,838","","***","","***","","9,390","","64,573","","0.36","","***","","4","","35.654","","-5.01","","17.77","","11.1",""
"2015100000","2015年度","43215","熊本県 天草市","","82,739","","85,654","","68,378","","***","","70,430,857","","***","","***","","5,530","","26,800","","0.27","","***","","14","","37.236","","-7.10","","13.52","","13.3",""
"2015100000","2015年度","43216","熊本県 合志市","","58,370","","59,702","","5,319","","***","","67,067,697","","***","","***","","2,230","","311,044","","0.64","","***","","5","","22.613","","6.12","","5.24","","6.9",""
"2015100000","2015年度","43348","熊本県 美里町","","10,333","","10,826","","14,400","","***","","7,883,022","","***","","***","","1,250","","3,400","","0.25","","***","","3","","41.692","","-9.26","","13.80","","29.0",""
"2015100000","2015年度","43364","熊本県 玉東町","","5,265","","5,463","","2,433","","***","","4,474,108","","***","","***","","792","","4,465","","0.25","","***","","0","","33.143","","-5.20","","23.14","","0.0",""
"2015100000","2015年度","43367","熊本県 南関町","","9,786","","10,309","","6,892","","***","","8,200,998","","***","","***","","1,500","","65,914","","0.37","","***","","0","","35.755","","-7.36","","15.39","","0.0",""
"2015100000","2015年度","43368","熊本県 長洲町","","15,889","","16,432","","1,943","","***","","15,248,870","","***","","***","","684","","171,038","","0.56","","***","","1","","31.185","","-4.25","","5.42","","6.3",""
"2015100000","2015年度","43369","熊本県 和水町","","10,191","","10,713","","9,878","","***","","8,137,002","","***","","***","","1,980","","25,589","","0.23","","***","","1","","39.260","","-9.39","","19.82","","9.8",""
"2015100000","2015年度","43403","熊本県 大津町","","33,452","","34,086","","9,910","","***","","38,482,713","","***","","***","","2,200","","197,983","","0.70","","***","","2","","20.624","","7.10","","7.63","","6.0",""
"2015100000","2015年度","43404","熊本県 菊陽町","","40,984","","40,513","","3,746","","***","","52,118,615","","***","","***","","1,450","","292,430","","0.92","","***","","4","","18.778","","8.61","","4.84","","7.3",""
"2015100000","2015年度","43423","熊本県 南小国町","","4,048","","4,265","","11,590","","***","","3,296,794","","***","","***","","1,060","","749","","0.20","","***","","0","","37.327","","-8.60","","22.03","","0.0",""
"2015100000","2015年度","43424","熊本県 小国町","","7,187","","7,540","","13,694","","***","","5,766,898","","***","","***","","1,590","","1,942","","0.21","","***","","1","","37.930","","-8.76","","18.20","","13.9",""
"2015100000","2015年度","43425","熊本県 産山村","","1,510","","1,598","","6,081","","***","","1,053,780","","***","","***","","957","","X","","0.13","","***","","0","","39.735","","-5.98","","38.81","","0.0",""
"2015100000","2015年度","43428","熊本県 高森町","","6,325","","6,784","","17,506","","***","","5,145,162","","***","","***","","2,450","","6,338","","0.22","","***","","0","","38.751","","-5.82","","24.77","","0.0",""
"2015100000","2015年度","43432","熊本県 西原村","","6,802","","7,063","","7,722","","***","","7,044,889","","***","","***","","1,200","","39,827","","0.39","","***","","0","","27.683","","0.15","","15.85","","0.0",""
"2015100000","2015年度","43433","熊本県 南阿蘇村","","11,503","","11,693","","13,732","","***","","9,553,045","","***","","***","","3,380","","1,567","","0.30","","***","","1","","34.834","","-3.92","","22.82","","8.7",""
"2015100000","2015年度","43441","熊本県 御船町","","17,237","","17,719","","9,903","","***","","15,336,834","","***","","***","","1,550","","8,780","","0.37","","***","","1","","31.537","","-3.64","","10.46","","0.0",""
"2015100000","2015年度","43442","熊本県 嘉島町","","9,054","","9,227","","1,665","","***","","10,243,286","","***","","***","","815","","36,239","","0.68","","***","","2","","26.408","","4.36","","8.41","","22.1",""
"2015100000","2015年度","43443","熊本県 益城町","","33,611","","34,581","","6,568","","***","","34,258,185","","***","","***","","2,310","","65,697","","0.56","","***","","4","","26.703","","2.86","","8.60","","8.9",""
"2015100000","2015年度","43444","熊本県 甲佐町","","10,717","","11,120","","5,793","","***","","8,328,861","","***","","***","","1,240","","10,725","","0.29","","***","","2","","36.083","","-4.15","","16.31","","18.7",""
"2015100000","2015年度","43447","熊本県 山都町","","15,149","","16,170","","54,467","","***","","10,930,595","","***","","***","","5,200","","5,086","","0.20","","***","","4","","44.472","","-10.79","","37.93","","26.4",""
"2015100000","2015年度","43468","熊本県 氷川町","","11,994","","12,493","","3,336","","***","","10,593,449","","***","","***","","1,620","","449","","0.28","","***","","1","","34.542","","-5.67","","27.36","","8.3",""
"2015100000","2015年度","43482","熊本県 芦北町","","17,661","","18,455","","23,398","","***","","13,641,384","","***","","***","","1,620","","14,364","","0.29","","***","","3","","39.952","","-8.57","","15.53","","17.0",""
"2015100000","2015年度","43484","熊本県 津奈木町","","4,673","","4,863","","3,409","","***","","3,139,352","","***","","***","","326","","1,847","","0.19","","***","","0","","37.085","","-7.68","","18.26","","0.0",""
"2015100000","2015年度","43501","熊本県 錦町","","10,766","","11,160","","8,504","","***","","8,978,289","","***","","***","","1,720","","21,912","","0.35","","***","","0","","28.544","","-2.79","","18.22","","0.0",""
"2015100000","2015年度","43505","熊本県 多良木町","","9,791","","10,165","","16,586","","***","","8,438,526","","***","","***","","1,710","","3,640","","0.22","","***","","1","","37.688","","-7.23","","23.64","","10.2",""
"2015100000","2015年度","43506","熊本県 湯前町","","3,985","","4,163","","4,837","","***","","2,852,080","","***","","***","","598","","2,245","","0.16","","***","","0","","40.979","","-8.91","","23.10","","0.0",""
"2015100000","2015年度","43507","熊本県 水上村","","2,232","","2,323","","19,096","","***","","1,500,200","","***","","***","","423","","1,384","","0.13","","***","","0","","39.561","","-7.19","","29.42","","0.0",""
"2015100000","2015年度","43510","熊本県 相良村","","4,468","","4,705","","9,454","","***","","3,355,559","","***","","***","","813","","7,657","","0.17","","***","","0","","37.936","","-9.44","","24.26","","0.0",""
"2015100000","2015年度","43511","熊本県 五木村","","1,055","","1,189","","25,292","","***","","1,049,728","","***","","***","","121","","X","","0.16","","***","","0","","45.972","","-12.45","","23.85","","0.0",""
"2015100000","2015年度","43512","熊本県 山江村","","3,422","","3,634","","12,119","","***","","2,339,042","","***","","***","","525","","704","","0.13","","***","","0","","31.648","","-7.04","","19.49","","0.0",""
"2015100000","2015年度","43513","熊本県 球磨村","","3,698","","3,981","","20,758","","***","","2,462,459","","***","","***","","706","","490","","0.12","","***","","0","","41.022","","-12.97","","18.05","","0.0",""
"2015100000","2015年度","43514","熊本県 あさぎり町","","15,523","","16,124","","15,956","","***","","12,695,342","","***","","***","","2,980","","11,197","","0.22","","***","","1","","34.517","","-6.70","","22.80","","6.4",""
"2015100000","2015年度","43531","熊本県 苓北町","","7,739","","7,732","","6,757","","***","","6,552,995","","***","","***","","665","","2,109","","0.55","","***","","3","","37.628","","-6.92","","16.36","","38.8",""
"2014100000","2014年度","43100","熊本県 熊本市","","***","","734,917","","39,032","","6,188","","914,625,397","","6,054","","***","","11,900","","391,349","","0.70","","8","","94","","***","","***","","***","","***",""
"2014100000","2014年度","43101","熊本県 熊本市 中央区","","***","","176,106","","2,545","","42","","-","","2,291","","***","","-","","16,489","","-","","5","","39","","***","","***","","***","","***",""
"2014100000","2014年度","43102","熊本県 熊本市 東区","","***","","191,467","","5,019","","216","","-","","1,295","","***","","-","","72,978","","-","","0","","17","","***","","***","","***","","***",""
"2014100000","2014年度","43103","熊本県 熊本市 西区","","***","","93,308","","8,933","","2,404","","-","","608","","***","","-","","29,430","","-","","1","","7","","***","","***","","***","","***",""
"2014100000","2014年度","43104","熊本県 熊本市 南区","","***","","127,857","","11,001","","1,069","","-","","986","","***","","-","","108,722","","-","","1","","16","","***","","***","","***","","***",""
"2014100000","2014年度","43105","熊本県 熊本市 北区","","***","","146,179","","11,534","","2,457","","-","","874","","***","","-","","163,730","","-","","1","","15","","***","","***","","***","","***",""
"2014100000","2014年度","43202","熊本県 八代市","","***","","131,490","","68,136","","49,910","","125,377,498","","1,308","","***","","7,490","","240,686","","0.48","","2","","12","","***","","***","","***","","***",""
"2014100000","2014年度","43203","熊本県 人吉市","","***","","34,394","","21,055","","15,814","","32,591,307","","466","","***","","1,580","","20,198","","0.42","","1","","11","","***","","***","","***","","***",""
"2014100000","2014年度","43204","熊本県 荒尾市","","***","","54,824","","5,737","","917","","50,041,219","","414","","***","","1,500","","29,039","","0.46","","0","","5","","***","","***","","***","","***",""
"2014100000","2014年度","43205","熊本県 水俣市","","***","","26,392","","16,329","","12,108","","23,614,458","","266","","***","","986","","68,643","","0.33","","0","","8","","***","","***","","***","","***",""
"2014100000","2014年度","43206","熊本県 玉名市","","***","","68,517","","15,260","","2,665","","66,651,207","","621","","***","","6,490","","47,700","","0.43","","0","","5","","***","","***","","***","","***",""
"2014100000","2014年度","43208","熊本県 山鹿市","","***","","54,860","","29,969","","15,431","","47,108,162","","506","","***","","7,040","","73,115","","0.33","","0","","6","","***","","***","","***","","***",""
"2014100000","2014年度","43210","熊本県 菊池市","","***","","50,462","","27,685","","15,067","","44,694,544","","401","","***","","5,990","","151,678","","0.43","","0","","5","","***","","***","","***","","***",""
"2014100000","2014年度","43211","熊本県 宇土市","","***","","38,071","","7,430","","2,845","","36,262,220","","340","","***","","1,920","","78,615","","0.48","","0","","1","","***","","***","","***","","***",""
"2014100000","2014年度","43212","熊本県 上天草市","","***","","29,746","","12,691","","7,585","","23,272,738","","358","","***","","1,270","","10,519","","0.25","","0","","1","","***","","***","","***","","***",""
"2014100000","2014年度","43213","熊本県 宇城市","","***","","61,452","","18,860","","5,946","","55,620,660","","595","","***","","5,860","","112,721","","0.40","","2","","8","","***","","***","","***","","***",""
"2014100000","2014年度","43214","熊本県 阿蘇市","","***","","27,865","","37,630","","15,048","","25,016,281","","328","","***","","9,410","","69,354","","0.36","","0","","4","","***","","***","","***","","***",""
"2014100000","2014年度","43215","熊本県 天草市","","***","","87,125","","68,378","","46,373","","70,613,912","","1,293","","***","","5,630","","28,123","","0.27","","1","","14","","***","","***","","***","","***",""
"2014100000","2014年度","43216","熊本県 合志市","","***","","58,873","","5,319","","612","","64,836,688","","269","","***","","2,240","","238,426","","0.61","","0","","5","","***","","***","","***","","***",""
"2014100000","2014年度","43348","熊本県 美里町","","***","","11,109","","14,400","","10,387","","7,793,827","","100","","***","","1,270","","3,211","","0.24","","0","","3","","***","","***","","***","","***",""
"2014100000","2014年度","43364","熊本県 玉東町","","***","","5,517","","2,433","","754","","4,443,038","","38","","***","","793","","2,700","","0.24","","0","","0","","***","","***","","***","","***",""
"2014100000","2014年度","43367","熊本県 南関町","","***","","10,473","","6,892","","3,382","","8,158,282","","110","","***","","1,530","","55,630","","0.36","","0","","0","","***","","***","","***","","***",""
"2014100000","2014年度","43368","熊本県 長洲町","","***","","16,539","","1,943","","34","","15,517,925","","111","","***","","688","","172,279","","0.58","","0","","1","","***","","***","","***","","***",""
"2014100000","2014年度","43369","熊本県 和水町","","***","","10,868","","9,878","","5,159","","8,279,566","","95","","***","","2,000","","27,145","","0.23","","0","","1","","***","","***","","***","","***",""
"2014100000","2014年度","43403","熊本県 大津町","","***","","33,766","","9,910","","4,370","","36,960,528","","231","","***","","2,220","","202,615","","0.71","","1","","2","","***","","***","","***","","***",""
"2014100000","2014年度","43404","熊本県 菊陽町","","***","","39,856","","3,746","","359","","49,602,032","","349","","***","","1,460","","213,895","","0.93","","2","","4","","***","","***","","***","","***",""
"2014100000","2014年度","43423","熊本県 南小国町","","***","","4,346","","11,590","","7,868","","3,304,836","","52","","***","","1,060","","921","","0.19","","0","","0","","***","","***","","***","","***",""
"2014100000","2014年度","43424","熊本県 小国町","","***","","7,729","","13,694","","10,185","","5,700,405","","109","","***","","1,590","","1,779","","0.21","","0","","1","","***","","***","","***","","***",""
"2014100000","2014年度","43425","熊本県 産山村","","***","","1,615","","6,081","","3,543","","980,549","","13","","***","","958","","X","","0.12","","0","","0","","***","","***","","***","","***",""
"2014100000","2014年度","43428","熊本県 高森町","","***","","6,951","","17,506","","11,709","","5,167,663","","92","","***","","2,460","","7,040","","0.22","","0","","0","","***","","***","","***","","***",""
"2014100000","2014年度","43432","熊本県 西原村","","***","","7,124","","7,722","","4,244","","6,668,666","","70","","***","","1,200","","35,119","","0.37","","0","","0","","***","","***","","***","","***",""
"2014100000","2014年度","43433","熊本県 南阿蘇村","","***","","11,828","","13,732","","6,177","","9,475,005","","146","","***","","3,390","","2,518","","0.30","","0","","1","","***","","***","","***","","***",""
"2014100000","2014年度","43441","熊本県 御船町","","***","","17,798","","9,903","","5,552","","15,055,310","","148","","***","","1,560","","9,777","","0.36","","0","","1","","***","","***","","***","","***",""
"2014100000","2014年度","43442","熊本県 嘉島町","","***","","9,119","","1,665","","0","","9,982,400","","204","","***","","817","","32,964","","0.69","","1","","2","","***","","***","","***","","***",""
"2014100000","2014年度","43443","熊本県 益城町","","***","","34,201","","6,568","","1,915","","33,452,597","","165","","***","","2,320","","59,582","","0.55","","0","","4","","***","","***","","***","","***",""
"2014100000","2014年度","43444","熊本県 甲佐町","","***","","11,302","","5,793","","2,550","","8,299,558","","87","","***","","1,250","","11,026","","0.28","","0","","2","","***","","***","","***","","***",""
"2014100000","2014年度","43447","熊本県 山都町","","***","","16,579","","54,467","","38,732","","11,341,175","","198","","***","","5,260","","5,536","","0.19","","0","","4","","***","","***","","***","","***",""
"2014100000","2014年度","43468","熊本県 氷川町","","***","","12,615","","3,336","","340","","10,622,303","","90","","***","","1,630","","558","","0.27","","0","","1","","***","","***","","***","","***",""
"2014100000","2014年度","43482","熊本県 芦北町","","***","","18,771","","23,397","","18,243","","13,529,666","","165","","***","","1,620","","13,833","","0.27","","0","","3","","***","","***","","***","","***",""
"2014100000","2014年度","43484","熊本県 津奈木町","","***","","5,008","","3,409","","2,174","","3,131,245","","30","","***","","326","","1,881","","0.18","","0","","0","","***","","***","","***","","***",""
"2014100000","2014年度","43501","熊本県 錦町","","***","","11,247","","8,504","","4,876","","8,770,439","","113","","***","","1,740","","27,580","","0.33","","0","","0","","***","","***","","***","","***",""
"2014100000","2014年度","43505","熊本県 多良木町","","***","","10,302","","16,586","","13,273","","8,540,595","","102","","***","","1,720","","6,048","","0.21","","0","","1","","***","","***","","***","","***",""
"2014100000","2014年度","43506","熊本県 湯前町","","***","","4,236","","4,837","","3,516","","2,773,010","","54","","***","","602","","2,437","","0.15","","0","","0","","***","","***","","***","","***",""
"2014100000","2014年度","43507","熊本県 水上村","","***","","2,395","","19,096","","17,425","","1,473,923","","19","","***","","432","","1,521","","0.13","","0","","0","","***","","***","","***","","***",""
"2014100000","2014年度","43510","熊本県 相良村","","***","","4,818","","9,454","","6,952","","3,217,740","","32","","***","","829","","1,791","","0.16","","0","","0","","***","","***","","***","","***",""
"2014100000","2014年度","43511","熊本県 五木村","","***","","1,226","","25,292","","24,123","","998,386","","16","","***","","131","","1,145","","0.15","","0","","0","","***","","***","","***","","***",""
"2014100000","2014年度","43512","熊本県 山江村","","***","","3,707","","12,119","","10,487","","2,359,551","","12","","***","","525","","776","","0.13","","0","","0","","***","","***","","***","","***",""
"2014100000","2014年度","43513","熊本県 球磨村","","***","","4,102","","20,758","","18,120","","2,400,450","","32","","***","","716","","X","","0.12","","0","","0","","***","","***","","***","","***",""
"2014100000","2014年度","43514","熊本県 あさぎり町","","***","","16,286","","15,956","","10,503","","12,648,596","","145","","***","","2,990","","9,838","","0.22","","0","","1","","***","","***","","***","","***",""
"2014100000","2014年度","43531","熊本県 苓北町","","***","","7,893","","6,755","","4,149","","6,574,441","","102","","***","","672","","2,387","","0.57","","0","","3","","***","","***","","***","","***",""
"2013100000","2013年度","43100","熊本県 熊本市","","***","","734,287","","38,954","","***","","898,703,316","","***","","***","","12,000","","373,841","","0.68","","***","","94","","***","","***","","***","","***",""
"2013100000","2013年度","43101","熊本県 熊本市 中央区","","***","","175,892","","2,546","","***","","-","","***","","***","","-","","13,986","","-","","***","","39","","***","","***","","***","","***",""
"2013100000","2013年度","43102","熊本県 熊本市 東区","","***","","191,353","","5,007","","***","","-","","***","","***","","-","","66,834","","-","","***","","17","","***","","***","","***","","***",""
"2013100000","2013年度","43103","熊本県 熊本市 西区","","***","","93,508","","8,880","","***","","-","","***","","***","","-","","26,842","","-","","***","","7","","***","","***","","***","","***",""
"2013100000","2013年度","43104","熊本県 熊本市 南区","","***","","126,769","","10,986","","***","","-","","***","","***","","-","","105,521","","-","","***","","16","","***","","***","","***","","***",""
"2013100000","2013年度","43105","熊本県 熊本市 北区","","***","","146,765","","11,535","","***","","-","","***","","***","","-","","160,657","","-","","***","","15","","***","","***","","***","","***",""
"2013100000","2013年度","43202","熊本県 八代市","","***","","132,418","","68,060","","***","","126,080,146","","***","","***","","7,550","","229,288","","0.47","","***","","12","","***","","***","","***","","***",""
"2013100000","2013年度","43203","熊本県 人吉市","","***","","34,911","","21,048","","***","","34,325,057","","***","","***","","1,590","","19,890","","0.42","","***","","11","","***","","***","","***","","***",""
"2013100000","2013年度","43204","熊本県 荒尾市","","***","","55,257","","5,715","","***","","49,813,150","","***","","***","","1,530","","29,585","","0.45","","***","","5","","***","","***","","***","","***",""
"2013100000","2013年度","43205","熊本県 水俣市","","***","","26,729","","16,290","","***","","23,625,739","","***","","***","","988","","62,867","","0.35","","***","","8","","***","","***","","***","","***",""
"2013100000","2013年度","43206","熊本県 玉名市","","***","","69,252","","15,259","","***","","67,439,299","","***","","***","","6,540","","52,820","","0.42","","***","","5","","***","","***","","***","","***",""
"2013100000","2013年度","43208","熊本県 山鹿市","","***","","55,565","","29,967","","***","","47,140,679","","***","","***","","7,070","","72,577","","0.33","","***","","6","","***","","***","","***","","***",""
"2013100000","2013年度","43210","熊本県 菊池市","","***","","50,801","","27,666","","***","","44,649,032","","***","","***","","6,020","","147,545","","0.43","","***","","5","","***","","***","","***","","***",""
"2013100000","2013年度","43211","熊本県 宇土市","","***","","38,065","","7,420","","***","","36,206,045","","***","","***","","1,930","","79,444","","0.47","","***","","1","","***","","***","","***","","***",""
"2013100000","2013年度","43212","熊本県 上天草市","","***","","30,322","","12,615","","***","","23,165,768","","***","","***","","1,290","","10,167","","0.25","","***","","1","","***","","***","","***","","***",""
"2013100000","2013年度","43213","熊本県 宇城市","","***","","61,967","","18,860","","***","","55,759,137","","***","","***","","5,900","","104,500","","0.40","","***","","8","","***","","***","","***","","***",""
"2013100000","2013年度","43214","熊本県 阿蘇市","","***","","28,169","","37,625","","***","","24,290,428","","***","","***","","9,360","","73,730","","0.35","","***","","4","","***","","***","","***","","***",""
"2013100000","2013年度","43215","熊本県 天草市","","***","","88,559","","68,332","","***","","70,291,980","","***","","***","","5,740","","27,205","","0.27","","***","","14","","***","","***","","***","","***",""
"2013100000","2013年度","43216","熊本県 合志市","","***","","58,142","","5,317","","***","","64,236,367","","***","","***","","2,240","","224,054","","0.60","","***","","5","","***","","***","","***","","***",""
"2013100000","2013年度","43348","熊本県 美里町","","***","","11,276","","14,403","","***","","7,776,558","","***","","***","","1,290","","3,020","","0.24","","***","","3","","***","","***","","***","","***",""
"2013100000","2013年度","43364","熊本県 玉東町","","***","","5,554","","2,440","","***","","4,385,418","","***","","***","","796","","2,744","","0.22","","***","","0","","***","","***","","***","","***",""
"2013100000","2013年度","43367","熊本県 南関町","","***","","10,660","","6,896","","***","","8,132,745","","***","","***","","1,550","","55,242","","0.35","","***","","0","","***","","***","","***","","***",""
"2013100000","2013年度","43368","熊本県 長洲町","","***","","16,575","","1,944","","***","","15,648,254","","***","","***","","701","","164,436","","0.55","","***","","1","","***","","***","","***","","***",""
"2013100000","2013年度","43369","熊本県 和水町","","***","","11,075","","9,875","","***","","8,462,873","","***","","***","","2,030","","35,722","","0.24","","***","","1","","***","","***","","***","","***",""
"2013100000","2013年度","43403","熊本県 大津町","","***","","33,433","","9,909","","***","","35,976,624","","***","","***","","2,220","","216,185","","0.73","","***","","2","","***","","***","","***","","***",""
"2013100000","2013年度","43404","熊本県 菊陽町","","***","","39,261","","3,757","","***","","47,836,079","","***","","***","","1,460","","170,863","","0.93","","***","","4","","***","","***","","***","","***",""
"2013100000","2013年度","43423","熊本県 南小国町","","***","","4,372","","11,590","","***","","3,213,274","","***","","***","","1,070","","939","","0.19","","***","","0","","***","","***","","***","","***",""
"2013100000","2013年度","43424","熊本県 小国町","","***","","7,892","","13,696","","***","","5,622,055","","***","","***","","1,590","","1,699","","0.20","","***","","1","","***","","***","","***","","***",""
"2013100000","2013年度","43425","熊本県 産山村","","***","","1,638","","6,080","","***","","949,925","","***","","***","","957","","X","","0.12","","***","","0","","***","","***","","***","","***",""
"2013100000","2013年度","43428","熊本県 高森町","","***","","7,031","","17,490","","***","","5,078,139","","***","","***","","2,470","","7,085","","0.21","","***","","0","","***","","***","","***","","***",""
"2013100000","2013年度","43432","熊本県 西原村","","***","","7,083","","7,723","","***","","6,376,099","","***","","***","","1,200","","31,642","","0.36","","***","","0","","***","","***","","***","","***",""
"2013100000","2013年度","43433","熊本県 南阿蘇村","","***","","11,924","","13,730","","***","","9,554,700","","***","","***","","3,400","","2,150","","0.30","","***","","1","","***","","***","","***","","***",""
"2013100000","2013年度","43441","熊本県 御船町","","***","","17,888","","9,900","","***","","15,078,896","","***","","***","","1,570","","8,272","","0.36","","***","","1","","***","","***","","***","","***",""
"2013100000","2013年度","43442","熊本県 嘉島町","","***","","9,057","","1,666","","***","","9,620,979","","***","","***","","818","","34,160","","0.68","","***","","2","","***","","***","","***","","***",""
"2013100000","2013年度","43443","熊本県 益城町","","***","","33,903","","6,567","","***","","32,630,964","","***","","***","","2,330","","58,228","","0.55","","***","","4","","***","","***","","***","","***",""
"2013100000","2013年度","43444","熊本県 甲佐町","","***","","11,435","","5,787","","***","","8,220,091","","***","","***","","1,250","","10,134","","0.28","","***","","2","","***","","***","","***","","***",""
"2013100000","2013年度","43447","熊本県 山都町","","***","","16,981","","54,483","","***","","11,077,440","","***","","***","","5,350","","5,565","","0.19","","***","","4","","***","","***","","***","","***",""
"2013100000","2013年度","43468","熊本県 氷川町","","***","","12,741","","3,329","","***","","10,467,451","","***","","***","","1,630","","567","","0.27","","***","","1","","***","","***","","***","","***",""
"2013100000","2013年度","43482","熊本県 芦北町","","***","","19,142","","23,381","","***","","13,709,015","","***","","***","","1,640","","12,749","","0.27","","***","","3","","***","","***","","***","","***",""
"2013100000","2013年度","43484","熊本県 津奈木町","","***","","5,060","","3,398","","***","","3,129,940","","***","","***","","329","","1,801","","0.18","","***","","0","","***","","***","","***","","***",""
"2013100000","2013年度","43501","熊本県 錦町","","***","","11,401","","8,493","","***","","8,747,665","","***","","***","","1,750","","28,812","","0.34","","***","","0","","***","","***","","***","","***",""
"2013100000","2013年度","43505","熊本県 多良木町","","***","","10,465","","16,586","","***","","8,350,677","","***","","***","","1,720","","5,296","","0.21","","***","","1","","***","","***","","***","","***",""
"2013100000","2013年度","43506","熊本県 湯前町","","***","","4,307","","4,842","","***","","2,787,666","","***","","***","","602","","2,509","","0.15","","***","","0","","***","","***","","***","","***",""
"2013100000","2013年度","43507","熊本県 水上村","","***","","2,410","","19,096","","***","","1,428,738","","***","","***","","448","","1,502","","0.14","","***","","0","","***","","***","","***","","***",""
"2013100000","2013年度","43510","熊本県 相良村","","***","","4,859","","9,454","","***","","3,181,268","","***","","***","","834","","1,613","","0.16","","***","","0","","***","","***","","***","","***",""
"2013100000","2013年度","43511","熊本県 五木村","","***","","1,250","","25,294","","***","","1,016,096","","***","","***","","134","","698","","0.15","","***","","0","","***","","***","","***","","***",""
"2013100000","2013年度","43512","熊本県 山江村","","***","","3,760","","12,121","","***","","2,289,951","","***","","***","","528","","743","","0.13","","***","","0","","***","","***","","***","","***",""
"2013100000","2013年度","43513","熊本県 球磨村","","***","","4,207","","20,773","","***","","2,345,195","","***","","***","","715","","X","","0.12","","***","","0","","***","","***","","***","","***",""
"2013100000","2013年度","43514","熊本県 あさぎり町","","***","","16,585","","15,949","","***","","12,675,279","","***","","***","","2,990","","10,043","","0.22","","***","","1","","***","","***","","***","","***",""
"2013100000","2013年度","43531","熊本県 苓北町","","***","","8,017","","6,709","","***","","6,640,502","","***","","***","","674","","2,790","","0.59","","***","","3","","***","","***","","***","","***",""
"2012100000","2012年度","43100","熊本県 熊本市","","***","","731,815","","38,954","","***","","890,325,037","","***","","***","","12,000","","372,418","","0.66","","***","","94","","***","","***","","***","","***",""
"2012100000","2012年度","43101","熊本県 熊本市 中央区","","***","","175,012","","2,546","","***","","-","","***","","***","","-","","18,801","","-","","***","","38","","***","","***","","***","","***",""
"2012100000","2012年度","43102","熊本県 熊本市 東区","","***","","190,621","","5,007","","***","","-","","***","","***","","-","","67,300","","-","","***","","18","","***","","***","","***","","***",""
"2012100000","2012年度","43103","熊本県 熊本市 西区","","***","","93,227","","8,880","","***","","-","","***","","***","","-","","34,245","","-","","***","","7","","***","","***","","***","","***",""
"2012100000","2012年度","43104","熊本県 熊本市 南区","","***","","126,071","","10,986","","***","","-","","***","","***","","-","","106,416","","-","","***","","16","","***","","***","","***","","***",""
"2012100000","2012年度","43105","熊本県 熊本市 北区","","***","","146,884","","11,535","","***","","-","","***","","***","","-","","145,656","","-","","***","","15","","***","","***","","***","","***",""
"2012100000","2012年度","43202","熊本県 八代市","","***","","132,775","","68,060","","***","","123,228,754","","***","","***","","7,580","","233,788","","0.46","","***","","12","","***","","***","","***","","***",""
"2012100000","2012年度","43203","熊本県 人吉市","","***","","35,043","","21,048","","***","","32,824,264","","***","","***","","1,600","","22,495","","0.41","","***","","11","","***","","***","","***","","***",""
"2012100000","2012年度","43204","熊本県 荒尾市","","***","","55,381","","5,715","","***","","50,775,722","","***","","***","","1,550","","31,183","","0.45","","***","","5","","***","","***","","***","","***",""
"2012100000","2012年度","43205","熊本県 水俣市","","***","","26,909","","16,290","","***","","23,932,148","","***","","***","","987","","60,195","","0.35","","***","","8","","***","","***","","***","","***",""
"2012100000","2012年度","43206","熊本県 玉名市","","***","","69,182","","15,256","","***","","66,325,942","","***","","***","","6,570","","64,112","","0.41","","***","","5","","***","","***","","***","","***",""
"2012100000","2012年度","43208","熊本県 山鹿市","","***","","55,812","","29,967","","***","","47,577,391","","***","","***","","7,090","","35,441","","0.33","","***","","6","","***","","***","","***","","***",""
"2012100000","2012年度","43210","熊本県 菊池市","","***","","51,130","","27,666","","***","","44,748,718","","***","","***","","6,050","","150,459","","0.42","","***","","5","","***","","***","","***","","***",""
"2012100000","2012年度","43211","熊本県 宇土市","","***","","38,010","","7,420","","***","","35,727,707","","***","","***","","1,950","","72,931","","0.47","","***","","1","","***","","***","","***","","***",""
"2012100000","2012年度","43212","熊本県 上天草市","","***","","30,647","","12,615","","***","","23,138,641","","***","","***","","1,300","","9,733","","0.25","","***","","1","","***","","***","","***","","***",""
"2012100000","2012年度","43213","熊本県 宇城市","","***","","62,083","","18,860","","***","","55,602,951","","***","","***","","5,940","","108,820","","0.40","","***","","8","","***","","***","","***","","***",""
"2012100000","2012年度","43214","熊本県 阿蘇市","","***","","28,244","","37,625","","***","","25,989,853","","***","","***","","9,200","","76,623","","0.34","","***","","4","","***","","***","","***","","***",""
"2012100000","2012年度","43215","熊本県 天草市","","***","","88,936","","68,331","","***","","70,305,267","","***","","***","","5,790","","25,230","","0.27","","***","","14","","***","","***","","***","","***",""
"2012100000","2012年度","43216","熊本県 合志市","","***","","57,501","","5,317","","***","","64,416,404","","***","","***","","2,250","","221,305","","0.57","","***","","5","","***","","***","","***","","***",""
"2012100000","2012年度","43348","熊本県 美里町","","***","","11,403","","14,403","","***","","7,819,628","","***","","***","","1,300","","3,014","","0.24","","***","","3","","***","","***","","***","","***",""
"2012100000","2012年度","43364","熊本県 玉東町","","***","","5,625","","2,440","","***","","4,459,335","","***","","***","","797","","3,462","","0.21","","***","","0","","***","","***","","***","","***",""
"2012100000","2012年度","43367","熊本県 南関町","","***","","10,737","","6,896","","***","","8,071,725","","***","","***","","1,590","","56,225","","0.35","","***","","0","","***","","***","","***","","***",""
"2012100000","2012年度","43368","熊本県 長洲町","","***","","16,665","","1,944","","***","","16,073,419","","***","","***","","706","","69,041","","0.54","","***","","1","","***","","***","","***","","***",""
"2012100000","2012年度","43369","熊本県 和水町","","***","","11,221","","9,875","","***","","8,584,203","","***","","***","","2,060","","48,810","","0.23","","***","","1","","***","","***","","***","","***",""
"2012100000","2012年度","43403","熊本県 大津町","","***","","33,094","","9,909","","***","","35,848,988","","***","","***","","2,210","","294,601","","0.75","","***","","2","","***","","***","","***","","***",""
"2012100000","2012年度","43404","熊本県 菊陽町","","***","","38,821","","3,757","","***","","47,394,772","","***","","***","","1,420","","297,595","","0.91","","***","","4","","***","","***","","***","","***",""
"2012100000","2012年度","43423","熊本県 南小国町","","***","","4,412","","11,590","","***","","3,369,889","","***","","***","","1,070","","1,014","","0.19","","***","","0","","***","","***","","***","","***",""
"2012100000","2012年度","43424","熊本県 小国町","","***","","8,004","","13,696","","***","","5,628,020","","***","","***","","1,600","","1,556","","0.20","","***","","1","","***","","***","","***","","***",""
"2012100000","2012年度","43425","熊本県 産山村","","***","","1,668","","6,080","","***","","1,001,773","","***","","***","","941","","X","","0.13","","***","","0","","***","","***","","***","","***",""
"2012100000","2012年度","43428","熊本県 高森町","","***","","7,066","","17,490","","***","","5,009,705","","***","","***","","2,470","","6,866","","0.21","","***","","0","","***","","***","","***","","***",""
"2012100000","2012年度","43432","熊本県 西原村","","***","","7,075","","7,723","","***","","6,560,580","","***","","***","","1,210","","29,151","","0.35","","***","","0","","***","","***","","***","","***",""
"2012100000","2012年度","43433","熊本県 南阿蘇村","","***","","11,912","","13,730","","***","","9,727,155","","***","","***","","3,380","","1,801","","0.30","","***","","1","","***","","***","","***","","***",""
"2012100000","2012年度","43441","熊本県 御船町","","***","","17,939","","9,900","","***","","15,048,811","","***","","***","","1,580","","7,686","","0.36","","***","","1","","***","","***","","***","","***",""
"2012100000","2012年度","43442","熊本県 嘉島町","","***","","8,979","","1,666","","***","","9,484,005","","***","","***","","823","","34,116","","0.68","","***","","2","","***","","***","","***","","***",""
"2012100000","2012年度","43443","熊本県 益城町","","***","","33,639","","6,567","","***","","32,640,668","","***","","***","","2,340","","57,527","","0.55","","***","","4","","***","","***","","***","","***",""
"2012100000","2012年度","43444","熊本県 甲佐町","","***","","11,496","","5,787","","***","","8,281,361","","***","","***","","1,260","","9,928","","0.28","","***","","2","","***","","***","","***","","***",""
"2012100000","2012年度","43447","熊本県 山都町","","***","","17,242","","54,483","","***","","11,457,552","","***","","***","","5,380","","7,134","","0.19","","***","","4","","***","","***","","***","","***",""
"2012100000","2012年度","43468","熊本県 氷川町","","***","","12,811","","3,329","","***","","10,506,445","","***","","***","","1,650","","650","","0.26","","***","","1","","***","","***","","***","","***",""
"2012100000","2012年度","43482","熊本県 芦北町","","***","","19,348","","23,381","","***","","13,870,353","","***","","***","","1,640","","16,259","","0.27","","***","","3","","***","","***","","***","","***",""
"2012100000","2012年度","43484","熊本県 津奈木町","","***","","5,102","","3,398","","***","","3,116,836","","***","","***","","343","","1,431","","0.18","","***","","0","","***","","***","","***","","***",""
"2012100000","2012年度","43501","熊本県 錦町","","***","","11,336","","8,493","","***","","8,706,515","","***","","***","","1,750","","34,320","","0.34","","***","","0","","***","","***","","***","","***",""
"2012100000","2012年度","43505","熊本県 多良木町","","***","","10,516","","16,586","","***","","8,299,241","","***","","***","","1,730","","4,878","","0.21","","***","","1","","***","","***","","***","","***",""
"2012100000","2012年度","43506","熊本県 湯前町","","***","","4,397","","4,842","","***","","2,881,312","","***","","***","","602","","2,236","","0.16","","***","","0","","***","","***","","***","","***",""
"2012100000","2012年度","43507","熊本県 水上村","","***","","2,449","","19,096","","***","","1,427,436","","***","","***","","450","","1,312","","0.14","","***","","0","","***","","***","","***","","***",""
"2012100000","2012年度","43510","熊本県 相良村","","***","","4,942","","9,454","","***","","3,186,060","","***","","***","","836","","1,182","","0.16","","***","","0","","***","","***","","***","","***",""
"2012100000","2012年度","43511","熊本県 五木村","","***","","1,264","","25,294","","***","","979,142","","***","","***","","134","","678","","0.16","","***","","0","","***","","***","","***","","***",""
"2012100000","2012年度","43512","熊本県 山江村","","***","","3,727","","12,121","","***","","2,298,408","","***","","***","","531","","640","","0.13","","***","","0","","***","","***","","***","","***",""
"2012100000","2012年度","43513","熊本県 球磨村","","***","","4,264","","20,773","","***","","2,401,786","","***","","***","","716","","X","","0.13","","***","","0","","***","","***","","***","","***",""
"2012100000","2012年度","43514","熊本県 あさぎり町","","***","","16,690","","15,949","","***","","12,843,802","","***","","***","","3,000","","9,278","","0.22","","***","","1","","***","","***","","***","","***",""
"2012100000","2012年度","43531","熊本県 苓北町","","***","","8,049","","6,709","","***","","6,593,300","","***","","***","","679","","2,814","","0.62","","***","","3","","***","","***","","***","","***",""
"2011100000","2011年度","43100","熊本県 熊本市","","***","","***","","38,954","","***","","878,560,350","","***","","***","","12,200","","373,178","","0.67","","8","","96","","***","","***","","***","","***",""
"2011100000","2011年度","43101","熊本県 熊本市 中央区","","***","","***","","-","","***","","-","","***","","***","","-","","-","","-","","-","","-","","***","","***","","***","","***",""
"2011100000","2011年度","43102","熊本県 熊本市 東区","","***","","***","","-","","***","","-","","***","","***","","-","","-","","-","","-","","-","","***","","***","","***","","***",""
"2011100000","2011年度","43103","熊本県 熊本市 西区","","***","","***","","-","","***","","-","","***","","***","","-","","-","","-","","-","","-","","***","","***","","***","","***",""
"2011100000","2011年度","43104","熊本県 熊本市 南区","","***","","***","","-","","***","","-","","***","","***","","-","","-","","-","","-","","-","","***","","***","","***","","***",""
"2011100000","2011年度","43105","熊本県 熊本市 北区","","***","","***","","-","","***","","-","","***","","***","","-","","-","","-","","-","","-","","***","","***","","***","","***",""
"2011100000","2011年度","43202","熊本県 八代市","","***","","***","","68,060","","***","","121,228,628","","***","","***","","7,590","","214,713","","0.47","","3","","12","","***","","***","","***","","***",""
"2011100000","2011年度","43203","熊本県 人吉市","","***","","***","","21,048","","***","","33,010,181","","***","","***","","1,600","","19,748","","0.42","","0","","10","","***","","***","","***","","***",""
"2011100000","2011年度","43204","熊本県 荒尾市","","***","","***","","5,715","","***","","50,681,056","","***","","***","","1,550","","28,965","","0.46","","0","","5","","***","","***","","***","","***",""
"2011100000","2011年度","43205","熊本県 水俣市","","***","","***","","16,290","","***","","23,867,665","","***","","***","","992","","54,054","","0.36","","1","","8","","***","","***","","***","","***",""
"2011100000","2011年度","43206","熊本県 玉名市","","***","","***","","15,255","","***","","66,339,780","","***","","***","","6,610","","44,580","","0.42","","0","","5","","***","","***","","***","","***",""
"2011100000","2011年度","43208","熊本県 山鹿市","","***","","***","","29,967","","***","","47,264,903","","***","","***","","7,120","","88,277","","0.33","","0","","6","","***","","***","","***","","***",""
"2011100000","2011年度","43210","熊本県 菊池市","","***","","***","","27,666","","***","","44,228,854","","***","","***","","6,070","","156,598","","0.43","","0","","5","","***","","***","","***","","***",""
"2011100000","2011年度","43211","熊本県 宇土市","","***","","***","","7,420","","***","","36,287,300","","***","","***","","1,960","","50,084","","0.46","","1","","1","","***","","***","","***","","***",""
"2011100000","2011年度","43212","熊本県 上天草市","","***","","***","","12,615","","***","","23,138,479","","***","","***","","1,310","","8,458","","0.26","","0","","1","","***","","***","","***","","***",""
"2011100000","2011年度","43213","熊本県 宇城市","","***","","***","","18,858","","***","","55,545,311","","***","","***","","5,970","","110,367","","0.40","","1","","8","","***","","***","","***","","***",""
"2011100000","2011年度","43214","熊本県 阿蘇市","","***","","***","","37,625","","***","","25,555,095","","***","","***","","9,460","","78,000","","0.35","","0","","4","","***","","***","","***","","***",""
"2011100000","2011年度","43215","熊本県 天草市","","***","","***","","68,328","","***","","70,098,523","","***","","***","","5,860","","24,426","","0.27","","1","","14","","***","","***","","***","","***",""
"2011100000","2011年度","43216","熊本県 合志市","","***","","***","","5,317","","***","","62,575,950","","***","","***","","2,250","","231,459","","0.62","","0","","5","","***","","***","","***","","***",""
"2011100000","2011年度","43348","熊本県 美里町","","***","","***","","14,403","","***","","7,804,936","","***","","***","","1,310","","3,117","","0.25","","0","","3","","***","","***","","***","","***",""
"2011100000","2011年度","43364","熊本県 玉東町","","***","","***","","2,440","","***","","4,397,447","","***","","***","","808","","4,116","","0.21","","0","","0","","***","","***","","***","","***",""
"2011100000","2011年度","43367","熊本県 南関町","","***","","***","","6,896","","***","","7,972,923","","***","","***","","1,610","","45,984","","0.36","","0","","0","","***","","***","","***","","***",""
"2011100000","2011年度","43368","熊本県 長洲町","","***","","***","","1,944","","***","","15,918,581","","***","","***","","709","","177,299","","0.52","","0","","1","","***","","***","","***","","***",""
"2011100000","2011年度","43369","熊本県 和水町","","***","","***","","9,875","","***","","8,209,787","","***","","***","","2,070","","86,576","","0.24","","0","","1","","***","","***","","***","","***",""
"2011100000","2011年度","43403","熊本県 大津町","","***","","***","","9,909","","***","","34,525,118","","***","","***","","2,250","","265,760","","0.79","","0","","2","","***","","***","","***","","***",""
"2011100000","2011年度","43404","熊本県 菊陽町","","***","","***","","3,757","","***","","45,238,794","","***","","***","","1,470","","249,469","","0.92","","2","","4","","***","","***","","***","","***",""
"2011100000","2011年度","43423","熊本県 南小国町","","***","","***","","11,590","","***","","3,377,272","","***","","***","","1,080","","832","","0.20","","0","","0","","***","","***","","***","","***",""
"2011100000","2011年度","43424","熊本県 小国町","","***","","***","","13,696","","***","","5,607,908","","***","","***","","1,610","","1,629","","0.20","","0","","1","","***","","***","","***","","***",""
"2011100000","2011年度","43425","熊本県 産山村","","***","","***","","6,080","","***","","962,487","","***","","***","","967","","X","","0.13","","0","","0","","***","","***","","***","","***",""
"2011100000","2011年度","43428","熊本県 高森町","","***","","***","","17,490","","***","","5,084,972","","***","","***","","2,480","","6,337","","0.22","","0","","0","","***","","***","","***","","***",""
"2011100000","2011年度","43432","熊本県 西原村","","***","","***","","7,723","","***","","6,209,983","","***","","***","","1,220","","27,217","","0.35","","0","","0","","***","","***","","***","","***",""
"2011100000","2011年度","43433","熊本県 南阿蘇村","","***","","***","","13,730","","***","","9,392,028","","***","","***","","3,410","","1,581","","0.30","","0","","1","","***","","***","","***","","***",""
"2011100000","2011年度","43441","熊本県 御船町","","***","","***","","9,900","","***","","14,949,723","","***","","***","","1,580","","9,383","","0.36","","0","","1","","***","","***","","***","","***",""
"2011100000","2011年度","43442","熊本県 嘉島町","","***","","***","","1,666","","***","","9,180,011","","***","","***","","827","","48,362","","0.70","","1","","2","","***","","***","","***","","***",""
"2011100000","2011年度","43443","熊本県 益城町","","***","","***","","6,567","","***","","31,976,218","","***","","***","","2,350","","49,711","","0.57","","1","","4","","***","","***","","***","","***",""
"2011100000","2011年度","43444","熊本県 甲佐町","","***","","***","","5,787","","***","","8,175,322","","***","","***","","1,260","","8,554","","0.29","","0","","2","","***","","***","","***","","***",""
"2011100000","2011年度","43447","熊本県 山都町","","***","","***","","54,483","","***","","11,666,114","","***","","***","","5,390","","5,979","","0.19","","0","","4","","***","","***","","***","","***",""
"2011100000","2011年度","43468","熊本県 氷川町","","***","","***","","3,329","","***","","10,176,327","","***","","***","","1,650","","518","","0.27","","0","","1","","***","","***","","***","","***",""
"2011100000","2011年度","43482","熊本県 芦北町","","***","","***","","23,381","","***","","13,945,465","","***","","***","","1,660","","19,131","","0.27","","0","","3","","***","","***","","***","","***",""
"2011100000","2011年度","43484","熊本県 津奈木町","","***","","***","","3,398","","***","","3,218,975","","***","","***","","345","","985","","0.19","","0","","0","","***","","***","","***","","***",""
"2011100000","2011年度","43501","熊本県 錦町","","***","","***","","8,493","","***","","8,732,584","","***","","***","","1,760","","38,092","","0.36","","0","","0","","***","","***","","***","","***",""
"2011100000","2011年度","43505","熊本県 多良木町","","***","","***","","16,586","","***","","8,159,057","","***","","***","","1,730","","5,393","","0.23","","0","","1","","***","","***","","***","","***",""
"2011100000","2011年度","43506","熊本県 湯前町","","***","","***","","4,842","","***","","2,754,467","","***","","***","","604","","2,772","","0.16","","0","","0","","***","","***","","***","","***",""
"2011100000","2011年度","43507","熊本県 水上村","","***","","***","","19,096","","***","","1,456,704","","***","","***","","452","","1,256","","0.15","","0","","1","","***","","***","","***","","***",""
"2011100000","2011年度","43510","熊本県 相良村","","***","","***","","9,454","","***","","3,266,046","","***","","***","","837","","1,064","","0.17","","0","","0","","***","","***","","***","","***",""
"2011100000","2011年度","43511","熊本県 五木村","","***","","***","","25,294","","***","","1,178,156","","***","","***","","134","","624","","0.17","","0","","0","","***","","***","","***","","***",""
"2011100000","2011年度","43512","熊本県 山江村","","***","","***","","12,121","","***","","2,378,291","","***","","***","","533","","804","","0.13","","0","","0","","***","","***","","***","","***",""
"2011100000","2011年度","43513","熊本県 球磨村","","***","","***","","20,773","","***","","2,473,821","","***","","***","","717","","X","","0.13","","0","","0","","***","","***","","***","","***",""
"2011100000","2011年度","43514","熊本県 あさぎり町","","***","","***","","15,949","","***","","12,543,077","","***","","***","","3,000","","9,664","","0.23","","0","","1","","***","","***","","***","","***",""
"2011100000","2011年度","43531","熊本県 苓北町","","***","","***","","6,709","","***","","6,325,829","","***","","***","","683","","3,021","","0.64","","0","","3","","***","","***","","***","","***",""
"2010100000","2010年度","43100","熊本県 熊本市","","734,474","","***","","38,953","","***","","873,797,596","","***","","***","","12,200","","363,138","","0.68","","***","","97","","20.754","","0.89","","***","","11.0",""
"2010100000","2010年度","43101","熊本県 熊本市 中央区","","-","","***","","-","","***","","-","","***","","***","","-","","-","","-","","***","","-","","-","","-","","***","","-",""
"2010100000","2010年度","43102","熊本県 熊本市 東区","","-","","***","","-","","***","","-","","***","","***","","-","","-","","-","","***","","-","","-","","-","","***","","-",""
"2010100000","2010年度","43103","熊本県 熊本市 西区","","-","","***","","-","","***","","-","","***","","***","","-","","-","","-","","***","","-","","-","","-","","***","","-",""
"2010100000","2010年度","43104","熊本県 熊本市 南区","","-","","***","","-","","***","","-","","***","","***","","-","","-","","-","","***","","-","","-","","-","","***","","-",""
"2010100000","2010年度","43105","熊本県 熊本市 北区","","-","","***","","-","","***","","-","","***","","***","","-","","-","","-","","***","","-","","-","","-","","***","","-",""
"2010100000","2010年度","43202","熊本県 八代市","","132,266","","***","","68,060","","***","","119,529,213","","***","","***","","7,610","","216,419","","0.49","","***","","12","","28.260","","-3.38","","***","","7.6",""
"2010100000","2010年度","43203","熊本県 人吉市","","35,611","","***","","21,048","","***","","33,192,721","","***","","***","","1,600","","22,780","","0.44","","***","","10","","30.398","","-5.25","","***","","22.5",""
"2010100000","2010年度","43204","熊本県 荒尾市","","55,321","","***","","5,715","","***","","50,418,880","","***","","***","","1,550","","31,169","","0.48","","***","","5","","28.421","","-1.14","","***","","5.4",""
"2010100000","2010年度","43205","熊本県 水俣市","","26,978","","***","","16,290","","***","","24,194,395","","***","","***","","989","","83,982","","0.36","","***","","8","","32.886","","-7.36","","***","","22.2",""
"2010100000","2010年度","43206","熊本県 玉名市","","69,541","","***","","15,255","","***","","65,818,442","","***","","***","","6,610","","59,598","","0.44","","***","","5","","27.785","","-3.21","","***","","4.3",""
"2010100000","2010年度","43208","熊本県 山鹿市","","55,391","","***","","29,967","","***","","46,819,742","","***","","***","","7,130","","67,315","","0.34","","***","","6","","30.917","","-4.04","","***","","9.0",""
"2010100000","2010年度","43210","熊本県 菊池市","","50,194","","***","","27,666","","***","","44,041,240","","***","","***","","6,070","","148,504","","0.46","","***","","5","","27.561","","-3.22","","***","","8.0",""
"2010100000","2010年度","43211","熊本県 宇土市","","37,727","","***","","7,420","","***","","35,738,572","","***","","***","","1,960","","73,607","","0.48","","***","","1","","24.598","","-0.78","","***","","0.0",""
"2010100000","2010年度","43212","熊本県 上天草市","","29,902","","***","","12,615","","***","","23,505,469","","***","","***","","1,320","","7,864","","0.27","","***","","1","","32.971","","-8.00","","***","","3.3",""
"2010100000","2010年度","43213","熊本県 宇城市","","61,878","","***","","18,856","","***","","54,545,111","","***","","***","","5,980","","106,526","","0.41","","***","","8","","27.664","","-1.92","","***","","11.3",""
"2010100000","2010年度","43214","熊本県 阿蘇市","","28,444","","***","","37,625","","***","","24,421,044","","***","","***","","9,480","","76,762","","0.36","","***","","4","","31.943","","-4.02","","***","","10.5",""
"2010100000","2010年度","43215","熊本県 天草市","","89,065","","***","","68,326","","***","","70,697,845","","***","","***","","5,950","","24,065","","0.28","","***","","14","","33.535","","-7.68","","***","","12.4",""
"2010100000","2010年度","43216","熊本県 合志市","","55,002","","***","","5,317","","***","","61,225,667","","***","","***","","2,260","","220,450","","0.69","","***","","5","","20.001","","6.50","","***","","7.3",""
"2010100000","2010年度","43348","熊本県 美里町","","11,388","","***","","14,403","","***","","7,903,586","","***","","***","","1,310","","4,114","","0.26","","***","","3","","38.268","","-7.07","","***","","26.3",""
"2010100000","2010年度","43364","熊本県 玉東町","","5,554","","***","","2,440","","***","","4,039,413","","***","","***","","807","","2,717","","0.22","","***","","0","","30.356","","-1.28","","***","","0.0",""
"2010100000","2010年度","43367","熊本県 南関町","","10,564","","***","","6,896","","***","","8,084,105","","***","","***","","1,610","","35,108","","0.38","","***","","0","","32.469","","-5.70","","***","","0.0",""
"2010100000","2010年度","43368","熊本県 長洲町","","16,594","","***","","1,944","","***","","15,718,069","","***","","***","","710","","201,113","","0.53","","***","","1","","26.184","","-4.53","","***","","6.0",""
"2010100000","2010年度","43369","熊本県 和水町","","11,247","","***","","9,875","","***","","8,306,462","","***","","***","","2,070","","86,717","","0.25","","***","","1","","36.045","","-5.49","","***","","8.9",""
"2010100000","2010年度","43403","熊本県 大津町","","31,234","","***","","9,909","","***","","32,963,561","","***","","***","","2,260","","256,697","","0.91","","***","","2","","18.688","","7.31","","***","","6.4",""
"2010100000","2010年度","43404","熊本県 菊陽町","","37,734","","***","","3,757","","***","","42,568,593","","***","","***","","1,470","","177,941","","0.94","","***","","4","","16.243","","16.34","","***","","8.0",""
"2010100000","2010年度","43423","熊本県 南小国町","","4,429","","***","","11,590","","***","","3,406,467","","***","","***","","1,100","","957","","0.21","","***","","0","","32.987","","-5.50","","***","","0.0",""
"2010100000","2010年度","43424","熊本県 小国町","","7,877","","***","","13,696","","***","","5,765,016","","***","","***","","1,630","","1,601","","0.21","","***","","1","","33.668","","-8.63","","***","","12.7",""
"2010100000","2010年度","43425","熊本県 産山村","","1,606","","***","","6,080","","***","","963,729","","***","","***","","971","","X","","0.14","","***","","0","","36.239","","-5.97","","***","","0.0",""
"2010100000","2010年度","43428","熊本県 高森町","","6,716","","***","","17,490","","***","","4,910,457","","***","","***","","2,490","","6,493","","0.22","","***","","0","","34.649","","-5.15","","***","","0.0",""
"2010100000","2010年度","43432","熊本県 西原村","","6,792","","***","","7,723","","***","","6,062,694","","***","","***","","1,230","","23,887","","0.37","","***","","0","","25.000","","6.93","","***","","0.0",""
"2010100000","2010年度","43433","熊本県 南阿蘇村","","11,972","","***","","13,730","","***","","9,175,198","","***","","***","","3,430","","1,449","","0.31","","***","","1","","30.605","","-2.30","","***","","8.4",""
"2010100000","2010年度","43441","熊本県 御船町","","17,888","","***","","9,900","","***","","14,938,744","","***","","***","","1,580","","9,495","","0.36","","***","","1","","27.689","","-1.26","","***","","0.0",""
"2010100000","2010年度","43442","熊本県 嘉島町","","8,676","","***","","1,666","","***","","9,190,725","","***","","***","","828","","54,282","","0.73","","***","","2","","24.873","","2.17","","***","","23.1",""
"2010100000","2010年度","43443","熊本県 益城町","","32,676","","***","","6,567","","***","","31,625,368","","***","","***","","2,350","","53,596","","0.58","","***","","4","","23.497","","-0.32","","***","","9.2",""
"2010100000","2010年度","43444","熊本県 甲佐町","","11,181","","***","","5,787","","***","","8,109,302","","***","","***","","1,260","","9,164","","0.30","","***","","2","","33.172","","-3.65","","***","","17.9",""
"2010100000","2010年度","43447","熊本県 山都町","","16,981","","***","","54,483","","***","","11,391,836","","***","","***","","5,390","","6,870","","0.20","","***","","4","","39.774","","-9.49","","***","","23.6",""
"2010100000","2010年度","43468","熊本県 氷川町","","12,715","","***","","3,329","","***","","9,855,427","","***","","***","","1,660","","527","","0.28","","***","","1","","30.657","","-3.91","","***","","7.9",""
"2010100000","2010年度","43482","熊本県 芦北町","","19,316","","***","","23,381","","***","","13,952,303","","***","","***","","1,680","","18,078","","0.28","","***","","3","","35.887","","-7.31","","***","","15.5",""
"2010100000","2010年度","43484","熊本県 津奈木町","","5,062","","***","","3,398","","***","","3,162,149","","***","","***","","350","","1,808","","0.20","","***","","0","","34.749","","-6.67","","***","","0.0",""
"2010100000","2010年度","43501","熊本県 錦町","","11,075","","***","","8,493","","***","","8,339,592","","***","","***","","1,760","","41,838","","0.37","","***","","0","","25.111","","-4.91","","***","","0.0",""
"2010100000","2010年度","43505","熊本県 多良木町","","10,554","","***","","16,586","","***","","8,278,823","","***","","***","","1,730","","5,693","","0.24","","***","","1","","33.637","","-7.40","","***","","9.5",""
"2010100000","2010年度","43506","熊本県 湯前町","","4,375","","***","","4,842","","***","","2,758,590","","***","","***","","606","","2,257","","0.16","","***","","0","","36.251","","-7.43","","***","","0.0",""
"2010100000","2010年度","43507","熊本県 水上村","","2,405","","***","","19,096","","***","","1,499,409","","***","","***","","452","","1,353","","0.16","","***","","1","","38.545","","-7.39","","***","","41.6",""
"2010100000","2010年度","43510","熊本県 相良村","","4,934","","***","","9,454","","***","","3,117,659","","***","","***","","837","","1,055","","0.18","","***","","0","","32.996","","-8.60","","***","","0.0",""
"2010100000","2010年度","43511","熊本県 五木村","","1,205","","***","","25,294","","***","","1,017,242","","***","","***","","135","","495","","0.18","","***","","0","","42.075","","-11.27","","***","","0.0",""
"2010100000","2010年度","43512","熊本県 山江村","","3,681","","***","","12,121","","***","","2,314,858","","***","","***","","535","","706","","0.14","","***","","0","","28.606","","-5.64","","***","","0.0",""
"2010100000","2010年度","43513","熊本県 球磨村","","4,249","","***","","20,773","","***","","2,507,400","","***","","***","","720","","X","","0.14","","***","","0","","38.127","","-11.22","","***","","0.0",""
"2010100000","2010年度","43514","熊本県 あさぎり町","","16,638","","***","","15,949","","***","","12,452,146","","***","","***","","3,010","","9,469","","0.24","","***","","1","","30.118","","-3.83","","***","","6.0",""
"2010100000","2010年度","43531","熊本県 苓北町","","8,314","","***","","6,708","","***","","6,272,709","","***","","***","","691","","2,945","","0.69","","***","","4","","33.834","","-6.87","","***","","48.1",""
"2009100000","2009年度","43100","熊本県 熊本市","","***","","***","","38,953","","6,336","","919,368,257","","6,676","","***","","12,260","","358,655","","0.70","","11","","97","","***","","***","","***","","***",""
"2009100000","2009年度","43101","熊本県 熊本市 中央区","","***","","***","","-","","-","","-","","-","","***","","-","","-","","-","","-","","-","","***","","***","","***","","***",""
"2009100000","2009年度","43102","熊本県 熊本市 東区","","***","","***","","-","","-","","-","","-","","***","","-","","-","","-","","-","","-","","***","","***","","***","","***",""
"2009100000","2009年度","43103","熊本県 熊本市 西区","","***","","***","","-","","-","","-","","-","","***","","-","","-","","-","","-","","-","","***","","***","","***","","***",""
"2009100000","2009年度","43104","熊本県 熊本市 南区","","***","","***","","-","","-","","-","","-","","***","","-","","-","","-","","-","","-","","***","","***","","***","","***",""
"2009100000","2009年度","43105","熊本県 熊本市 北区","","***","","***","","-","","-","","-","","-","","***","","-","","-","","-","","-","","-","","***","","***","","***","","***",""
"2009100000","2009年度","43202","熊本県 八代市","","***","","***","","68,060","","50,259","","126,835,070","","1,589","","***","","7,630","","205,456","","0.52","","6","","12","","***","","***","","***","","***",""
"2009100000","2009年度","43203","熊本県 人吉市","","***","","***","","21,048","","15,883","","35,294,140","","536","","***","","1,610","","23,557","","0.46","","1","","10","","***","","***","","***","","***",""
"2009100000","2009年度","43204","熊本県 荒尾市","","***","","***","","5,715","","968","","53,810,607","","524","","***","","1,560","","28,590","","0.49","","1","","5","","***","","***","","***","","***",""
"2009100000","2009年度","43205","熊本県 水俣市","","***","","***","","16,289","","12,152","","25,797,071","","308","","***","","997","","67,560","","0.39","","1","","8","","***","","***","","***","","***",""
"2009100000","2009年度","43206","熊本県 玉名市","","***","","***","","15,255","","2,695","","71,017,275","","701","","***","","6,630","","52,084","","0.46","","1","","5","","***","","***","","***","","***",""
"2009100000","2009年度","43208","熊本県 山鹿市","","***","","***","","29,967","","15,476","","50,326,132","","571","","***","","7,140","","62,907","","0.36","","1","","6","","***","","***","","***","","***",""
"2009100000","2009年度","43210","熊本県 菊池市","","***","","***","","27,666","","15,245","","47,902,928","","508","","***","","6,080","","143,442","","0.48","","2","","5","","***","","***","","***","","***",""
"2009100000","2009年度","43211","熊本県 宇土市","","***","","***","","7,419","","2,854","","37,507,302","","380","","***","","1,960","","65,565","","0.49","","2","","1","","***","","***","","***","","***",""
"2009100000","2009年度","43212","熊本県 上天草市","","***","","***","","12,614","","7,604","","24,895,478","","450","","***","","1,330","","8,304","","0.28","","1","","1","","***","","***","","***","","***",""
"2009100000","2009年度","43213","熊本県 宇城市","","***","","***","","18,856","","6,119","","57,684,662","","681","","***","","5,990","","110,673","","0.43","","1","","8","","***","","***","","***","","***",""
"2009100000","2009年度","43214","熊本県 阿蘇市","","***","","***","","37,625","","14,826","","26,247,741","","374","","***","","9,500","","46,510","","0.38","","0","","4","","***","","***","","***","","***",""
"2009100000","2009年度","43215","熊本県 天草市","","***","","***","","68,325","","46,440","","73,656,704","","1,496","","***","","6,000","","24,255","","0.30","","2","","14","","***","","***","","***","","***",""
"2009100000","2009年度","43216","熊本県 合志市","","***","","***","","5,317","","639","","65,474,815","","308","","***","","2,270","","152,337","","0.72","","0","","5","","***","","***","","***","","***",""
"2009100000","2009年度","43348","熊本県 美里町","","***","","***","","14,403","","10,745","","8,639,180","","139","","***","","1,310","","4,237","","0.27","","0","","3","","***","","***","","***","","***",""
"2009100000","2009年度","43364","熊本県 玉東町","","***","","***","","2,440","","764","","4,604,202","","56","","***","","807","","2,478","","0.23","","0","","0","","***","","***","","***","","***",""
"2009100000","2009年度","43367","熊本県 南関町","","***","","***","","6,896","","3,416","","8,763,166","","139","","***","","1,610","","31,560","","0.39","","0","","0","","***","","***","","***","","***",""
"2009100000","2009年度","43368","熊本県 長洲町","","***","","***","","1,944","","34","","17,112,309","","151","","***","","711","","170,309","","0.53","","0","","1","","***","","***","","***","","***",""
"2009100000","2009年度","43369","熊本県 和水町","","***","","***","","9,875","","5,163","","8,995,961","","117","","***","","2,070","","81,977","","0.27","","0","","1","","***","","***","","***","","***",""
"2009100000","2009年度","43403","熊本県 大津町","","***","","***","","9,909","","4,893","","35,871,556","","260","","***","","2,260","","281,724","","1.02","","1","","2","","***","","***","","***","","***",""
"2009100000","2009年度","43404","熊本県 菊陽町","","***","","***","","3,757","","423","","44,810,487","","322","","***","","1,480","","155,176","","0.95","","3","","4","","***","","***","","***","","***",""
"2009100000","2009年度","43423","熊本県 南小国町","","***","","***","","11,590","","7,879","","3,704,720","","58","","***","","1,110","","961","","0.23","","0","","0","","***","","***","","***","","***",""
"2009100000","2009年度","43424","熊本県 小国町","","***","","***","","13,696","","10,199","","6,077,189","","134","","***","","1,650","","1,660","","0.23","","0","","1","","***","","***","","***","","***",""
"2009100000","2009年度","43425","熊本県 産山村","","***","","***","","6,080","","3,548","","1,026,678","","17","","***","","979","","X","","0.15","","0","","0","","***","","***","","***","","***",""
"2009100000","2009年度","43428","熊本県 高森町","","***","","***","","17,490","","12,043","","5,280,103","","106","","***","","2,490","","5,519","","0.23","","0","","0","","***","","***","","***","","***",""
"2009100000","2009年度","43432","熊本県 西原村","","***","","***","","7,723","","4,251","","6,369,111","","76","","***","","1,250","","20,017","","0.38","","0","","0","","***","","***","","***","","***",""
"2009100000","2009年度","43433","熊本県 南阿蘇村","","***","","***","","13,730","","6,668","","9,836,727","","148","","***","","3,440","","1,691","","0.33","","0","","1","","***","","***","","***","","***",""
"2009100000","2009年度","43441","熊本県 御船町","","***","","***","","9,900","","5,576","","15,897,314","","159","","***","","1,590","","10,502","","0.37","","0","","1","","***","","***","","***","","***",""
"2009100000","2009年度","43442","熊本県 嘉島町","","***","","***","","1,666","","0","","9,545,121","","207","","***","","833","","55,209","","0.77","","1","","2","","***","","***","","***","","***",""
"2009100000","2009年度","43443","熊本県 益城町","","***","","***","","6,567","","2,129","","33,837,999","","201","","***","","2,360","","52,271","","0.58","","1","","4","","***","","***","","***","","***",""
"2009100000","2009年度","43444","熊本県 甲佐町","","***","","***","","5,787","","2,595","","8,759,002","","106","","***","","1,260","","12,687","","0.32","","0","","2","","***","","***","","***","","***",""
"2009100000","2009年度","43447","熊本県 山都町","","***","","***","","54,483","","39,098","","11,948,545","","234","","***","","5,400","","6,198","","0.21","","0","","4","","***","","***","","***","","***",""
"2009100000","2009年度","43468","熊本県 氷川町","","***","","***","","3,329","","338","","10,382,203","","109","","***","","1,660","","631","","0.30","","0","","1","","***","","***","","***","","***",""
"2009100000","2009年度","43482","熊本県 芦北町","","***","","***","","23,381","","18,354","","15,171,273","","213","","***","","1,730","","15,186","","0.30","","0","","3","","***","","***","","***","","***",""
"2009100000","2009年度","43484","熊本県 津奈木町","","***","","***","","3,398","","2,193","","3,420,528","","42","","***","","354","","1,864","","0.21","","0","","0","","***","","***","","***","","***",""
"2009100000","2009年度","43501","熊本県 錦町","","***","","***","","8,493","","4,942","","9,015,316","","128","","***","","1,760","","35,694","","0.39","","0","","0","","***","","***","","***","","***",""
"2009100000","2009年度","43505","熊本県 多良木町","","***","","***","","16,586","","13,323","","8,666,211","","122","","***","","1,730","","5,651","","0.25","","1","","1","","***","","***","","***","","***",""
"2009100000","2009年度","43506","熊本県 湯前町","","***","","***","","4,842","","3,564","","2,932,850","","68","","***","","606","","2,086","","0.16","","0","","0","","***","","***","","***","","***",""
"2009100000","2009年度","43507","熊本県 水上村","","***","","***","","19,211","","18,514","","1,541,008","","27","","***","","457","","1,264","","0.17","","0","","1","","***","","***","","***","","***",""
"2009100000","2009年度","43510","熊本県 相良村","","***","","***","","9,454","","7,143","","3,420,771","","34","","***","","833","","1,530","","0.19","","0","","0","","***","","***","","***","","***",""
"2009100000","2009年度","43511","熊本県 五木村","","***","","***","","25,294","","24,210","","1,048,049","","18","","***","","135","","547","","0.19","","0","","0","","***","","***","","***","","***",""
"2009100000","2009年度","43512","熊本県 山江村","","***","","***","","12,121","","10,660","","2,466,521","","17","","***","","535","","394","","0.14","","0","","0","","***","","***","","***","","***",""
"2009100000","2009年度","43513","熊本県 球磨村","","***","","***","","20,773","","18,447","","2,640,858","","39","","***","","720","","X","","0.15","","0","","0","","***","","***","","***","","***",""
"2009100000","2009年度","43514","熊本県 あさぎり町","","***","","***","","15,949","","10,812","","13,069,625","","168","","***","","3,010","","8,994","","0.25","","0","","1","","***","","***","","***","","***",""
"2009100000","2009年度","43531","熊本県 苓北町","","***","","***","","6,708","","4,145","","6,643,890","","112","","***","","695","","3,098","","0.76","","0","","4","","***","","***","","***","","***",""
"2008100000","2008年度","43100","熊本県 熊本市","","***","","***","","38,951","","***","","942,331,554","","***","","***","","12,352","","413,849","","-","","***","","96","","***","","***","","***","","***",""
"2008100000","2008年度","43101","熊本県 熊本市 中央区","","***","","***","","-","","***","","-","","***","","***","","-","","-","","-","","***","","-","","***","","***","","***","","***",""
"2008100000","2008年度","43102","熊本県 熊本市 東区","","***","","***","","-","","***","","-","","***","","***","","-","","-","","-","","***","","-","","***","","***","","***","","***",""
"2008100000","2008年度","43103","熊本県 熊本市 西区","","***","","***","","-","","***","","-","","***","","***","","-","","-","","-","","***","","-","","***","","***","","***","","***",""
"2008100000","2008年度","43104","熊本県 熊本市 南区","","***","","***","","-","","***","","-","","***","","***","","-","","-","","-","","***","","-","","***","","***","","***","","***",""
"2008100000","2008年度","43105","熊本県 熊本市 北区","","***","","***","","-","","***","","-","","***","","***","","-","","-","","-","","***","","-","","***","","***","","***","","***",""
"2008100000","2008年度","43202","熊本県 八代市","","***","","***","","68,059","","***","","130,116,753","","***","","***","","7,640","","254,434","","0.54","","***","","12","","***","","***","","***","","***",""
"2008100000","2008年度","43203","熊本県 人吉市","","***","","***","","21,049","","***","","36,532,743","","***","","***","","1,620","","26,510","","0.48","","***","","10","","***","","***","","***","","***",""
"2008100000","2008年度","43204","熊本県 荒尾市","","***","","***","","5,715","","***","","55,352,569","","***","","***","","1,560","","34,471","","0.50","","***","","5","","***","","***","","***","","***",""
"2008100000","2008年度","43205","熊本県 水俣市","","***","","***","","16,289","","***","","26,801,959","","***","","***","","999","","79,619","","0.40","","***","","8","","***","","***","","***","","***",""
"2008100000","2008年度","43206","熊本県 玉名市","","***","","***","","15,255","","***","","73,010,127","","***","","***","","6,640","","72,845","","0.47","","***","","5","","***","","***","","***","","***",""
"2008100000","2008年度","43208","熊本県 山鹿市","","***","","***","","29,967","","***","","51,962,753","","***","","***","","7,160","","70,828","","0.37","","***","","6","","***","","***","","***","","***",""
"2008100000","2008年度","43210","熊本県 菊池市","","***","","***","","27,666","","***","","49,239,484","","***","","***","","6,090","","176,441","","0.49","","***","","5","","***","","***","","***","","***",""
"2008100000","2008年度","43211","熊本県 宇土市","","***","","***","","7,419","","***","","38,391,957","","***","","***","","2,000","","83,159","","0.50","","***","","1","","***","","***","","***","","***",""
"2008100000","2008年度","43212","熊本県 上天草市","","***","","***","","12,614","","***","","26,526,698","","***","","***","","1,330","","12,311","","0.29","","***","","1","","***","","***","","***","","***",""
"2008100000","2008年度","43213","熊本県 宇城市","","***","","***","","18,856","","***","","59,964,113","","***","","***","","6,010","","124,981","","0.44","","***","","8","","***","","***","","***","","***",""
"2008100000","2008年度","43214","熊本県 阿蘇市","","***","","***","","37,625","","***","","27,651,548","","***","","***","","9,530","","62,963","","0.38","","***","","4","","***","","***","","***","","***",""
"2008100000","2008年度","43215","熊本県 天草市","","***","","***","","68,324","","***","","76,152,947","","***","","***","","6,080","","29,711","","0.31","","***","","14","","***","","***","","***","","***",""
"2008100000","2008年度","43216","熊本県 合志市","","***","","***","","5,317","","***","","66,439,691","","***","","***","","2,270","","198,227","","0.72","","***","","5","","***","","***","","***","","***",""
"2008100000","2008年度","43348","熊本県 美里町","","***","","***","","14,403","","***","","8,893,597","","***","","***","","1,320","","4,534","","0.27","","***","","3","","***","","***","","***","","***",""
"2008100000","2008年度","43364","熊本県 玉東町","","***","","***","","2,440","","***","","4,631,042","","***","","***","","808","","2,926","","0.23","","***","","0","","***","","***","","***","","***",""
"2008100000","2008年度","43367","熊本県 南関町","","***","","***","","6,896","","***","","9,101,753","","***","","***","","1,610","","47,972","","0.38","","***","","0","","***","","***","","***","","***",""
"2008100000","2008年度","43368","熊本県 長洲町","","***","","***","","1,944","","***","","17,540,139","","***","","***","","714","","177,616","","0.53","","***","","1","","***","","***","","***","","***",""
"2008100000","2008年度","43369","熊本県 和水町","","***","","***","","9,875","","***","","9,254,506","","***","","***","","2,080","","112,295","","0.28","","***","","1","","***","","***","","***","","***",""
"2008100000","2008年度","43403","熊本県 大津町","","***","","***","","9,909","","***","","35,940,372","","***","","***","","2,270","","401,467","","1.07","","***","","2","","***","","***","","***","","***",""
"2008100000","2008年度","43404","熊本県 菊陽町","","***","","***","","3,757","","***","","43,860,554","","***","","***","","1,480","","157,894","","0.89","","***","","4","","***","","***","","***","","***",""
"2008100000","2008年度","43423","熊本県 南小国町","","***","","***","","11,590","","***","","3,928,685","","***","","***","","1,120","","987","","0.23","","***","","0","","***","","***","","***","","***",""
"2008100000","2008年度","43424","熊本県 小国町","","***","","***","","13,696","","***","","6,342,732","","***","","***","","1,670","","2,108","","0.24","","***","","1","","***","","***","","***","","***",""
"2008100000","2008年度","43425","熊本県 産山村","","***","","***","","6,080","","***","","1,058,948","","***","","***","","986","","39","","0.17","","***","","0","","***","","***","","***","","***",""
"2008100000","2008年度","43428","熊本県 高森町","","***","","***","","17,490","","***","","5,603,999","","***","","***","","2,510","","6,087","","0.23","","***","","0","","***","","***","","***","","***",""
"2008100000","2008年度","43432","熊本県 西原村","","***","","***","","7,723","","***","","6,445,863","","***","","***","","1,270","","29,939","","0.39","","***","","0","","***","","***","","***","","***",""
"2008100000","2008年度","43433","熊本県 南阿蘇村","","***","","***","","13,730","","***","","10,084,308","","***","","***","","3,460","","1,761","","0.34","","***","","1","","***","","***","","***","","***",""
"2008100000","2008年度","43441","熊本県 御船町","","***","","***","","9,900","","***","","16,169,026","","***","","***","","1,590","","11,967","","0.38","","***","","1","","***","","***","","***","","***",""
"2008100000","2008年度","43442","熊本県 嘉島町","","***","","***","","1,666","","***","","9,508,796","","***","","***","","853","","54,282","","0.79","","***","","2","","***","","***","","***","","***",""
"2008100000","2008年度","43443","熊本県 益城町","","***","","***","","6,567","","***","","34,457,390","","***","","***","","2,390","","55,823","","0.57","","***","","4","","***","","***","","***","","***",""
"2008100000","2008年度","43444","熊本県 甲佐町","","***","","***","","5,787","","***","","9,060,290","","***","","***","","1,270","","14,632","","0.33","","***","","2","","***","","***","","***","","***",""
"2008100000","2008年度","43447","熊本県 山都町","","***","","***","","54,483","","***","","12,555,517","","***","","***","","5,400","","6,770","","0.21","","***","","4","","***","","***","","***","","***",""
"2008100000","2008年度","43468","熊本県 氷川町","","***","","***","","3,329","","***","","10,533,214","","***","","***","","1,660","","741","","0.32","","***","","1","","***","","***","","***","","***",""
"2008100000","2008年度","43482","熊本県 芦北町","","***","","***","","23,381","","***","","15,544,656","","***","","***","","1,740","","22,107","","0.30","","***","","3","","***","","***","","***","","***",""
"2008100000","2008年度","43484","熊本県 津奈木町","","***","","***","","3,398","","***","","3,707,681","","***","","***","","355","","2,040","","0.22","","***","","0","","***","","***","","***","","***",""
"2008100000","2008年度","43501","熊本県 錦町","","***","","***","","8,493","","***","","9,428,166","","***","","***","","1,760","","53,094","","0.41","","***","","0","","***","","***","","***","","***",""
"2008100000","2008年度","43505","熊本県 多良木町","","***","","***","","16,587","","***","","9,148,443","","***","","***","","1,730","","6,877","","0.25","","***","","1","","***","","***","","***","","***",""
"2008100000","2008年度","43506","熊本県 湯前町","","***","","***","","4,841","","***","","3,026,389","","***","","***","","606","","2,532","","0.17","","***","","0","","***","","***","","***","","***",""
"2008100000","2008年度","43507","熊本県 水上村","","***","","***","","19,211","","***","","1,621,712","","***","","***","","460","","1,481","","0.18","","***","","1","","***","","***","","***","","***",""
"2008100000","2008年度","43510","熊本県 相良村","","***","","***","","9,454","","***","","3,551,481","","***","","***","","836","","2,076","","0.20","","***","","0","","***","","***","","***","","***",""
"2008100000","2008年度","43511","熊本県 五木村","","***","","***","","25,294","","***","","1,090,863","","***","","***","","137","","572","","0.20","","***","","0","","***","","***","","***","","***",""
"2008100000","2008年度","43512","熊本県 山江村","","***","","***","","12,120","","***","","2,580,040","","***","","***","","535","","480","","0.15","","***","","0","","***","","***","","***","","***",""
"2008100000","2008年度","43513","熊本県 球磨村","","***","","***","","20,773","","***","","2,799,315","","***","","***","","721","","589","","0.15","","***","","0","","***","","***","","***","","***",""
"2008100000","2008年度","43514","熊本県 あさぎり町","","***","","***","","15,949","","***","","13,316,721","","***","","***","","3,020","","9,325","","0.26","","***","","1","","***","","***","","***","","***",""
"2008100000","2008年度","43531","熊本県 苓北町","","***","","***","","6,708","","***","","6,877,385","","***","","***","","695","","3,869","","0.84","","***","","4","","***","","***","","***","","***",""
"2007100000","2007年度","43100","熊本県 熊本市","","***","","***","","38,951","","***","","935,955,076","","***","","***","","12,494","","430,917","","-","","***","","98","","***","","***","","***","","***",""
"2007100000","2007年度","43101","熊本県 熊本市 中央区","","***","","***","","-","","***","","-","","***","","***","","-","","-","","-","","***","","-","","***","","***","","***","","***",""
"2007100000","2007年度","43102","熊本県 熊本市 東区","","***","","***","","-","","***","","-","","***","","***","","-","","-","","-","","***","","-","","***","","***","","***","","***",""
"2007100000","2007年度","43103","熊本県 熊本市 西区","","***","","***","","-","","***","","-","","***","","***","","-","","-","","-","","***","","-","","***","","***","","***","","***",""
"2007100000","2007年度","43104","熊本県 熊本市 南区","","***","","***","","-","","***","","-","","***","","***","","-","","-","","-","","***","","-","","***","","***","","***","","***",""
"2007100000","2007年度","43105","熊本県 熊本市 北区","","***","","***","","-","","***","","-","","***","","***","","-","","-","","-","","***","","-","","***","","***","","***","","***",""
"2007100000","2007年度","43202","熊本県 八代市","","***","","***","","68,059","","***","","129,858,945","","***","","***","","7,660","","249,339","","0.54","","***","","12","","***","","***","","***","","***",""
"2007100000","2007年度","43203","熊本県 人吉市","","***","","***","","21,055","","***","","36,890,444","","***","","***","","1,620","","27,171","","0.49","","***","","10","","***","","***","","***","","***",""
"2007100000","2007年度","43204","熊本県 荒尾市","","***","","***","","5,715","","***","","54,966,348","","***","","***","","1,570","","31,378","","0.48","","***","","5","","***","","***","","***","","***",""
"2007100000","2007年度","43205","熊本県 水俣市","","***","","***","","16,288","","***","","27,265,463","","***","","***","","1,000","","76,839","","0.41","","***","","8","","***","","***","","***","","***",""
"2007100000","2007年度","43206","熊本県 玉名市","","***","","***","","15,255","","***","","72,140,083","","***","","***","","6,660","","77,463","","0.45","","***","","5","","***","","***","","***","","***",""
"2007100000","2007年度","43208","熊本県 山鹿市","","***","","***","","29,967","","***","","51,680,588","","***","","***","","7,190","","71,125","","0.37","","***","","6","","***","","***","","***","","***",""
"2007100000","2007年度","43210","熊本県 菊池市","","***","","***","","27,666","","***","","48,801,096","","***","","***","","6,110","","177,611","","0.48","","***","","5","","***","","***","","***","","***",""
"2007100000","2007年度","43211","熊本県 宇土市","","***","","***","","7,419","","***","","37,883,905","","***","","***","","2,010","","78,221","","0.48","","***","","1","","***","","***","","***","","***",""
"2007100000","2007年度","43212","熊本県 上天草市","","***","","***","","12,613","","***","","25,998,937","","***","","***","","1,340","","12,157","","0.28","","***","","1","","***","","***","","***","","***",""
"2007100000","2007年度","43213","熊本県 宇城市","","***","","***","","18,856","","***","","58,927,209","","***","","***","","6,030","","118,864","","0.44","","***","","8","","***","","***","","***","","***",""
"2007100000","2007年度","43214","熊本県 阿蘇市","","***","","***","","37,625","","***","","26,564,668","","***","","***","","9,560","","61,253","","0.38","","***","","4","","***","","***","","***","","***",""
"2007100000","2007年度","43215","熊本県 天草市","","***","","***","","68,317","","***","","76,246,382","","***","","***","","6,120","","30,976","","0.30","","***","","14","","***","","***","","***","","***",""
"2007100000","2007年度","43216","熊本県 合志市","","***","","***","","5,317","","***","","66,069,930","","***","","***","","2,280","","295,056","","0.65","","***","","5","","***","","***","","***","","***",""
"2007100000","2007年度","43348","熊本県 美里町","","***","","***","","14,403","","***","","8,636,968","","***","","***","","1,330","","4,322","","0.27","","***","","3","","***","","***","","***","","***",""
"2007100000","2007年度","43364","熊本県 玉東町","","***","","***","","2,440","","***","","4,786,632","","***","","***","","809","","3,046","","0.23","","***","","0","","***","","***","","***","","***",""
"2007100000","2007年度","43367","熊本県 南関町","","***","","***","","6,896","","***","","9,140,470","","***","","***","","1,620","","48,852","","0.37","","***","","0","","***","","***","","***","","***",""
"2007100000","2007年度","43368","熊本県 長洲町","","***","","***","","1,944","","***","","17,523,586","","***","","***","","719","","175,926","","0.57","","***","","1","","***","","***","","***","","***",""
"2007100000","2007年度","43369","熊本県 和水町","","***","","***","","9,875","","***","","9,316,118","","***","","***","","2,090","","127,960","","0.28","","***","","1","","***","","***","","***","","***",""
"2007100000","2007年度","43403","熊本県 大津町","","***","","***","","9,909","","***","","34,569,198","","***","","***","","2,280","","419,746","","1.05","","***","","2","","***","","***","","***","","***",""
"2007100000","2007年度","43404","熊本県 菊陽町","","***","","***","","3,757","","***","","41,666,215","","***","","***","","1,480","","148,638","","0.81","","***","","4","","***","","***","","***","","***",""
"2007100000","2007年度","43423","熊本県 南小国町","","***","","***","","11,586","","***","","4,270,178","","***","","***","","1,150","","1,019","","0.24","","***","","0","","***","","***","","***","","***",""
"2007100000","2007年度","43424","熊本県 小国町","","***","","***","","13,700","","***","","6,452,159","","***","","***","","1,710","","2,342","","0.24","","***","","1","","***","","***","","***","","***",""
"2007100000","2007年度","43425","熊本県 産山村","","***","","***","","6,080","","***","","1,021,097","","***","","***","","1,010","","X","","0.18","","***","","0","","***","","***","","***","","***",""
"2007100000","2007年度","43428","熊本県 高森町","","***","","***","","17,490","","***","","5,663,447","","***","","***","","2,550","","6,017","","0.24","","***","","0","","***","","***","","***","","***",""
"2007100000","2007年度","43432","熊本県 西原村","","***","","***","","7,723","","***","","6,329,177","","***","","***","","1,310","","32,750","","0.38","","***","","0","","***","","***","","***","","***",""
"2007100000","2007年度","43433","熊本県 南阿蘇村","","***","","***","","13,730","","***","","9,854,899","","***","","***","","3,500","","1,792","","0.34","","***","","1","","***","","***","","***","","***",""
"2007100000","2007年度","43441","熊本県 御船町","","***","","***","","9,900","","***","","16,137,726","","***","","***","","1,600","","11,829","","0.37","","***","","1","","***","","***","","***","","***",""
"2007100000","2007年度","43442","熊本県 嘉島町","","***","","***","","1,666","","***","","9,169,302","","***","","***","","854","","50,245","","0.76","","***","","2","","***","","***","","***","","***",""
"2007100000","2007年度","43443","熊本県 益城町","","***","","***","","6,567","","***","","35,323,229","","***","","***","","2,400","","54,333","","0.55","","***","","4","","***","","***","","***","","***",""
"2007100000","2007年度","43444","熊本県 甲佐町","","***","","***","","5,787","","***","","9,188,844","","***","","***","","1,280","","15,185","","0.34","","***","","2","","***","","***","","***","","***",""
"2007100000","2007年度","43447","熊本県 山都町","","***","","***","","54,483","","***","","12,251,212","","***","","***","","5,410","","7,901","","0.21","","***","","4","","***","","***","","***","","***",""
"2007100000","2007年度","43468","熊本県 氷川町","","***","","***","","3,329","","***","","10,880,231","","***","","***","","1,670","","688","","0.31","","***","","1","","***","","***","","***","","***",""
"2007100000","2007年度","43482","熊本県 芦北町","","***","","***","","23,380","","***","","15,827,949","","***","","***","","1,760","","21,837","","0.33","","***","","2","","***","","***","","***","","***",""
"2007100000","2007年度","43484","熊本県 津奈木町","","***","","***","","3,397","","***","","3,666,270","","***","","***","","361","","1,901","","0.27","","***","","0","","***","","***","","***","","***",""
"2007100000","2007年度","43501","熊本県 錦町","","***","","***","","8,487","","***","","9,609,996","","***","","***","","1,760","","52,575","","0.41","","***","","0","","***","","***","","***","","***",""
"2007100000","2007年度","43505","熊本県 多良木町","","***","","***","","16,587","","***","","9,390,445","","***","","***","","1,740","","7,282","","0.26","","***","","1","","***","","***","","***","","***",""
"2007100000","2007年度","43506","熊本県 湯前町","","***","","***","","4,841","","***","","3,072,761","","***","","***","","606","","2,751","","0.17","","***","","0","","***","","***","","***","","***",""
"2007100000","2007年度","43507","熊本県 水上村","","***","","***","","19,211","","***","","1,677,429","","***","","***","","463","","1,535","","0.18","","***","","1","","***","","***","","***","","***",""
"2007100000","2007年度","43510","熊本県 相良村","","***","","***","","9,454","","***","","3,651,628","","***","","***","","840","","2,293","","0.20","","***","","0","","***","","***","","***","","***",""
"2007100000","2007年度","43511","熊本県 五木村","","***","","***","","25,294","","***","","1,080,425","","***","","***","","147","","X","","0.21","","***","","0","","***","","***","","***","","***",""
"2007100000","2007年度","43512","熊本県 山江村","","***","","***","","12,120","","***","","2,673,476","","***","","***","","540","","495","","0.15","","***","","0","","***","","***","","***","","***",""
"2007100000","2007年度","43513","熊本県 球磨村","","***","","***","","20,773","","***","","2,853,600","","***","","***","","721","","592","","0.15","","***","","0","","***","","***","","***","","***",""
"2007100000","2007年度","43514","熊本県 あさぎり町","","***","","***","","15,949","","***","","13,424,004","","***","","***","","3,030","","9,844","","0.26","","***","","1","","***","","***","","***","","***",""
"2007100000","2007年度","43531","熊本県 苓北町","","***","","***","","6,708","","***","","6,801,110","","***","","***","","698","","3,152","","0.93","","***","","4","","***","","***","","***","","***",""
"2006100000","2006年度","43100","熊本県 熊本市","","***","","***","","38,950","","***","","930,702,968","","***","","44,420","","12,580","","408,289","","-","","***","","99","","***","","***","","***","","***",""
"2006100000","2006年度","43101","熊本県 熊本市 中央区","","***","","***","","-","","***","","-","","***","","-","","-","","-","","-","","***","","-","","***","","***","","***","","***",""
"2006100000","2006年度","43102","熊本県 熊本市 東区","","***","","***","","-","","***","","-","","***","","-","","-","","-","","-","","***","","-","","***","","***","","***","","***",""
"2006100000","2006年度","43103","熊本県 熊本市 西区","","***","","***","","-","","***","","-","","***","","-","","-","","-","","-","","***","","-","","***","","***","","***","","***",""
"2006100000","2006年度","43104","熊本県 熊本市 南区","","***","","***","","-","","***","","-","","***","","-","","-","","-","","-","","***","","-","","***","","***","","***","","***",""
"2006100000","2006年度","43105","熊本県 熊本市 北区","","***","","***","","-","","***","","-","","***","","-","","-","","-","","-","","***","","-","","***","","***","","***","","***",""
"2006100000","2006年度","43202","熊本県 八代市","","***","","***","","68,024","","***","","132,299,503","","***","","28,430","","7,700","","237,337","","0.51","","***","","12","","***","","***","","***","","***",""
"2006100000","2006年度","43203","熊本県 人吉市","","***","","***","","21,055","","***","","37,667,634","","***","","4,010","","1,630","","28,451","","0.49","","***","","10","","***","","***","","***","","***",""
"2006100000","2006年度","43204","熊本県 荒尾市","","***","","***","","5,715","","***","","54,830,146","","***","","3,240","","1,580","","28,669","","0.47","","***","","5","","***","","***","","***","","***",""
"2006100000","2006年度","43205","熊本県 水俣市","","***","","***","","16,288","","***","","27,776,818","","***","","2,530","","1,000","","67,160","","0.38","","***","","8","","***","","***","","***","","***",""
"2006100000","2006年度","43206","熊本県 玉名市","","***","","***","","15,255","","***","","72,518,543","","***","","20,920","","6,690","","79,092","","0.43","","***","","5","","***","","***","","***","","***",""
"2006100000","2006年度","43208","熊本県 山鹿市","","***","","***","","29,967","","***","","51,629,310","","***","","16,240","","7,220","","66,583","","0.34","","***","","6","","***","","***","","***","","***",""
"2006100000","2006年度","43210","熊本県 菊池市","","***","","***","","27,666","","***","","49,719,814","","***","","28,240","","6,160","","173,157","","0.45","","***","","5","","***","","***","","***","","***",""
"2006100000","2006年度","43211","熊本県 宇土市","","***","","***","","7,419","","***","","38,605,639","","***","","5,040","","2,030","","70,316","","0.46","","***","","1","","***","","***","","***","","***",""
"2006100000","2006年度","43212","熊本県 上天草市","","***","","***","","12,612","","***","","28,494,236","","***","","2,790","","1,360","","13,444","","0.27","","***","","1","","***","","***","","***","","***",""
"2006100000","2006年度","43213","熊本県 宇城市","","***","","***","","18,856","","***","","58,655,008","","***","","18,620","","6,050","","113,090","","0.42","","***","","8","","***","","***","","***","","***",""
"2006100000","2006年度","43214","熊本県 阿蘇市","","***","","***","","37,625","","***","","26,475,763","","***","","11,890","","9,580","","59,355","","0.37","","***","","4","","***","","***","","***","","***",""
"2006100000","2006年度","43215","熊本県 天草市","","***","","***","","68,315","","***","","78,771,973","","***","","10,230","","6,200","","28,884","","0.28","","***","","14","","***","","***","","***","","***",""
"2006100000","2006年度","43216","熊本県 合志市","","***","","***","","5,317","","***","","65,281,446","","***","","8,000","","2,290","","289,157","","0.61","","***","","5","","***","","***","","***","","***",""
"2006100000","2006年度","43348","熊本県 美里町","","***","","***","","14,403","","***","","8,792,460","","***","","2,110","","1,340","","4,308","","0.27","","***","","3","","***","","***","","***","","***",""
"2006100000","2006年度","43364","熊本県 玉東町","","***","","***","","2,440","","***","","4,580,802","","***","","2,570","","815","","2,552","","0.22","","***","","0","","***","","***","","***","","***",""
"2006100000","2006年度","43367","熊本県 南関町","","***","","***","","6,896","","***","","9,253,833","","***","","2,350","","1,620","","37,880","","0.37","","***","","0","","***","","***","","***","","***",""
"2006100000","2006年度","43368","熊本県 長洲町","","***","","***","","1,943","","***","","17,574,450","","***","","1,000","","721","","159,624","","0.55","","***","","1","","***","","***","","***","","***",""
"2006100000","2006年度","43369","熊本県 和水町","","***","","***","","9,875","","***","","9,566,687","","***","","4,690","","2,090","","103,103","","0.28","","***","","1","","***","","***","","***","","***",""
"2006100000","2006年度","43403","熊本県 大津町","","***","","***","","9,909","","***","","33,657,722","","***","","7,020","","2,300","","445,243","","0.99","","***","","2","","***","","***","","***","","***",""
"2006100000","2006年度","43404","熊本県 菊陽町","","***","","***","","3,757","","***","","40,255,607","","***","","3,740","","1,490","","136,823","","0.75","","***","","4","","***","","***","","***","","***",""
"2006100000","2006年度","43423","熊本県 南小国町","","***","","***","","11,586","","***","","4,372,356","","***","","2,810","","1,170","","1,002","","0.24","","***","","0","","***","","***","","***","","***",""
"2006100000","2006年度","43424","熊本県 小国町","","***","","***","","13,700","","***","","6,655,373","","***","","2,410","","1,730","","2,488","","0.24","","***","","1","","***","","***","","***","","***",""
"2006100000","2006年度","43425","熊本県 産山村","","***","","***","","6,072","","***","","1,039,794","","***","","1,830","","1,020","","X","","0.18","","***","","0","","***","","***","","***","","***",""
"2006100000","2006年度","43428","熊本県 高森町","","***","","***","","17,490","","***","","5,538,043","","***","","2,390","","2,570","","7,006","","0.24","","***","","0","","***","","***","","***","","***",""
"2006100000","2006年度","43432","熊本県 西原村","","***","","***","","7,723","","***","","5,948,634","","***","","3,550","","1,330","","29,261","","0.38","","***","","0","","***","","***","","***","","***",""
"2006100000","2006年度","43433","熊本県 南阿蘇村","","***","","***","","13,730","","***","","9,510,356","","***","","3,670","","3,540","","1,346","","0.32","","***","","1","","***","","***","","***","","***",""
"2006100000","2006年度","43441","熊本県 御船町","","***","","***","","9,900","","***","","16,388,749","","***","","2,570","","1,610","","11,311","","0.36","","***","","1","","***","","***","","***","","***",""
"2006100000","2006年度","43442","熊本県 嘉島町","","***","","***","","1,666","","***","","9,232,230","","***","","1,180","","858","","50,820","","0.72","","***","","2","","***","","***","","***","","***",""
"2006100000","2006年度","43443","熊本県 益城町","","***","","***","","6,567","","***","","34,644,751","","***","","5,020","","2,410","","54,214","","0.54","","***","","4","","***","","***","","***","","***",""
"2006100000","2006年度","43444","熊本県 甲佐町","","***","","***","","5,787","","***","","9,361,415","","***","","2,690","","1,290","","13,550","","0.34","","***","","2","","***","","***","","***","","***",""
"2006100000","2006年度","43447","熊本県 山都町","","***","","***","","54,483","","***","","12,643,222","","***","","7,000","","5,440","","8,216","","0.21","","***","","4","","***","","***","","***","","***",""
"2006100000","2006年度","43468","熊本県 氷川町","","***","","***","","3,329","","***","","11,137,287","","***","","5,810","","1,670","","703","","0.30","","***","","1","","***","","***","","***","","***",""
"2006100000","2006年度","43482","熊本県 芦北町","","***","","***","","23,380","","***","","16,712,566","","***","","4,550","","1,770","","17,138","","0.32","","***","","2","","***","","***","","***","","***",""
"2006100000","2006年度","43484","熊本県 津奈木町","","***","","***","","3,397","","***","","3,928,919","","***","","1,080","","369","","1,787","","0.27","","***","","0","","***","","***","","***","","***",""
"2006100000","2006年度","43501","熊本県 錦町","","***","","***","","8,487","","***","","9,624,865","","***","","5,680","","1,770","","55,196","","0.42","","***","","0","","***","","***","","***","","***",""
"2006100000","2006年度","43505","熊本県 多良木町","","***","","***","","16,587","","***","","9,686,054","","***","","3,370","","1,740","","6,917","","0.27","","***","","1","","***","","***","","***","","***",""
"2006100000","2006年度","43506","熊本県 湯前町","","***","","***","","4,841","","***","","3,211,275","","***","","1,270","","607","","2,814","","0.17","","***","","0","","***","","***","","***","","***",""
"2006100000","2006年度","43507","熊本県 水上村","","***","","***","","19,211","","***","","1,704,505","","***","","570","","489","","1,576","","0.18","","***","","1","","***","","***","","***","","***",""
"2006100000","2006年度","43510","熊本県 相良村","","***","","***","","9,454","","***","","3,821,475","","***","","3,060","","839","","2,318","","0.19","","***","","0","","***","","***","","***","","***",""
"2006100000","2006年度","43511","熊本県 五木村","","***","","***","","25,294","","***","","1,115,017","","***","","90","","147","","X","","0.22","","***","","0","","***","","***","","***","","***",""
"2006100000","2006年度","43512","熊本県 山江村","","***","","***","","12,120","","***","","2,628,663","","***","","580","","550","","151","","0.15","","***","","0","","***","","***","","***","","***",""
"2006100000","2006年度","43513","熊本県 球磨村","","***","","***","","20,773","","***","","2,905,662","","***","","560","","721","","524","","0.14","","***","","0","","***","","***","","***","","***",""
"2006100000","2006年度","43514","熊本県 あさぎり町","","***","","***","","15,949","","***","","14,086,587","","***","","7,120","","3,040","","8,613","","0.26","","***","","1","","***","","***","","***","","***",""
"2006100000","2006年度","43531","熊本県 苓北町","","***","","***","","6,708","","***","","7,076,839","","***","","1,510","","705","","3,060","","1.03","","***","","4","","***","","***","","***","","***",""
"2005100000","2005年度","43100","熊本県 熊本市","","727,978","","***","","38,936","","***","","895,594,636","","***","","42,550","","12,656","","398,188","","-","","***","","102","","18.961","","0.99","","***","","11.8",""
"2005100000","2005年度","43101","熊本県 熊本市 中央区","","-","","***","","-","","***","","-","","***","","-","","-","","-","","-","","***","","-","","-","","-","","***","","-",""
"2005100000","2005年度","43102","熊本県 熊本市 東区","","-","","***","","-","","***","","-","","***","","-","","-","","-","","-","","***","","-","","-","","-","","***","","-",""
"2005100000","2005年度","43103","熊本県 熊本市 西区","","-","","***","","-","","***","","-","","***","","-","","-","","-","","-","","***","","-","","-","","-","","***","","-",""
"2005100000","2005年度","43104","熊本県 熊本市 南区","","-","","***","","-","","***","","-","","***","","-","","-","","-","","-","","***","","-","","-","","-","","***","","-",""
"2005100000","2005年度","43105","熊本県 熊本市 北区","","-","","***","","-","","***","","-","","***","","-","","-","","-","","-","","***","","-","","-","","-","","***","","-",""
"2005100000","2005年度","43202","熊本県 八代市","","136,886","","***","","68,024","","***","","127,632,520","","***","","30,190","","7,740","","210,260","","0.48","","***","","12","","25.669","","-2.68","","***","","7.3",""
"2005100000","2005年度","43203","熊本県 人吉市","","37,583","","***","","21,055","","***","","36,719,152","","***","","3,940","","1,630","","30,127","","0.48","","***","","10","","27.869","","-3.17","","***","","21.3",""
"2005100000","2005年度","43204","熊本県 荒尾市","","55,960","","***","","5,715","","***","","51,427,494","","***","","3,620","","1,590","","24,135","","0.45","","***","","5","","26.798","","-1.66","","***","","5.4",""
"2005100000","2005年度","43205","熊本県 水俣市","","29,120","","***","","16,288","","***","","26,615,962","","***","","2,470","","1,010","","48,690","","0.36","","***","","8","","29.856","","-6.51","","***","","20.6",""
"2005100000","2005年度","43206","熊本県 玉名市","","71,851","","***","","15,255","","***","","69,979,170","","***","","22,260","","6,720","","76,383","","0.41","","***","","5","","25.496","","-1.64","","***","","4.2",""
"2005100000","2005年度","43208","熊本県 山鹿市","","57,726","","***","","29,967","","***","","50,381,504","","***","","17,290","","7,240","","63,599","","0.32","","***","","6","","28.923","","-2.97","","***","","8.7",""
"2005100000","2005年度","43210","熊本県 菊池市","","51,862","","***","","27,666","","***","","48,495,023","","***","","30,500","","6,180","","155,373","","0.42","","***","","5","","26.006","","-1.47","","***","","7.7",""
"2005100000","2005年度","43211","熊本県 宇土市","","38,023","","***","","7,419","","***","","37,276,432","","***","","5,060","","2,050","","70,607","","0.43","","***","","2","","22.123","","2.06","","***","","2.6",""
"2005100000","2005年度","43212","熊本県 上天草市","","32,502","","***","","12,606","","***","","25,388,193","","***","","2,850","","1,370","","12,488","","0.25","","***","","1","","30.454","","-7.96","","***","","3.1",""
"2005100000","2005年度","43213","熊本県 宇城市","","63,089","","***","","18,855","","***","","57,270,141","","***","","18,630","","6,070","","107,366","","0.40","","***","","7","","25.500","","-1.37","","***","","9.5",""
"2005100000","2005年度","43214","熊本県 阿蘇市","","29,636","","***","","37,625","","***","","26,176,084","","***","","12,200","","9,590","","54,689","","0.36","","***","","4","","30.169","","-2.70","","***","","10.1",""
"2005100000","2005年度","43215","熊本県 天草市","","96,473","","***","","68,307","","***","","76,587,540","","***","","12,160","","6,320","","-","","0.26","","***","","14","","30.906","","-6.25","","***","","11.4",""
"2005100000","2005年度","43216","熊本県 合志市","","51,647","","***","","5,317","","***","","62,377,823","","***","","8,630","","2,300","","261,194","","0.55","","***","","5","","18.541","","4.57","","***","","7.7",""
"2005100000","2005年度","43348","熊本県 美里町","","12,254","","***","","14,403","","***","","8,453,701","","***","","2,280","","1,340","","4,116","","0.26","","***","","3","","35.890","","-5.51","","***","","24.5",""
"2005100000","2005年度","43364","熊本県 玉東町","","5,626","","***","","2,440","","***","","4,613,358","","***","","2,530","","820","","2,455","","0.21","","***","","0","","28.102","","-2.68","","***","","0.0",""
"2005100000","2005年度","43367","熊本県 南関町","","11,203","","***","","6,896","","***","","8,691,550","","***","","2,510","","1,630","","33,709","","0.37","","***","","0","","31.295","","-5.23","","***","","0.0",""
"2005100000","2005年度","43368","熊本県 長洲町","","17,381","","***","","1,943","","***","","16,880,511","","***","","1,130","","726","","146,119","","0.55","","***","","1","","23.854","","-3.20","","***","","5.8",""
"2005100000","2005年度","43369","熊本県 和水町","","11,900","","***","","9,875","","***","","9,354,655","","***","","4,900","","2,100","","101,480","","0.27","","***","","1","","34.176","","-3.95","","***","","8.4",""
"2005100000","2005年度","43403","熊本県 大津町","","29,107","","***","","9,909","","***","","32,448,347","","***","","7,510","","2,310","","417,690","","0.90","","***","","2","","19.078","","3.88","","***","","6.9",""
"2005100000","2005年度","43404","熊本県 菊陽町","","32,434","","***","","3,757","","***","","36,997,371","","***","","3,770","","1,490","","106,560","","0.72","","***","","4","","15.943","","14.37","","***","","9.2",""
"2005100000","2005年度","43423","熊本県 南小国町","","4,687","","***","","11,586","","***","","4,040,820","","***","","2,670","","1,190","","1,038","","0.24","","***","","0","","31.854","","0.64","","***","","0.0",""
"2005100000","2005年度","43424","熊本県 小国町","","8,621","","***","","13,700","","***","","6,708,770","","***","","2,510","","1,750","","2,370","","0.24","","***","","1","","30.936","","-3.72","","***","","11.6",""
"2005100000","2005年度","43425","熊本県 産山村","","1,708","","***","","6,072","","***","","1,116,998","","***","","1,650","","1,030","","X","","0.18","","***","","0","","33.080","","-6.36","","***","","0.0",""
"2005100000","2005年度","43428","熊本県 高森町","","7,081","","***","","17,490","","***","","5,569,995","","***","","2,470","","2,580","","5,995","","0.23","","***","","0","","32.834","","-3.00","","***","","0.0",""
"2005100000","2005年度","43432","熊本県 西原村","","6,352","","***","","7,723","","***","","5,944,493","","***","","3,640","","1,360","","24,332","","0.38","","***","","0","","24.386","","10.89","","***","","0.0",""
"2005100000","2005年度","43433","熊本県 南阿蘇村","","12,254","","***","","13,730","","***","","9,112,032","","***","","3,910","","3,550","","1,255","","0.30","","***","","1","","29.142","","-1.46","","***","","8.2",""
"2005100000","2005年度","43441","熊本県 御船町","","18,116","","***","","9,900","","***","","15,569,317","","***","","2,530","","1,610","","11,370","","0.34","","***","","1","","25.569","","-2.24","","***","","0.0",""
"2005100000","2005年度","43442","熊本県 嘉島町","","8,492","","***","","1,666","","***","","9,424,322","","***","","1,300","","860","","46,273","","0.62","","***","","2","","23.858","","4.26","","***","","23.6",""
"2005100000","2005年度","43443","熊本県 益城町","","32,782","","***","","6,567","","***","","32,905,432","","***","","5,120","","2,410","","53,845","","0.53","","***","","4","","21.463","","1.93","","***","","9.2",""
"2005100000","2005年度","43444","熊本県 甲佐町","","11,604","","***","","5,787","","***","","9,004,909","","***","","2,720","","1,290","","12,753","","0.33","","***","","2","","31.343","","-3.40","","***","","17.2",""
"2005100000","2005年度","43447","熊本県 山都町","","18,761","","***","","54,483","","***","","12,741,452","","***","","7,140","","5,450","","8,029","","0.19","","***","","4","","37.008","","-7.73","","***","","21.3",""
"2005100000","2005年度","43468","熊本県 氷川町","","13,232","","***","","3,329","","***","","10,762,622","","***","","6,120","","1,670","","736","","0.27","","***","","1","","27.668","","-3.59","","***","","7.6",""
"2005100000","2005年度","43482","熊本県 芦北町","","20,840","","***","","23,371","","***","","16,027,555","","***","","4,860","","1,790","","18,506","","0.30","","***","","2","","33.119","","-6.85","","***","","9.6",""
"2005100000","2005年度","43484","熊本県 津奈木町","","5,424","","***","","3,397","","***","","3,609,260","","***","","1,140","","374","","1,845","","0.26","","***","","0","","32.043","","-5.52","","***","","0.0",""
"2005100000","2005年度","43501","熊本県 錦町","","11,647","","***","","8,487","","***","","9,681,687","","***","","5,590","","1,770","","49,450","","0.40","","***","","0","","23.233","","-2.74","","***","","0.0",""
"2005100000","2005年度","43505","熊本県 多良木町","","11,398","","***","","16,587","","***","","9,584,136","","***","","3,660","","1,740","","7,416","","0.26","","***","","1","","31.251","","-5.58","","***","","8.8",""
"2005100000","2005年度","43506","熊本県 湯前町","","4,726","","***","","4,841","","***","","3,090,718","","***","","1,420","","608","","3,080","","0.17","","***","","0","","33.115","","-5.82","","***","","0.0",""
"2005100000","2005年度","43507","熊本県 水上村","","2,597","","***","","19,211","","***","","1,704,941","","***","","580","","492","","1,682","","0.17","","***","","1","","37.466","","-4.03","","***","","38.5",""
"2005100000","2005年度","43510","熊本県 相良村","","5,398","","***","","9,454","","***","","3,870,924","","***","","3,350","","834","","2,776","","0.19","","***","","0","","30.511","","-2.32","","***","","0.0",""
"2005100000","2005年度","43511","熊本県 五木村","","1,358","","***","","25,294","","***","","1,357,154","","***","","100","","147","","422","","0.22","","***","","0","","39.838","","-11.24","","***","","0.0",""
"2005100000","2005年度","43512","熊本県 山江村","","3,901","","***","","12,120","","***","","2,563,977","","***","","560","","550","","149","","0.15","","***","","0","","27.403","","-4.95","","***","","0.0",""
"2005100000","2005年度","43513","熊本県 球磨村","","4,786","","***","","20,773","","***","","2,896,240","","***","","580","","719","","592","","0.14","","***","","0","","35.980","","-7.98","","***","","0.0",""
"2005100000","2005年度","43514","熊本県 あさぎり町","","17,300","","***","","15,949","","***","","13,746,714","","***","","7,810","","3,050","","9,056","","0.26","","***","","1","","28.092","","-2.54","","***","","5.8",""
"2005100000","2005年度","43531","熊本県 苓北町","","8,927","","***","","6,708","","***","","7,147,725","","***","","1,800","","715","","3,256","","0.97","","***","","4","","32.116","","-5.39","","***","","44.8",""
"2004100000","2004年度","43100","熊本県 熊本市","","***","","***","","38,936","","***","","882,837,997","","***","","43,360","","12,748","","393,283","","-","","***","","102","","***","","***","","***","","***",""
"2004100000","2004年度","43101","熊本県 熊本市 中央区","","***","","***","","-","","***","","-","","***","","-","","-","","-","","-","","***","","-","","***","","***","","***","","***",""
"2004100000","2004年度","43102","熊本県 熊本市 東区","","***","","***","","-","","***","","-","","***","","-","","-","","-","","-","","***","","-","","***","","***","","***","","***",""
"2004100000","2004年度","43103","熊本県 熊本市 西区","","***","","***","","-","","***","","-","","***","","-","","-","","-","","-","","***","","-","","***","","***","","***","","***",""
"2004100000","2004年度","43104","熊本県 熊本市 南区","","***","","***","","-","","***","","-","","***","","-","","-","","-","","-","","***","","-","","***","","***","","***","","***",""
"2004100000","2004年度","43105","熊本県 熊本市 北区","","***","","***","","-","","***","","-","","***","","-","","-","","-","","-","","***","","-","","***","","***","","***","","***",""
"2004100000","2004年度","43202","熊本県 八代市","","***","","***","","68,022","","***","","126,832,310","","***","","30,340","","7,750","","190,840","","-","","***","","12","","***","","***","","***","","***",""
"2004100000","2004年度","43203","熊本県 人吉市","","***","","***","","21,055","","***","","37,083,572","","***","","3,510","","1,660","","31,038","","0.47","","***","","10","","***","","***","","***","","***",""
"2004100000","2004年度","43204","熊本県 荒尾市","","***","","***","","5,715","","***","","50,090,354","","***","","3,070","","1,600","","24,717","","0.44","","***","","5","","***","","***","","***","","***",""
"2004100000","2004年度","43205","熊本県 水俣市","","***","","***","","16,287","","***","","25,834,616","","***","","2,750","","1,010","","45,381","","0.34","","***","","9","","***","","***","","***","","***",""
"2004100000","2004年度","43206","熊本県 玉名市","","***","","***","","15,253","","***","","69,537,022","","***","","22,370","","6,740","","82,446","","-","","***","","5","","***","","***","","***","","***",""
"2004100000","2004年度","43208","熊本県 山鹿市","","***","","***","","29,967","","***","","49,887,409","","***","","16,970","","7,270","","60,255","","0.29","","***","","6","","***","","***","","***","","***",""
"2004100000","2004年度","43210","熊本県 菊池市","","***","","***","","27,666","","***","","47,905,405","","***","","29,300","","6,210","","146,901","","0.39","","***","","5","","***","","***","","***","","***",""
"2004100000","2004年度","43211","熊本県 宇土市","","***","","***","","7,419","","***","","36,406,740","","***","","5,010","","2,080","","70,926","","0.42","","***","","2","","***","","***","","***","","***",""
"2004100000","2004年度","43212","熊本県 上天草市","","***","","***","","12,606","","***","","25,099,897","","***","","2,960","","1,380","","10,883","","0.24","","***","","1","","***","","***","","***","","***",""
"2004100000","2004年度","43213","熊本県 宇城市","","***","","***","","18,855","","***","","56,423,257","","***","","17,580","","6,090","","101,705","","0.38","","***","","7","","***","","***","","***","","***",""
"2004100000","2004年度","43214","熊本県 阿蘇市","","***","","***","","37,625","","***","","26,029,218","","***","","11,560","","9,590","","51,824","","0.35","","***","","4","","***","","***","","***","","***",""
"2004100000","2004年度","43215","熊本県 天草市","","***","","***","","68,296","","***","","76,714,918","","***","","12,330","","6,406","","28,775","","-","","***","","14","","***","","***","","***","","***",""
"2004100000","2004年度","43216","熊本県 合志市","","***","","***","","5,317","","***","","60,027,711","","***","","8,720","","2,320","","285,877","","-","","***","","5","","***","","***","","***","","***",""
"2004100000","2004年度","43348","熊本県 美里町","","***","","***","","14,403","","***","","8,377,469","","***","","2,260","","1,350","","4,147","","0.23","","***","","3","","***","","***","","***","","***",""
"2004100000","2004年度","43364","熊本県 玉東町","","***","","***","","2,440","","***","","4,313,185","","***","","2,740","","821","","3,458","","0.20","","***","","0","","***","","***","","***","","***",""
"2004100000","2004年度","43367","熊本県 南関町","","***","","***","","6,896","","***","","8,529,697","","***","","2,510","","1,640","","32,417","","0.37","","***","","0","","***","","***","","***","","***",""
"2004100000","2004年度","43368","熊本県 長洲町","","***","","***","","1,943","","***","","16,226,277","","***","","1,030","","732","","145,935","","0.52","","***","","1","","***","","***","","***","","***",""
"2004100000","2004年度","43369","熊本県 和水町","","***","","***","","9,875","","***","","9,207,426","","***","","4,780","","2,120","","103,248","","-","","***","","1","","***","","***","","***","","***",""
"2004100000","2004年度","43403","熊本県 大津町","","***","","***","","9,909","","***","","31,409,560","","***","","7,700","","2,330","","430,577","","0.76","","***","","2","","***","","***","","***","","***",""
"2004100000","2004年度","43404","熊本県 菊陽町","","***","","***","","3,757","","***","","34,401,624","","***","","3,690","","1,500","","69,623","","0.70","","***","","4","","***","","***","","***","","***",""
"2004100000","2004年度","43423","熊本県 南小国町","","***","","***","","11,586","","***","","4,071,686","","***","","2,480","","1,210","","1,082","","0.23","","***","","0","","***","","***","","***","","***",""
"2004100000","2004年度","43424","熊本県 小国町","","***","","***","","13,700","","***","","7,061,340","","***","","2,110","","1,780","","2,426","","0.24","","***","","1","","***","","***","","***","","***",""
"2004100000","2004年度","43425","熊本県 産山村","","***","","***","","6,072","","***","","1,155,339","","***","","1,520","","1,040","","X","","0.17","","***","","0","","***","","***","","***","","***",""
"2004100000","2004年度","43428","熊本県 高森町","","***","","***","","17,490","","***","","5,552,247","","***","","2,650","","2,600","","5,920","","0.23","","***","","0","","***","","***","","***","","***",""
"2004100000","2004年度","43432","熊本県 西原村","","***","","***","","7,723","","***","","5,716,074","","***","","3,630","","1,390","","25,040","","0.38","","***","","0","","***","","***","","***","","***",""
"2004100000","2004年度","43433","熊本県 南阿蘇村","","***","","***","","13,730","","***","","9,070,625","","***","","3,510","","3,560","","-","","0.27","","***","","1","","***","","***","","***","","***",""
"2004100000","2004年度","43441","熊本県 御船町","","***","","***","","9,900","","***","","15,468,774","","***","","2,580","","1,620","","13,319","","0.33","","***","","1","","***","","***","","***","","***",""
"2004100000","2004年度","43442","熊本県 嘉島町","","***","","***","","1,666","","***","","8,482,338","","***","","1,250","","861","","46,710","","0.57","","***","","2","","***","","***","","***","","***",""
"2004100000","2004年度","43443","熊本県 益城町","","***","","***","","6,567","","***","","32,044,974","","***","","5,140","","2,420","","49,292","","0.52","","***","","4","","***","","***","","***","","***",""
"2004100000","2004年度","43444","熊本県 甲佐町","","***","","***","","5,787","","***","","8,877,143","","***","","2,840","","1,290","","11,349","","0.31","","***","","2","","***","","***","","***","","***",""
"2004100000","2004年度","43447","熊本県 山都町","","***","","***","","54,483","","***","","12,693,291","","***","","7,370","","5,470","","9,716","","0.18","","***","","4","","***","","***","","***","","***",""
"2004100000","2004年度","43468","熊本県 氷川町","","***","","***","","3,329","","***","","11,785,121","","***","","5,510","","1,679","","758","","-","","***","","1","","***","","***","","***","","***",""
"2004100000","2004年度","43482","熊本県 芦北町","","***","","***","","23,371","","***","","15,957,833","","***","","5,350","","1,800","","17,905","","0.24","","***","","2","","***","","***","","***","","***",""
"2004100000","2004年度","43484","熊本県 津奈木町","","***","","***","","3,397","","***","","3,492,166","","***","","1,330","","375","","1,744","","0.21","","***","","0","","***","","***","","***","","***",""
"2004100000","2004年度","43501","熊本県 錦町","","***","","***","","8,487","","***","","9,573,360","","***","","5,430","","1,780","","53,996","","0.39","","***","","0","","***","","***","","***","","***",""
"2004100000","2004年度","43505","熊本県 多良木町","","***","","***","","16,587","","***","","9,764,316","","***","","4,040","","1,750","","7,976","","0.25","","***","","1","","***","","***","","***","","***",""
"2004100000","2004年度","43506","熊本県 湯前町","","***","","***","","4,841","","***","","3,133,274","","***","","1,590","","608","","3,054","","0.16","","***","","0","","***","","***","","***","","***",""
"2004100000","2004年度","43507","熊本県 水上村","","***","","***","","19,211","","***","","1,659,775","","***","","600","","508","","1,708","","0.16","","***","","1","","***","","***","","***","","***",""
"2004100000","2004年度","43510","熊本県 相良村","","***","","***","","9,454","","***","","3,815,804","","***","","3,400","","835","","2,828","","0.19","","***","","0","","***","","***","","***","","***",""
"2004100000","2004年度","43511","熊本県 五木村","","***","","***","","25,294","","***","","1,452,995","","***","","100","","150","","651","","0.22","","***","","0","","***","","***","","***","","***",""
"2004100000","2004年度","43512","熊本県 山江村","","***","","***","","12,120","","***","","2,539,305","","***","","610","","601","","122","","0.14","","***","","0","","***","","***","","***","","***",""
"2004100000","2004年度","43513","熊本県 球磨村","","***","","***","","20,773","","***","","2,823,437","","***","","640","","720","","639","","0.13","","***","","0","","***","","***","","***","","***",""
"2004100000","2004年度","43514","熊本県 あさぎり町","","***","","***","","15,949","","***","","13,685,170","","***","","8,420","","3,060","","10,012","","0.24","","***","","1","","***","","***","","***","","***",""
"2004100000","2004年度","43531","熊本県 苓北町","","***","","***","","6,707","","***","","6,993,364","","***","","1,800","","728","","3,087","","0.88","","***","","4","","***","","***","","***","","***",""
"2003100000","2003年度","43100","熊本県 熊本市","","***","","***","","38,934","","***","","898,208,252","","***","","49,110","","12,850","","391,006","","-","","***","","101","","***","","***","","***","","***",""
"2003100000","2003年度","43101","熊本県 熊本市 中央区","","***","","***","","-","","***","","-","","***","","-","","-","","-","","-","","***","","-","","***","","***","","***","","***",""
"2003100000","2003年度","43102","熊本県 熊本市 東区","","***","","***","","-","","***","","-","","***","","-","","-","","-","","-","","***","","-","","***","","***","","***","","***",""
"2003100000","2003年度","43103","熊本県 熊本市 西区","","***","","***","","-","","***","","-","","***","","-","","-","","-","","-","","***","","-","","***","","***","","***","","***",""
"2003100000","2003年度","43104","熊本県 熊本市 南区","","***","","***","","-","","***","","-","","***","","-","","-","","-","","-","","***","","-","","***","","***","","***","","***",""
"2003100000","2003年度","43105","熊本県 熊本市 北区","","***","","***","","-","","***","","-","","***","","-","","-","","-","","-","","***","","-","","***","","***","","***","","***",""
"2003100000","2003年度","43202","熊本県 八代市","","***","","***","","68,022","","***","","128,767,327","","***","","33,970","","7,816","","187,496","","-","","***","","12","","***","","***","","***","","***",""
"2003100000","2003年度","43203","熊本県 人吉市","","***","","***","","21,055","","***","","38,436,225","","***","","3,680","","1,670","","24,610","","0.46","","***","","11","","***","","***","","***","","***",""
"2003100000","2003年度","43204","熊本県 荒尾市","","***","","***","","5,715","","***","","51,225,131","","***","","3,290","","1,600","","22,929","","0.43","","***","","5","","***","","***","","***","","***",""
"2003100000","2003年度","43205","熊本県 水俣市","","***","","***","","16,287","","***","","26,725,147","","***","","2,570","","1,020","","43,219","","0.33","","***","","9","","***","","***","","***","","***",""
"2003100000","2003年度","43206","熊本県 玉名市","","***","","***","","15,253","","***","","70,618,870","","***","","22,630","","6,780","","81,590","","-","","***","","5","","***","","***","","***","","***",""
"2003100000","2003年度","43208","熊本県 山鹿市","","***","","***","","29,967","","***","","50,792,547","","***","","19,010","","7,310","","44,817","","-","","***","","6","","***","","***","","***","","***",""
"2003100000","2003年度","43210","熊本県 菊池市","","***","","***","","27,666","","***","","48,730,077","","***","","28,810","","6,230","","144,662","","-","","***","","5","","***","","***","","***","","***",""
"2003100000","2003年度","43211","熊本県 宇土市","","***","","***","","7,417","","***","","37,282,097","","***","","5,360","","2,090","","60,764","","0.41","","***","","2","","***","","***","","***","","***",""
"2003100000","2003年度","43212","熊本県 上天草市","","***","","***","","12,602","","***","","26,650,625","","***","","2,990","","1,390","","10,239","","0.23","","***","","1","","***","","***","","***","","***",""
"2003100000","2003年度","43213","熊本県 宇城市","","***","","***","","18,852","","***","","57,045,954","","***","","19,030","","6,121","","95,059","","-","","***","","7","","***","","***","","***","","***",""
"2003100000","2003年度","43214","熊本県 阿蘇市","","***","","***","","37,625","","***","","26,927,588","","***","","10,940","","9,620","","46,906","","-","","***","","4","","***","","***","","***","","***",""
"2003100000","2003年度","43215","熊本県 天草市","","***","","***","","68,290","","***","","80,488,924","","***","","12,320","","6,499","","28,718","","-","","***","","14","","***","","***","","***","","***",""
"2003100000","2003年度","43216","熊本県 合志市","","***","","***","","5,317","","***","","60,671,425","","***","","8,780","","2,340","","260,919","","-","","***","","5","","***","","***","","***","","***",""
"2003100000","2003年度","43348","熊本県 美里町","","***","","***","","14,403","","***","","8,786,617","","***","","2,500","","1,362","","4,493","","-","","***","","3","","***","","***","","***","","***",""
"2003100000","2003年度","43364","熊本県 玉東町","","***","","***","","2,440","","***","","4,571,212","","***","","2,470","","825","","3,429","","0.20","","***","","0","","***","","***","","***","","***",""
"2003100000","2003年度","43367","熊本県 南関町","","***","","***","","6,896","","***","","8,826,069","","***","","2,670","","1,650","","24,565","","0.35","","***","","0","","***","","***","","***","","***",""
"2003100000","2003年度","43368","熊本県 長洲町","","***","","***","","1,943","","***","","16,599,393","","***","","1,170","","743","","120,966","","0.51","","***","","1","","***","","***","","***","","***",""
"2003100000","2003年度","43369","熊本県 和水町","","***","","***","","9,875","","***","","9,508,428","","***","","4,770","","2,137","","84,181","","-","","***","","1","","***","","***","","***","","***",""
"2003100000","2003年度","43403","熊本県 大津町","","***","","***","","9,909","","***","","31,572,219","","***","","7,680","","2,340","","399,335","","0.65","","***","","2","","***","","***","","***","","***",""
"2003100000","2003年度","43404","熊本県 菊陽町","","***","","***","","3,757","","***","","32,288,301","","***","","3,900","","1,510","","60,709","","0.65","","***","","4","","***","","***","","***","","***",""
"2003100000","2003年度","43423","熊本県 南小国町","","***","","***","","11,586","","***","","4,306,938","","***","","2,220","","1,220","","999","","0.21","","***","","0","","***","","***","","***","","***",""
"2003100000","2003年度","43424","熊本県 小国町","","***","","***","","13,700","","***","","7,481,664","","***","","2,520","","1,800","","2,489","","0.23","","***","","1","","***","","***","","***","","***",""
"2003100000","2003年度","43425","熊本県 産山村","","***","","***","","6,072","","***","","1,235,177","","***","","1,530","","1,040","","125","","0.16","","***","","0","","***","","***","","***","","***",""
"2003100000","2003年度","43428","熊本県 高森町","","***","","***","","17,490","","***","","5,894,760","","***","","2,470","","2,610","","5,244","","0.22","","***","","0","","***","","***","","***","","***",""
"2003100000","2003年度","43432","熊本県 西原村","","***","","***","","7,723","","***","","5,603,682","","***","","3,290","","1,410","","21,080","","0.37","","***","","0","","***","","***","","***","","***",""
"2003100000","2003年度","43433","熊本県 南阿蘇村","","***","","***","","13,730","","***","","9,184,552","","***","","3,700","","3,572","","3,729","","-","","***","","1","","***","","***","","***","","***",""
"2003100000","2003年度","43441","熊本県 御船町","","***","","***","","9,900","","***","","15,764,066","","***","","3,060","","1,630","","7,240","","0.32","","***","","1","","***","","***","","***","","***",""
"2003100000","2003年度","43442","熊本県 嘉島町","","***","","***","","1,666","","***","","8,441,231","","***","","1,630","","863","","28,093","","0.48","","***","","2","","***","","***","","***","","***",""
"2003100000","2003年度","43443","熊本県 益城町","","***","","***","","6,567","","***","","32,517,023","","***","","5,800","","2,430","","51,677","","0.50","","***","","4","","***","","***","","***","","***",""
"2003100000","2003年度","43444","熊本県 甲佐町","","***","","***","","5,787","","***","","8,842,479","","***","","3,410","","1,310","","10,991","","0.31","","***","","2","","***","","***","","***","","***",""
"2003100000","2003年度","43447","熊本県 山都町","","***","","***","","54,483","","***","","13,787,932","","***","","7,590","","5,495","","10,265","","-","","***","","4","","***","","***","","***","","***",""
"2003100000","2003年度","43468","熊本県 氷川町","","***","","***","","3,329","","***","","10,866,657","","***","","6,940","","1,692","","730","","-","","***","","1","","***","","***","","***","","***",""
"2003100000","2003年度","43482","熊本県 芦北町","","***","","***","","23,354","","***","","16,958,413","","***","","4,910","","1,820","","16,263","","-","","***","","2","","***","","***","","***","","***",""
"2003100000","2003年度","43484","熊本県 津奈木町","","***","","***","","3,397","","***","","3,643,852","","***","","1,240","","384","","1,971","","0.20","","***","","0","","***","","***","","***","","***",""
"2003100000","2003年度","43501","熊本県 錦町","","***","","***","","8,487","","***","","9,553,529","","***","","5,230","","1,780","","48,699","","0.37","","***","","0","","***","","***","","***","","***",""
"2003100000","2003年度","43505","熊本県 多良木町","","***","","***","","16,587","","***","","9,886,777","","***","","4,300","","1,760","","15,036","","0.24","","***","","1","","***","","***","","***","","***",""
"2003100000","2003年度","43506","熊本県 湯前町","","***","","***","","4,841","","***","","3,107,812","","***","","1,590","","608","","2,841","","0.16","","***","","0","","***","","***","","***","","***",""
"2003100000","2003年度","43507","熊本県 水上村","","***","","***","","19,211","","***","","1,692,455","","***","","630","","509","","1,563","","0.15","","***","","1","","***","","***","","***","","***",""
"2003100000","2003年度","43510","熊本県 相良村","","***","","***","","9,454","","***","","4,012,686","","***","","2,940","","837","","2,912","","0.19","","***","","0","","***","","***","","***","","***",""
"2003100000","2003年度","43511","熊本県 五木村","","***","","***","","25,294","","***","","1,727,846","","***","","100","","155","","508","","0.21","","***","","0","","***","","***","","***","","***",""
"2003100000","2003年度","43512","熊本県 山江村","","***","","***","","12,120","","***","","2,566,805","","***","","730","","601","","103","","0.13","","***","","0","","***","","***","","***","","***",""
"2003100000","2003年度","43513","熊本県 球磨村","","***","","***","","20,773","","***","","2,875,906","","***","","700","","723","","633","","0.13","","***","","0","","***","","***","","***","","***",""
"2003100000","2003年度","43514","熊本県 あさぎり町","","***","","***","","15,949","","***","","14,177,283","","***","","8,040","","3,060","","9,954","","0.22","","***","","1","","***","","***","","***","","***",""
"2003100000","2003年度","43531","熊本県 苓北町","","***","","***","","6,706","","***","","7,495,604","","***","","2,000","","736","","2,968","","0.74","","***","","4","","***","","***","","***","","***",""
"2002100000","2002年度","43100","熊本県 熊本市","","***","","***","","38,934","","***","","924,387,680","","***","","49,160","","12,980","","462,059","","-","","***","","102","","***","","***","","***","","***",""
"2002100000","2002年度","43101","熊本県 熊本市 中央区","","***","","***","","-","","***","","-","","***","","-","","-","","-","","-","","***","","-","","***","","***","","***","","***",""
"2002100000","2002年度","43102","熊本県 熊本市 東区","","***","","***","","-","","***","","-","","***","","-","","-","","-","","-","","***","","-","","***","","***","","***","","***",""
"2002100000","2002年度","43103","熊本県 熊本市 西区","","***","","***","","-","","***","","-","","***","","-","","-","","-","","-","","***","","-","","***","","***","","***","","***",""
"2002100000","2002年度","43104","熊本県 熊本市 南区","","***","","***","","-","","***","","-","","***","","-","","-","","-","","-","","***","","-","","***","","***","","***","","***",""
"2002100000","2002年度","43105","熊本県 熊本市 北区","","***","","***","","-","","***","","-","","***","","-","","-","","-","","-","","***","","-","","***","","***","","***","","***",""
"2002100000","2002年度","43202","熊本県 八代市","","***","","***","","68,019","","***","","135,093,154","","***","","32,280","","7,875","","212,433","","-","","***","","12","","***","","***","","***","","***",""
"2002100000","2002年度","43203","熊本県 人吉市","","***","","***","","21,055","","***","","39,524,911","","***","","3,370","","1,680","","19,596","","0.46","","***","","11","","***","","***","","***","","***",""
"2002100000","2002年度","43204","熊本県 荒尾市","","***","","***","","5,715","","***","","52,419,753","","***","","3,310","","1,610","","21,849","","0.42","","***","","5","","***","","***","","***","","***",""
"2002100000","2002年度","43205","熊本県 水俣市","","***","","***","","16,287","","***","","28,363,835","","***","","2,410","","1,030","","52,221","","0.33","","***","","9","","***","","***","","***","","***",""
"2002100000","2002年度","43206","熊本県 玉名市","","***","","***","","15,253","","***","","72,759,778","","***","","22,980","","6,830","","77,304","","-","","***","","5","","***","","***","","***","","***",""
"2002100000","2002年度","43208","熊本県 山鹿市","","***","","***","","29,967","","***","","53,163,999","","***","","18,980","","7,320","","47,574","","-","","***","","7","","***","","***","","***","","***",""
"2002100000","2002年度","43210","熊本県 菊池市","","***","","***","","27,666","","***","","50,748,119","","***","","29,100","","6,260","","153,023","","-","","***","","5","","***","","***","","***","","***",""
"2002100000","2002年度","43211","熊本県 宇土市","","***","","***","","7,417","","***","","37,844,886","","***","","5,620","","2,100","","56,316","","0.40","","***","","2","","***","","***","","***","","***",""
"2002100000","2002年度","43212","熊本県 上天草市","","***","","***","","12,600","","***","","28,347,887","","***","","2,830","","1,433","","10,106","","-","","***","","1","","***","","***","","***","","***",""
"2002100000","2002年度","43213","熊本県 宇城市","","***","","***","","18,851","","***","","59,001,080","","***","","19,740","","6,165","","99,629","","-","","***","","7","","***","","***","","***","","***",""
"2002100000","2002年度","43214","熊本県 阿蘇市","","***","","***","","37,625","","***","","27,390,899","","***","","11,820","","9,640","","45,372","","-","","***","","4","","***","","***","","***","","***",""
"2002100000","2002年度","43215","熊本県 天草市","","***","","***","","68,285","","***","","85,287,157","","***","","11,960","","6,719","","28,332","","-","","***","","14","","***","","***","","***","","***",""
"2002100000","2002年度","43216","熊本県 合志市","","***","","***","","5,317","","***","","63,100,340","","***","","9,160","","2,340","","217,757","","-","","***","","6","","***","","***","","***","","***",""
"2002100000","2002年度","43348","熊本県 美里町","","***","","***","","14,403","","***","","9,123,973","","***","","2,620","","1,368","","4,479","","-","","***","","3","","***","","***","","***","","***",""
"2002100000","2002年度","43364","熊本県 玉東町","","***","","***","","2,440","","***","","4,704,472","","***","","2,650","","828","","3,802","","0.21","","***","","0","","***","","***","","***","","***",""
"2002100000","2002年度","43367","熊本県 南関町","","***","","***","","6,896","","***","","9,001,869","","***","","2,700","","1,660","","23,185","","0.33","","***","","0","","***","","***","","***","","***",""
"2002100000","2002年度","43368","熊本県 長洲町","","***","","***","","1,943","","***","","17,028,707","","***","","1,170","","756","","81,868","","0.50","","***","","1","","***","","***","","***","","***",""
"2002100000","2002年度","43369","熊本県 和水町","","***","","***","","9,875","","***","","10,021,613","","***","","4,920","","2,157","","97,414","","-","","***","","1","","***","","***","","***","","***",""
"2002100000","2002年度","43403","熊本県 大津町","","***","","***","","9,909","","***","","32,258,659","","***","","8,230","","2,350","","405,214","","0.65","","***","","2","","***","","***","","***","","***",""
"2002100000","2002年度","43404","熊本県 菊陽町","","***","","***","","3,757","","***","","33,180,582","","***","","3,970","","1,520","","17,549","","0.59","","***","","3","","***","","***","","***","","***",""
"2002100000","2002年度","43423","熊本県 南小国町","","***","","***","","11,586","","***","","4,213,375","","***","","2,810","","1,220","","956","","0.20","","***","","0","","***","","***","","***","","***",""
"2002100000","2002年度","43424","熊本県 小国町","","***","","***","","13,700","","***","","7,609,297","","***","","2,830","","1,810","","2,522","","0.23","","***","","1","","***","","***","","***","","***",""
"2002100000","2002年度","43425","熊本県 産山村","","***","","***","","6,072","","***","","1,236,683","","***","","1,480","","1,040","","X","","0.15","","***","","0","","***","","***","","***","","***",""
"2002100000","2002年度","43428","熊本県 高森町","","***","","***","","17,490","","***","","5,952,673","","***","","2,670","","2,630","","5,462","","0.21","","***","","0","","***","","***","","***","","***",""
"2002100000","2002年度","43432","熊本県 西原村","","***","","***","","7,723","","***","","5,612,069","","***","","3,210","","1,420","","21,557","","0.35","","***","","0","","***","","***","","***","","***",""
"2002100000","2002年度","43433","熊本県 南阿蘇村","","***","","***","","13,730","","***","","9,555,793","","***","","4,060","","3,586","","4,238","","-","","***","","1","","***","","***","","***","","***",""
"2002100000","2002年度","43441","熊本県 御船町","","***","","***","","9,900","","***","","16,469,633","","***","","3,080","","1,650","","7,674","","0.31","","***","","1","","***","","***","","***","","***",""
"2002100000","2002年度","43442","熊本県 嘉島町","","***","","***","","1,666","","***","","8,806,650","","***","","1,750","","867","","10,226","","0.44","","***","","2","","***","","***","","***","","***",""
"2002100000","2002年度","43443","熊本県 益城町","","***","","***","","6,567","","***","","33,299,574","","***","","5,940","","2,450","","50,131","","0.49","","***","","4","","***","","***","","***","","***",""
"2002100000","2002年度","43444","熊本県 甲佐町","","***","","***","","5,787","","***","","9,456,606","","***","","3,290","","1,330","","11,820","","0.30","","***","","2","","***","","***","","***","","***",""
"2002100000","2002年度","43447","熊本県 山都町","","***","","***","","54,483","","***","","14,009,872","","***","","7,950","","5,562","","7,799","","-","","***","","4","","***","","***","","***","","***",""
"2002100000","2002年度","43468","熊本県 氷川町","","***","","***","","3,329","","***","","11,087,035","","***","","6,240","","1,696","","662","","-","","***","","1","","***","","***","","***","","***",""
"2002100000","2002年度","43482","熊本県 芦北町","","***","","***","","23,348","","***","","17,551,532","","***","","4,780","","1,841","","17,942","","-","","***","","2","","***","","***","","***","","***",""
"2002100000","2002年度","43484","熊本県 津奈木町","","***","","***","","3,397","","***","","3,743,600","","***","","1,110","","388","","2,209","","0.19","","***","","0","","***","","***","","***","","***",""
"2002100000","2002年度","43501","熊本県 錦町","","***","","***","","8,487","","***","","10,040,107","","***","","4,880","","1,790","","46,089","","0.35","","***","","0","","***","","***","","***","","***",""
"2002100000","2002年度","43505","熊本県 多良木町","","***","","***","","16,587","","***","","10,432,326","","***","","3,990","","1,760","","19,773","","0.24","","***","","1","","***","","***","","***","","***",""
"2002100000","2002年度","43506","熊本県 湯前町","","***","","***","","4,841","","***","","3,415,396","","***","","1,510","","611","","2,368","","0.16","","***","","0","","***","","***","","***","","***",""
"2002100000","2002年度","43507","熊本県 水上村","","***","","***","","19,211","","***","","1,838,230","","***","","570","","510","","1,337","","0.14","","***","","1","","***","","***","","***","","***",""
"2002100000","2002年度","43510","熊本県 相良村","","***","","***","","9,454","","***","","4,059,162","","***","","2,910","","838","","3,127","","0.18","","***","","0","","***","","***","","***","","***",""
"2002100000","2002年度","43511","熊本県 五木村","","***","","***","","25,294","","***","","1,907,127","","***","","90","","158","","754","","0.19","","***","","0","","***","","***","","***","","***",""
"2002100000","2002年度","43512","熊本県 山江村","","***","","***","","12,120","","***","","2,670,479","","***","","700","","607","","122","","0.13","","***","","0","","***","","***","","***","","***",""
"2002100000","2002年度","43513","熊本県 球磨村","","***","","***","","20,773","","***","","3,226,553","","***","","600","","727","","623","","0.12","","***","","0","","***","","***","","***","","***",""
"2002100000","2002年度","43514","熊本県 あさぎり町","","***","","***","","15,949","","***","","14,980,820","","***","","8,250","","3,066","","-","","-","","***","","1","","***","","***","","***","","***",""
"2002100000","2002年度","43531","熊本県 苓北町","","***","","***","","6,706","","***","","7,891,560","","***","","1,890","","748","","3,766","","0.74","","***","","4","","***","","***","","***","","***",""
"2001100000","2001年度","43100","熊本県 熊本市","","***","","***","","38,905","","***","","872,503,275","","***","","50,040","","13,081","","516,412","","-","","***","","103","","***","","***","","***","","***",""
"2001100000","2001年度","43101","熊本県 熊本市 中央区","","***","","***","","-","","***","","-","","***","","-","","-","","-","","-","","***","","-","","***","","***","","***","","***",""
"2001100000","2001年度","43102","熊本県 熊本市 東区","","***","","***","","-","","***","","-","","***","","-","","-","","-","","-","","***","","-","","***","","***","","***","","***",""
"2001100000","2001年度","43103","熊本県 熊本市 西区","","***","","***","","-","","***","","-","","***","","-","","-","","-","","-","","***","","-","","***","","***","","***","","***",""
"2001100000","2001年度","43104","熊本県 熊本市 南区","","***","","***","","-","","***","","-","","***","","-","","-","","-","","-","","***","","-","","***","","***","","***","","***",""
"2001100000","2001年度","43105","熊本県 熊本市 北区","","***","","***","","-","","***","","-","","***","","-","","-","","-","","-","","***","","-","","***","","***","","***","","***",""
"2001100000","2001年度","43202","熊本県 八代市","","***","","***","","68,019","","***","","138,053,975","","***","","32,830","","7,964","","222,279","","-","","***","","12","","***","","***","","***","","***",""
"2001100000","2001年度","43203","熊本県 人吉市","","***","","***","","21,055","","***","","41,121,330","","***","","3,390","","1,690","","19,556","","0.45","","***","","11","","***","","***","","***","","***",""
"2001100000","2001年度","43204","熊本県 荒尾市","","***","","***","","5,715","","***","","52,841,559","","***","","3,210","","1,620","","23,716","","0.42","","***","","5","","***","","***","","***","","***",""
"2001100000","2001年度","43205","熊本県 水俣市","","***","","***","","16,287","","***","","30,160,177","","***","","2,370","","1,050","","72,594","","0.32","","***","","9","","***","","***","","***","","***",""
"2001100000","2001年度","43206","熊本県 玉名市","","***","","***","","15,253","","***","","75,917,242","","***","","23,040","","6,890","","83,304","","-","","***","","5","","***","","***","","***","","***",""
"2001100000","2001年度","43208","熊本県 山鹿市","","***","","***","","29,967","","***","","54,691,613","","***","","19,820","","7,340","","58,219","","-","","***","","7","","***","","***","","***","","***",""
"2001100000","2001年度","43210","熊本県 菊池市","","***","","***","","27,666","","***","","52,094,582","","***","","29,000","","6,280","","167,447","","-","","***","","5","","***","","***","","***","","***",""
"2001100000","2001年度","43211","熊本県 宇土市","","***","","***","","7,417","","***","","38,546,516","","***","","5,720","","2,110","","53,664","","0.39","","***","","2","","***","","***","","***","","***",""
"2001100000","2001年度","43212","熊本県 上天草市","","***","","***","","12,600","","***","","29,699,327","","***","","2,900","","1,460","","12,378","","-","","***","","1","","***","","***","","***","","***",""
"2001100000","2001年度","43213","熊本県 宇城市","","***","","***","","18,851","","***","","61,136,573","","***","","19,890","","6,197","","109,205","","-","","***","","7","","***","","***","","***","","***",""
"2001100000","2001年度","43214","熊本県 阿蘇市","","***","","***","","37,625","","***","","27,820,798","","***","","11,460","","9,660","","44,547","","-","","***","","4","","***","","***","","***","","***",""
"2001100000","2001年度","43215","熊本県 天草市","","***","","***","","68,282","","***","","88,072,773","","***","","12,650","","6,846","","31,183","","-","","***","","14","","***","","***","","***","","***",""
"2001100000","2001年度","43216","熊本県 合志市","","***","","***","","5,317","","***","","63,373,043","","***","","9,580","","2,340","","263,987","","-","","***","","5","","***","","***","","***","","***",""
"2001100000","2001年度","43348","熊本県 美里町","","***","","***","","14,403","","***","","9,583,638","","***","","2,580","","1,373","","4,529","","-","","***","","3","","***","","***","","***","","***",""
"2001100000","2001年度","43364","熊本県 玉東町","","***","","***","","2,440","","***","","5,239,419","","***","","2,560","","837","","4,098","","0.21","","***","","0","","***","","***","","***","","***",""
"2001100000","2001年度","43367","熊本県 南関町","","***","","***","","6,896","","***","","9,417,309","","***","","2,670","","1,670","","19,471","","0.31","","***","","0","","***","","***","","***","","***",""
"2001100000","2001年度","43368","熊本県 長洲町","","***","","***","","1,943","","***","","17,407,585","","***","","1,190","","765","","145,831","","0.48","","***","","1","","***","","***","","***","","***",""
"2001100000","2001年度","43369","熊本県 和水町","","***","","***","","9,875","","***","","10,171,210","","***","","4,890","","2,171","","98,980","","-","","***","","1","","***","","***","","***","","***",""
"2001100000","2001年度","43403","熊本県 大津町","","***","","***","","9,909","","***","","32,230,071","","***","","8,210","","2,360","","404,240","","0.70","","***","","2","","***","","***","","***","","***",""
"2001100000","2001年度","43404","熊本県 菊陽町","","***","","***","","3,757","","***","","33,373,767","","***","","4,270","","1,520","","19,798","","0.54","","***","","4","","***","","***","","***","","***",""
"2001100000","2001年度","43423","熊本県 南小国町","","***","","***","","11,586","","***","","3,971,374","","***","","2,700","","1,230","","966","","0.19","","***","","0","","***","","***","","***","","***",""
"2001100000","2001年度","43424","熊本県 小国町","","***","","***","","13,700","","***","","7,695,924","","***","","2,650","","1,820","","2,768","","0.22","","***","","1","","***","","***","","***","","***",""
"2001100000","2001年度","43425","熊本県 産山村","","***","","***","","6,072","","***","","1,253,845","","***","","1,430","","1,040","","129","","0.15","","***","","0","","***","","***","","***","","***",""
"2001100000","2001年度","43428","熊本県 高森町","","***","","***","","17,490","","***","","6,160,682","","***","","2,560","","2,640","","5,973","","0.20","","***","","0","","***","","***","","***","","***",""
"2001100000","2001年度","43432","熊本県 西原村","","***","","***","","7,723","","***","","5,717,725","","***","","3,110","","1,430","","25,227","","0.34","","***","","0","","***","","***","","***","","***",""
"2001100000","2001年度","43433","熊本県 南阿蘇村","","***","","***","","13,730","","***","","9,526,418","","***","","3,970","","3,605","","4,507","","-","","***","","1","","***","","***","","***","","***",""
"2001100000","2001年度","43441","熊本県 御船町","","***","","***","","9,900","","***","","17,360,207","","***","","3,140","","1,680","","7,822","","0.30","","***","","1","","***","","***","","***","","***",""
"2001100000","2001年度","43442","熊本県 嘉島町","","***","","***","","1,666","","***","","8,781,622","","***","","1,570","","874","","11,067","","0.39","","***","","2","","***","","***","","***","","***",""
"2001100000","2001年度","43443","熊本県 益城町","","***","","***","","6,567","","***","","34,175,805","","***","","5,960","","2,490","","54,382","","0.47","","***","","4","","***","","***","","***","","***",""
"2001100000","2001年度","43444","熊本県 甲佐町","","***","","***","","5,787","","***","","10,131,701","","***","","3,660","","1,350","","14,830","","0.29","","***","","2","","***","","***","","***","","***",""
"2001100000","2001年度","43447","熊本県 山都町","","***","","***","","54,483","","***","","14,661,108","","***","","8,190","","5,620","","11,277","","-","","***","","4","","***","","***","","***","","***",""
"2001100000","2001年度","43468","熊本県 氷川町","","***","","***","","3,329","","***","","11,365,102","","***","","6,330","","1,711","","806","","-","","***","","1","","***","","***","","***","","***",""
"2001100000","2001年度","43482","熊本県 芦北町","","***","","***","","23,347","","***","","18,222,804","","***","","4,980","","1,862","","20,625","","-","","***","","2","","***","","***","","***","","***",""
"2001100000","2001年度","43484","熊本県 津奈木町","","***","","***","","3,397","","***","","3,935,404","","***","","1,110","","396","","3,144","","0.18","","***","","0","","***","","***","","***","","***",""
"2001100000","2001年度","43501","熊本県 錦町","","***","","***","","8,487","","***","","10,274,587","","***","","4,900","","1,790","","47,127","","0.35","","***","","0","","***","","***","","***","","***",""
"2001100000","2001年度","43505","熊本県 多良木町","","***","","***","","16,587","","***","","10,642,740","","***","","4,190","","1,760","","18,585","","0.24","","***","","1","","***","","***","","***","","***",""
"2001100000","2001年度","43506","熊本県 湯前町","","***","","***","","4,841","","***","","3,597,617","","***","","1,570","","615","","2,423","","0.15","","***","","0","","***","","***","","***","","***",""
"2001100000","2001年度","43507","熊本県 水上村","","***","","***","","19,211","","***","","1,920,663","","***","","610","","512","","1,400","","0.13","","***","","1","","***","","***","","***","","***",""
"2001100000","2001年度","43510","熊本県 相良村","","***","","***","","9,454","","***","","4,180,451","","***","","2,820","","839","","3,530","","0.18","","***","","0","","***","","***","","***","","***",""
"2001100000","2001年度","43511","熊本県 五木村","","***","","***","","25,294","","***","","1,761,203","","***","","90","","158","","833","","0.18","","***","","0","","***","","***","","***","","***",""
"2001100000","2001年度","43512","熊本県 山江村","","***","","***","","12,120","","***","","2,792,551","","***","","770","","615","","147","","0.12","","***","","0","","***","","***","","***","","***",""
"2001100000","2001年度","43513","熊本県 球磨村","","***","","***","","20,773","","***","","3,335,555","","***","","600","","728","","758","","0.12","","***","","0","","***","","***","","***","","***",""
"2001100000","2001年度","43514","熊本県 あさぎり町","","***","","***","","15,949","","***","","15,352,037","","***","","8,420","","3,069","","-","","-","","***","","1","","***","","***","","***","","***",""
"2001100000","2001年度","43531","熊本県 苓北町","","***","","***","","6,706","","***","","8,219,112","","***","","1,840","","763","","4,130","","0.74","","***","","4","","***","","***","","***","","***",""
"2000100000","2000年度","43100","熊本県 熊本市","","720,816","","***","","38,905","","6,265","","933,442,033","","***","","52,460","","13,233","","538,640","","-","","***","","104","","16.741","","1.80","","***","","12.2",""
"2000100000","2000年度","43101","熊本県 熊本市 中央区","","-","","***","","-","","-","","-","","***","","-","","-","","-","","-","","***","","-","","-","","-","","***","","-",""
"2000100000","2000年度","43102","熊本県 熊本市 東区","","-","","***","","-","","-","","-","","***","","-","","-","","-","","-","","***","","-","","-","","-","","***","","-",""
"2000100000","2000年度","43103","熊本県 熊本市 西区","","-","","***","","-","","-","","-","","***","","-","","-","","-","","-","","***","","-","","-","","-","","***","","-",""
"2000100000","2000年度","43104","熊本県 熊本市 南区","","-","","***","","-","","-","","-","","***","","-","","-","","-","","-","","***","","-","","-","","-","","***","","-",""
"2000100000","2000年度","43105","熊本県 熊本市 北区","","-","","***","","-","","-","","-","","***","","-","","-","","-","","-","","***","","-","","-","","-","","***","","-",""
"2000100000","2000年度","43202","熊本県 八代市","","140,655","","***","","68,010","","50,131","","139,973,460","","***","","30,100","","8,117","","-","","-","","***","","12","","22.471","","-2.13","","***","","7.1",""
"2000100000","2000年度","43203","熊本県 人吉市","","38,814","","***","","21,055","","15,928","","41,344,060","","***","","3,480","","1,700","","22,841","","0.45","","***","","12","","24.326","","-1.42","","***","","25.8",""
"2000100000","2000年度","43204","熊本県 荒尾市","","56,905","","***","","5,715","","968","","53,766,448","","***","","3,980","","1,630","","25,218","","0.42","","***","","5","","24.560","","-0.84","","***","","5.3",""
"2000100000","2000年度","43205","熊本県 水俣市","","31,147","","***","","16,287","","12,177","","30,639,753","","***","","2,560","","1,140","","95,760","","0.32","","***","","9","","26.153","","-5.16","","***","","22.5",""
"2000100000","2000年度","43206","熊本県 玉名市","","73,051","","***","","15,253","","2,696","","75,865,219","","***","","22,990","","6,930","","98,412","","-","","***","","5","","22.631","","0.21","","***","","4.1",""
"2000100000","2000年度","43208","熊本県 山鹿市","","59,491","","***","","29,967","","15,490","","55,562,233","","***","","20,180","","7,410","","54,494","","-","","***","","7","","26.281","","-2.46","","***","","10.1",""
"2000100000","2000年度","43210","熊本県 菊池市","","52,636","","***","","27,666","","15,254","","51,502,825","","***","","29,850","","6,350","","184,550","","-","","***","","5","","23.378","","0.17","","***","","7.6",""
"2000100000","2000年度","43211","熊本県 宇土市","","37,255","","***","","7,417","","2,858","","37,721,507","","***","","5,880","","2,130","","60,524","","0.40","","***","","2","","20.072","","6.41","","***","","2.7",""
"2000100000","2000年度","43212","熊本県 上天草市","","35,314","","***","","12,598","","7,595","","30,438,875","","***","","3,000","","1,552","","15,849","","-","","***","","1","","27.264","","-3.69","","***","","2.8",""
"2000100000","2000年度","43213","熊本県 宇城市","","63,968","","***","","18,851","","6,116","","61,266,208","","***","","20,060","","6,271","","104,921","","-","","***","","7","","23.094","","-0.06","","***","","9.4",""
"2000100000","2000年度","43214","熊本県 阿蘇市","","30,457","","***","","37,625","","14,911","","28,110,600","","***","","11,430","","9,680","","48,770","","-","","***","","4","","26.703","","-2.89","","***","","9.8",""
"2000100000","2000年度","43215","熊本県 天草市","","102,907","","***","","68,282","","46,577","","90,359,924","","***","","13,200","","7,034","","33,145","","-","","***","","14","","27.907","","-4.56","","***","","10.7",""
"2000100000","2000年度","43216","熊本県 合志市","","49,391","","***","","5,317","","706","","62,608,271","","***","","9,320","","2,370","","337,037","","-","","***","","5","","16.880","","5.26","","***","","8.1",""
"2000100000","2000年度","43348","熊本県 美里町","","12,969","","***","","14,403","","10,730","","9,399,093","","***","","2,820","","1,393","","6,359","","-","","***","","3","","31.938","","-4.60","","***","","23.1",""
"2000100000","2000年度","43364","熊本県 玉東町","","5,781","","***","","2,440","","781","","5,035,870","","***","","2,860","","840","","4,219","","0.21","","***","","0","","24.044","","-4.26","","***","","0.0",""
"2000100000","2000年度","43367","熊本県 南関町","","11,821","","***","","6,896","","3,424","","9,428,328","","***","","3,270","","1,680","","22,191","","0.30","","***","","0","","28.339","","-2.11","","***","","0.0",""
"2000100000","2000年度","43368","熊本県 長洲町","","17,956","","***","","1,943","","34","","18,061,805","","***","","1,280","","770","","157,847","","0.49","","***","","1","","21.074","","0.69","","***","","5.6",""
"2000100000","2000年度","43369","熊本県 和水町","","12,390","","***","","9,875","","5,183","","10,157,367","","***","","5,050","","2,185","","69,825","","-","","***","","1","","31.041","","-3.97","","***","","8.1",""
"2000100000","2000年度","43403","熊本県 大津町","","28,021","","***","","9,909","","4,645","","32,247,824","","***","","8,300","","2,370","","411,378","","0.78","","***","","2","","18.011","","6.24","","***","","7.1",""
"2000100000","2000年度","43404","熊本県 菊陽町","","28,360","","***","","3,757","","509","","32,735,632","","***","","4,290","","1,530","","20,354","","0.53","","***","","4","","14.891","","7.94","","***","","10.6",""
"2000100000","2000年度","43423","熊本県 南小国町","","4,657","","***","","11,586","","7,942","","3,879,708","","***","","2,900","","1,230","","873","","0.19","","***","","0","","29.375","","-3.34","","***","","0.0",""
"2000100000","2000年度","43424","熊本県 小国町","","8,954","","***","","13,700","","10,263","","7,772,478","","***","","2,800","","1,820","","3,047","","0.22","","***","","1","","28.613","","-4.88","","***","","11.2",""
"2000100000","2000年度","43425","熊本県 産山村","","1,824","","***","","6,072","","3,752","","1,249,749","","***","","1,470","","1,050","","111","","0.15","","***","","0","","28.344","","-3.24","","***","","0.0",""
"2000100000","2000年度","43428","熊本県 高森町","","7,300","","***","","17,490","","11,743","","5,987,632","","***","","2,630","","2,650","","5,853","","0.20","","***","","0","","28.808","","-5.23","","***","","0.0",""
"2000100000","2000年度","43432","熊本県 西原村","","5,728","","***","","7,723","","4,242","","5,507,609","","***","","3,360","","1,430","","44,278","","0.34","","***","","0","","23.795","","11.35","","***","","0.0",""
"2000100000","2000年度","43433","熊本県 南阿蘇村","","12,436","","***","","13,730","","6,719","","9,238,435","","***","","4,000","","3,611","","4,991","","-","","***","","1","","25.836","","-3.33","","***","","8.0",""
"2000100000","2000年度","43441","熊本県 御船町","","18,532","","***","","9,900","","5,589","","17,089,280","","***","","3,190","","1,690","","9,284","","0.29","","***","","1","","23.257","","0.51","","***","","0.0",""
"2000100000","2000年度","43442","熊本県 嘉島町","","8,145","","***","","1,666","","0","","8,560,725","","***","","1,670","","893","","11,649","","0.37","","***","","2","","23.450","","6.41","","***","","24.6",""
"2000100000","2000年度","43443","熊本県 益城町","","32,160","","***","","6,567","","2,150","","35,327,467","","***","","6,090","","2,510","","37,555","","0.48","","***","","4","","18.999","","4.56","","***","","9.3",""
"2000100000","2000年度","43444","熊本県 甲佐町","","12,012","","***","","5,787","","2,596","","10,295,101","","***","","3,740","","1,360","","14,866","","0.29","","***","","2","","28.896","","-2.91","","***","","16.7",""
"2000100000","2000年度","43447","熊本県 山都町","","20,333","","***","","54,483","","39,026","","15,012,376","","***","","8,570","","5,730","","15,934","","-","","***","","4","","31.919","","-6.50","","***","","19.7",""
"2000100000","2000年度","43468","熊本県 氷川町","","13,725","","***","","3,329","","339","","11,554,103","","***","","6,430","","1,793","","1,077","","-","","***","","1","","24.138","","-3.93","","***","","7.3",""
"2000100000","2000年度","43482","熊本県 芦北町","","22,373","","***","","23,347","","18,368","","18,998,417","","***","","4,710","","1,914","","21,830","","-","","***","","3","","28.691","","-5.77","","***","","13.4",""
"2000100000","2000年度","43484","熊本県 津奈木町","","5,741","","***","","3,397","","2,190","","4,012,680","","***","","1,020","","422","","4,091","","0.18","","***","","0","","28.131","","-0.90","","***","","0.0",""
"2000100000","2000年度","43501","熊本県 錦町","","11,975","","***","","8,487","","4,958","","10,266,732","","***","","5,070","","1,790","","61,804","","0.35","","***","","0","","20.626","","-0.99","","***","","0.0",""
"2000100000","2000年度","43505","熊本県 多良木町","","12,072","","***","","16,587","","13,356","","10,772,910","","***","","4,340","","1,770","","18,409","","0.24","","***","","1","","27.717","","-4.95","","***","","8.3",""
"2000100000","2000年度","43506","熊本県 湯前町","","5,018","","***","","4,841","","3,556","","3,663,818","","***","","1,530","","622","","2,388","","0.15","","***","","0","","29.434","","-6.21","","***","","0.0",""
"2000100000","2000年度","43507","熊本県 水上村","","2,706","","***","","19,211","","17,655","","1,915,612","","***","","600","","520","","1,773","","0.13","","***","","1","","31.190","","-7.30","","***","","37.0",""
"2000100000","2000年度","43510","熊本県 相良村","","5,526","","***","","9,454","","7,072","","4,394,413","","***","","3,020","","844","","3,754","","0.17","","***","","0","","27.488","","-4.00","","***","","0.0",""
"2000100000","2000年度","43511","熊本県 五木村","","1,530","","***","","25,294","","24,339","","1,617,357","","***","","90","","161","","922","","0.17","","***","","0","","33.007","","-9.31","","***","","0.0",""
"2000100000","2000年度","43512","熊本県 山江村","","4,104","","***","","12,120","","10,583","","2,818,587","","***","","760","","625","","590","","0.12","","***","","0","","24.781","","-0.34","","***","","0.0",""
"2000100000","2000年度","43513","熊本県 球磨村","","5,201","","***","","20,773","","18,268","","3,439,153","","***","","620","","735","","998","","0.12","","***","","0","","32.821","","-8.19","","***","","0.0",""
"2000100000","2000年度","43514","熊本県 あさぎり町","","17,751","","***","","15,949","","10,529","","15,328,632","","***","","8,730","","3,084","","-","","-","","***","","1","","25.311","","-4.22","","***","","5.6",""
"2000100000","2000年度","43531","熊本県 苓北町","","9,436","","***","","6,704","","4,111","","8,379,131","","***","","2,140","","802","","4,525","","0.77","","***","","4","","28.794","","-1.84","","***","","42.4",""
"1999100000","1999年度","43100","熊本県 熊本市","","***","","***","","38,901","","***","","948,137,896","","***","","49,940","","13,488","","518,430","","-","","***","","104","","***","","***","","***","","***",""
"1999100000","1999年度","43101","熊本県 熊本市 中央区","","***","","***","","-","","***","","-","","***","","-","","-","","-","","-","","***","","-","","***","","***","","***","","***",""
"1999100000","1999年度","43102","熊本県 熊本市 東区","","***","","***","","-","","***","","-","","***","","-","","-","","-","","-","","***","","-","","***","","***","","***","","***",""
"1999100000","1999年度","43103","熊本県 熊本市 西区","","***","","***","","-","","***","","-","","***","","-","","-","","-","","-","","***","","-","","***","","***","","***","","***",""
"1999100000","1999年度","43104","熊本県 熊本市 南区","","***","","***","","-","","***","","-","","***","","-","","-","","-","","-","","***","","-","","***","","***","","***","","***",""
"1999100000","1999年度","43105","熊本県 熊本市 北区","","***","","***","","-","","***","","-","","***","","-","","-","","-","","-","","***","","-","","***","","***","","***","","***",""
"1999100000","1999年度","43202","熊本県 八代市","","***","","***","","68,010","","***","","144,874,188","","***","","34,220","","8,195","","210,503","","-","","***","","12","","***","","***","","***","","***",""
"1999100000","1999年度","43203","熊本県 人吉市","","***","","***","","21,055","","***","","41,699,401","","***","","3,440","","1,720","","20,218","","0.46","","***","","12","","***","","***","","***","","***",""
"1999100000","1999年度","43204","熊本県 荒尾市","","***","","***","","5,715","","***","","55,302,384","","***","","3,050","","1,630","","25,540","","0.42","","***","","6","","***","","***","","***","","***",""
"1999100000","1999年度","43205","熊本県 水俣市","","***","","***","","16,286","","***","","31,504,572","","***","","2,460","","1,160","","82,870","","0.33","","***","","9","","***","","***","","***","","***",""
"1999100000","1999年度","43206","熊本県 玉名市","","***","","***","","15,253","","***","","80,103,412","","***","","21,310","","7,010","","97,304","","-","","***","","5","","***","","***","","***","","***",""
"1999100000","1999年度","43208","熊本県 山鹿市","","***","","***","","29,967","","***","","57,367,649","","***","","19,590","","7,530","","51,144","","-","","***","","7","","***","","***","","***","","***",""
"1999100000","1999年度","43210","熊本県 菊池市","","***","","***","","27,666","","***","","52,780,799","","***","","27,830","","6,400","","150,738","","-","","***","","5","","***","","***","","***","","***",""
"1999100000","1999年度","43211","熊本県 宇土市","","***","","***","","7,417","","***","","38,724,600","","***","","5,270","","2,170","","58,357","","0.41","","***","","2","","***","","***","","***","","***",""
"1999100000","1999年度","43212","熊本県 上天草市","","***","","***","","12,595","","***","","31,673,930","","***","","2,890","","1,593","","15,166","","-","","***","","1","","***","","***","","***","","***",""
"1999100000","1999年度","43213","熊本県 宇城市","","***","","***","","18,851","","***","","62,802,583","","***","","17,780","","6,368","","108,270","","-","","***","","7","","***","","***","","***","","***",""
"1999100000","1999年度","43214","熊本県 阿蘇市","","***","","***","","37,625","","***","","28,777,801","","***","","11,620","","9,770","","43,280","","-","","***","","4","","***","","***","","***","","***",""
"1999100000","1999年度","43215","熊本県 天草市","","***","","***","","68,278","","***","","91,160,898","","***","","12,670","","7,152","","34,979","","-","","***","","15","","***","","***","","***","","***",""
"1999100000","1999年度","43216","熊本県 合志市","","***","","***","","5,317","","***","","62,311,152","","***","","9,210","","2,420","","203,548","","-","","***","","6","","***","","***","","***","","***",""
"1999100000","1999年度","43348","熊本県 美里町","","***","","***","","14,403","","***","","9,820,394","","***","","2,530","","1,409","","5,885","","-","","***","","3","","***","","***","","***","","***",""
"1999100000","1999年度","43364","熊本県 玉東町","","***","","***","","2,440","","***","","5,898,881","","***","","2,300","","845","","4,298","","0.21","","***","","0","","***","","***","","***","","***",""
"1999100000","1999年度","43367","熊本県 南関町","","***","","***","","6,896","","***","","9,920,797","","***","","2,820","","1,690","","20,890","","0.29","","***","","0","","***","","***","","***","","***",""
"1999100000","1999年度","43368","熊本県 長洲町","","***","","***","","1,943","","***","","19,433,406","","***","","1,040","","774","","148,492","","0.50","","***","","1","","***","","***","","***","","***",""
"1999100000","1999年度","43369","熊本県 和水町","","***","","***","","9,875","","***","","10,558,193","","***","","4,790","","2,198","","52,131","","-","","***","","1","","***","","***","","***","","***",""
"1999100000","1999年度","43403","熊本県 大津町","","***","","***","","9,909","","***","","31,941,677","","***","","7,280","","2,390","","348,717","","0.75","","***","","2","","***","","***","","***","","***",""
"1999100000","1999年度","43404","熊本県 菊陽町","","***","","***","","3,757","","***","","32,878,352","","***","","3,810","","1,610","","21,964","","0.57","","***","","4","","***","","***","","***","","***",""
"1999100000","1999年度","43423","熊本県 南小国町","","***","","***","","11,586","","***","","4,087,279","","***","","2,670","","1,240","","849","","0.19","","***","","0","","***","","***","","***","","***",""
"1999100000","1999年度","43424","熊本県 小国町","","***","","***","","13,700","","***","","8,493,123","","***","","2,690","","1,830","","3,192","","0.23","","***","","1","","***","","***","","***","","***",""
"1999100000","1999年度","43425","熊本県 産山村","","***","","***","","6,072","","***","","1,358,825","","***","","1,360","","1,050","","112","","0.15","","***","","0","","***","","***","","***","","***",""
"1999100000","1999年度","43428","熊本県 高森町","","***","","***","","17,490","","***","","6,371,568","","***","","2,460","","2,660","","4,384","","0.20","","***","","0","","***","","***","","***","","***",""
"1999100000","1999年度","43432","熊本県 西原村","","***","","***","","7,723","","***","","5,640,894","","***","","3,030","","1,450","","38,471","","0.35","","***","","0","","***","","***","","***","","***",""
"1999100000","1999年度","43433","熊本県 南阿蘇村","","***","","***","","13,730","","***","","9,553,070","","***","","4,040","","3,632","","-","","-","","***","","1","","***","","***","","***","","***",""
"1999100000","1999年度","43441","熊本県 御船町","","***","","***","","9,900","","***","","17,310,993","","***","","2,910","","1,710","","9,294","","0.31","","***","","1","","***","","***","","***","","***",""
"1999100000","1999年度","43442","熊本県 嘉島町","","***","","***","","1,666","","***","","8,684,845","","***","","1,450","","905","","11,347","","0.37","","***","","2","","***","","***","","***","","***",""
"1999100000","1999年度","43443","熊本県 益城町","","***","","***","","6,567","","***","","35,188,461","","***","","5,560","","2,530","","35,521","","0.48","","***","","4","","***","","***","","***","","***",""
"1999100000","1999年度","43444","熊本県 甲佐町","","***","","***","","5,787","","***","","10,687,914","","***","","3,810","","1,370","","12,693","","0.29","","***","","2","","***","","***","","***","","***",""
"1999100000","1999年度","43447","熊本県 山都町","","***","","***","","54,483","","***","","15,577,490","","***","","8,080","","5,830","","26,347","","-","","***","","4","","***","","***","","***","","***",""
"1999100000","1999年度","43468","熊本県 氷川町","","***","","***","","3,329","","***","","11,925,565","","***","","6,380","","1,803","","974","","-","","***","","0","","***","","***","","***","","***",""
"1999100000","1999年度","43482","熊本県 芦北町","","***","","***","","23,347","","***","","18,956,570","","***","","4,630","","1,956","","19,473","","-","","***","","2","","***","","***","","***","","***",""
"1999100000","1999年度","43484","熊本県 津奈木町","","***","","***","","3,397","","***","","4,065,209","","***","","1,020","","442","","3,599","","0.18","","***","","0","","***","","***","","***","","***",""
"1999100000","1999年度","43501","熊本県 錦町","","***","","***","","8,487","","***","","10,227,096","","***","","4,930","","1,800","","56,443","","0.35","","***","","0","","***","","***","","***","","***",""
"1999100000","1999年度","43505","熊本県 多良木町","","***","","***","","16,587","","***","","11,203,265","","***","","4,270","","1,780","","15,771","","0.25","","***","","1","","***","","***","","***","","***",""
"1999100000","1999年度","43506","熊本県 湯前町","","***","","***","","4,841","","***","","3,819,145","","***","","1,470","","624","","2,451","","0.16","","***","","0","","***","","***","","***","","***",""
"1999100000","1999年度","43507","熊本県 水上村","","***","","***","","19,211","","***","","2,026,510","","***","","570","","533","","1,360","","0.13","","***","","1","","***","","***","","***","","***",""
"1999100000","1999年度","43510","熊本県 相良村","","***","","***","","9,454","","***","","4,349,784","","***","","2,920","","851","","3,319","","0.17","","***","","0","","***","","***","","***","","***",""
"1999100000","1999年度","43511","熊本県 五木村","","***","","***","","25,294","","***","","1,560,441","","***","","100","","161","","957","","0.17","","***","","0","","***","","***","","***","","***",""
"1999100000","1999年度","43512","熊本県 山江村","","***","","***","","12,120","","***","","2,838,725","","***","","820","","631","","592","","0.12","","***","","0","","***","","***","","***","","***",""
"1999100000","1999年度","43513","熊本県 球磨村","","***","","***","","20,773","","***","","3,454,430","","***","","610","","743","","869","","0.12","","***","","0","","***","","***","","***","","***",""
"1999100000","1999年度","43514","熊本県 あさぎり町","","***","","***","","15,949","","***","","15,721,815","","***","","8,660","","3,092","","-","","-","","***","","1","","***","","***","","***","","***",""
"1999100000","1999年度","43531","熊本県 苓北町","","***","","***","","6,699","","***","","8,423,760","","***","","1,980","","809","","4,739","","0.84","","***","","4","","***","","***","","***","","***",""
"1998100000","1998年度","43100","熊本県 熊本市","","***","","***","","38,859","","***","","958,446,592","","***","","57,710","","13,675","","627,830","","-","","***","","106","","***","","***","","***","","***",""
"1998100000","1998年度","43101","熊本県 熊本市 中央区","","***","","***","","-","","***","","-","","***","","-","","-","","-","","-","","***","","-","","***","","***","","***","","***",""
"1998100000","1998年度","43102","熊本県 熊本市 東区","","***","","***","","-","","***","","-","","***","","-","","-","","-","","-","","***","","-","","***","","***","","***","","***",""
"1998100000","1998年度","43103","熊本県 熊本市 西区","","***","","***","","-","","***","","-","","***","","-","","-","","-","","-","","***","","-","","***","","***","","***","","***",""
"1998100000","1998年度","43104","熊本県 熊本市 南区","","***","","***","","-","","***","","-","","***","","-","","-","","-","","-","","***","","-","","***","","***","","***","","***",""
"1998100000","1998年度","43105","熊本県 熊本市 北区","","***","","***","","-","","***","","-","","***","","-","","-","","-","","-","","***","","-","","***","","***","","***","","***",""
"1998100000","1998年度","43202","熊本県 八代市","","***","","***","","68,010","","***","","147,313,310","","***","","40,340","","8,236","","-","","-","","***","","11","","***","","***","","***","","***",""
"1998100000","1998年度","43203","熊本県 人吉市","","***","","***","","21,055","","***","","42,649,922","","***","","3,550","","1,730","","21,013","","0.47","","***","","12","","***","","***","","***","","***",""
"1998100000","1998年度","43204","熊本県 荒尾市","","***","","***","","5,715","","***","","55,715,527","","***","","3,620","","1,640","","26,489","","0.43","","***","","6","","***","","***","","***","","***",""
"1998100000","1998年度","43205","熊本県 水俣市","","***","","***","","16,261","","***","","32,053,321","","***","","2,870","","1,170","","97,068","","0.34","","***","","8","","***","","***","","***","","***",""
"1998100000","1998年度","43206","熊本県 玉名市","","***","","***","","15,253","","***","","77,100,425","","***","","23,380","","7,060","","97,606","","-","","***","","5","","***","","***","","***","","***",""
"1998100000","1998年度","43208","熊本県 山鹿市","","***","","***","","29,967","","***","","58,146,086","","***","","22,480","","7,580","","57,699","","-","","***","","7","","***","","***","","***","","***",""
"1998100000","1998年度","43210","熊本県 菊池市","","***","","***","","27,666","","***","","53,284,772","","***","","28,330","","6,460","","124,866","","-","","***","","5","","***","","***","","***","","***",""
"1998100000","1998年度","43211","熊本県 宇土市","","***","","***","","7,417","","***","","38,724,168","","***","","6,360","","2,190","","53,934","","0.42","","***","","2","","***","","***","","***","","***",""
"1998100000","1998年度","43212","熊本県 上天草市","","***","","***","","12,595","","***","","32,511,891","","***","","3,170","","1,667","","15,914","","-","","***","","1","","***","","***","","***","","***",""
"1998100000","1998年度","43213","熊本県 宇城市","","***","","***","","18,851","","***","","62,758,884","","***","","23,120","","6,505","","107,444","","-","","***","","7","","***","","***","","***","","***",""
"1998100000","1998年度","43214","熊本県 阿蘇市","","***","","***","","37,625","","***","","29,572,311","","***","","12,360","","9,840","","-","","-","","***","","4","","***","","***","","***","","***",""
"1998100000","1998年度","43215","熊本県 天草市","","***","","***","","68,265","","***","","93,147,848","","***","","13,900","","7,376","","36,732","","-","","***","","15","","***","","***","","***","","***",""
"1998100000","1998年度","43216","熊本県 合志市","","***","","***","","5,317","","***","","63,897,883","","***","","10,590","","2,430","","147,328","","-","","***","","6","","***","","***","","***","","***",""
"1998100000","1998年度","43348","熊本県 美里町","","***","","***","","14,403","","***","","10,194,514","","***","","2,860","","1,453","","6,879","","-","","***","","3","","***","","***","","***","","***",""
"1998100000","1998年度","43364","熊本県 玉東町","","***","","***","","2,440","","***","","5,342,232","","***","","3,370","","850","","3,869","","0.22","","***","","0","","***","","***","","***","","***",""
"1998100000","1998年度","43367","熊本県 南関町","","***","","***","","6,896","","***","","10,022,129","","***","","3,450","","1,700","","22,066","","0.28","","***","","0","","***","","***","","***","","***",""
"1998100000","1998年度","43368","熊本県 長洲町","","***","","***","","1,943","","***","","19,885,586","","***","","1,200","","782","","189,242","","0.52","","***","","1","","***","","***","","***","","***",""
"1998100000","1998年度","43369","熊本県 和水町","","***","","***","","9,875","","***","","10,466,272","","***","","5,100","","2,203","","25,177","","-","","***","","1","","***","","***","","***","","***",""
"1998100000","1998年度","43403","熊本県 大津町","","***","","***","","9,909","","***","","31,790,577","","***","","7,510","","2,420","","338,228","","0.71","","***","","2","","***","","***","","***","","***",""
"1998100000","1998年度","43404","熊本県 菊陽町","","***","","***","","3,757","","***","","32,797,346","","***","","4,740","","1,630","","65,518","","0.58","","***","","4","","***","","***","","***","","***",""
"1998100000","1998年度","43423","熊本県 南小国町","","***","","***","","11,586","","***","","4,243,755","","***","","3,150","","1,250","","1,056","","0.19","","***","","0","","***","","***","","***","","***",""
"1998100000","1998年度","43424","熊本県 小国町","","***","","***","","13,700","","***","","8,631,685","","***","","3,270","","1,840","","3,536","","0.23","","***","","1","","***","","***","","***","","***",""
"1998100000","1998年度","43425","熊本県 産山村","","***","","***","","6,072","","***","","1,305,609","","***","","1,730","","1,060","","117","","0.16","","***","","0","","***","","***","","***","","***",""
"1998100000","1998年度","43428","熊本県 高森町","","***","","***","","17,490","","***","","6,420,888","","***","","2,760","","2,680","","4,640","","0.20","","***","","0","","***","","***","","***","","***",""
"1998100000","1998年度","43432","熊本県 西原村","","***","","***","","7,723","","***","","5,628,493","","***","","3,220","","1,470","","36,415","","0.36","","***","","0","","***","","***","","***","","***",""
"1998100000","1998年度","43433","熊本県 南阿蘇村","","***","","***","","13,730","","***","","9,889,520","","***","","4,440","","3,658","","8,962","","-","","***","","1","","***","","***","","***","","***",""
"1998100000","1998年度","43441","熊本県 御船町","","***","","***","","9,900","","***","","17,768,663","","***","","3,150","","1,750","","10,745","","0.31","","***","","1","","***","","***","","***","","***",""
"1998100000","1998年度","43442","熊本県 嘉島町","","***","","***","","1,666","","***","","8,607,871","","***","","1,460","","917","","11,744","","0.36","","***","","2","","***","","***","","***","","***",""
"1998100000","1998年度","43443","熊本県 益城町","","***","","***","","6,567","","***","","35,528,062","","***","","5,860","","2,560","","35,897","","0.49","","***","","4","","***","","***","","***","","***",""
"1998100000","1998年度","43444","熊本県 甲佐町","","***","","***","","5,787","","***","","11,086,617","","***","","4,240","","1,390","","12,102","","0.30","","***","","2","","***","","***","","***","","***",""
"1998100000","1998年度","43447","熊本県 山都町","","***","","***","","54,483","","***","","15,742,805","","***","","8,920","","5,950","","34,035","","-","","***","","4","","***","","***","","***","","***",""
"1998100000","1998年度","43468","熊本県 氷川町","","***","","***","","3,329","","***","","12,539,012","","***","","7,340","","1,804","","1,306","","-","","***","","0","","***","","***","","***","","***",""
"1998100000","1998年度","43482","熊本県 芦北町","","***","","***","","23,347","","***","","18,731,257","","***","","5,900","","1,978","","20,724","","-","","***","","2","","***","","***","","***","","***",""
"1998100000","1998年度","43484","熊本県 津奈木町","","***","","***","","3,397","","***","","4,134,204","","***","","1,470","","448","","3,083","","0.17","","***","","0","","***","","***","","***","","***",""
"1998100000","1998年度","43501","熊本県 錦町","","***","","***","","8,487","","***","","10,578,921","","***","","5,100","","1,820","","47,978","","0.35","","***","","0","","***","","***","","***","","***",""
"1998100000","1998年度","43505","熊本県 多良木町","","***","","***","","16,587","","***","","11,582,363","","***","","4,370","","1,790","","15,259","","0.26","","***","","1","","***","","***","","***","","***",""
"1998100000","1998年度","43506","熊本県 湯前町","","***","","***","","4,841","","***","","3,906,205","","***","","1,630","","631","","4,958","","0.16","","***","","0","","***","","***","","***","","***",""
"1998100000","1998年度","43507","熊本県 水上村","","***","","***","","19,211","","***","","2,220,933","","***","","620","","534","","1,308","","0.13","","***","","1","","***","","***","","***","","***",""
"1998100000","1998年度","43510","熊本県 相良村","","***","","***","","9,454","","***","","4,517,257","","***","","2,900","","858","","4,003","","0.18","","***","","0","","***","","***","","***","","***",""
"1998100000","1998年度","43511","熊本県 五木村","","***","","***","","25,294","","***","","1,509,885","","***","","110","","164","","893","","0.16","","***","","0","","***","","***","","***","","***",""
"1998100000","1998年度","43512","熊本県 山江村","","***","","***","","12,120","","***","","2,997,895","","***","","850","","645","","769","","0.13","","***","","0","","***","","***","","***","","***",""
"1998100000","1998年度","43513","熊本県 球磨村","","***","","***","","20,773","","***","","3,751,514","","***","","640","","749","","960","","0.12","","***","","0","","***","","***","","***","","***",""
"1998100000","1998年度","43514","熊本県 あさぎり町","","***","","***","","15,949","","***","","15,712,326","","***","","8,960","","3,122","","-","","-","","***","","1","","***","","***","","***","","***",""
"1998100000","1998年度","43531","熊本県 苓北町","","***","","***","","6,699","","***","","8,411,370","","***","","1,980","","820","","5,497","","0.92","","***","","4","","***","","***","","***","","***",""
"1997100000","1997年度","43100","熊本県 熊本市","","***","","***","","38,859","","***","","953,841,692","","***","","55,440","","13,789","","705,095","","-","","***","","106","","***","","***","","***","","***",""
"1997100000","1997年度","43101","熊本県 熊本市 中央区","","***","","***","","-","","***","","-","","***","","-","","-","","-","","-","","***","","-","","***","","***","","***","","***",""
"1997100000","1997年度","43102","熊本県 熊本市 東区","","***","","***","","-","","***","","-","","***","","-","","-","","-","","-","","***","","-","","***","","***","","***","","***",""
"1997100000","1997年度","43103","熊本県 熊本市 西区","","***","","***","","-","","***","","-","","***","","-","","-","","-","","-","","***","","-","","***","","***","","***","","***",""
"1997100000","1997年度","43104","熊本県 熊本市 南区","","***","","***","","-","","***","","-","","***","","-","","-","","-","","-","","***","","-","","***","","***","","***","","***",""
"1997100000","1997年度","43105","熊本県 熊本市 北区","","***","","***","","-","","***","","-","","***","","-","","-","","-","","-","","***","","-","","***","","***","","***","","***",""
"1997100000","1997年度","43202","熊本県 八代市","","***","","***","","68,010","","***","","149,221,800","","***","","40,490","","8,281","","240,705","","-","","***","","11","","***","","***","","***","","***",""
"1997100000","1997年度","43203","熊本県 人吉市","","***","","***","","21,055","","***","","43,226,837","","***","","3,680","","1,780","","23,123","","0.47","","***","","12","","***","","***","","***","","***",""
"1997100000","1997年度","43204","熊本県 荒尾市","","***","","***","","5,715","","***","","56,211,027","","***","","3,830","","1,650","","30,660","","0.42","","***","","6","","***","","***","","***","","***",""
"1997100000","1997年度","43205","熊本県 水俣市","","***","","***","","16,261","","***","","31,889,835","","***","","2,660","","1,190","","108,656","","0.35","","***","","8","","***","","***","","***","","***",""
"1997100000","1997年度","43206","熊本県 玉名市","","***","","***","","15,253","","***","","78,194,092","","***","","21,340","","7,110","","105,446","","-","","***","","5","","***","","***","","***","","***",""
"1997100000","1997年度","43208","熊本県 山鹿市","","***","","***","","29,967","","***","","57,825,499","","***","","22,140","","7,640","","61,511","","-","","***","","7","","***","","***","","***","","***",""
"1997100000","1997年度","43210","熊本県 菊池市","","***","","***","","27,666","","***","","52,885,279","","***","","28,800","","6,530","","130,522","","-","","***","","5","","***","","***","","***","","***",""
"1997100000","1997年度","43211","熊本県 宇土市","","***","","***","","7,412","","***","","38,147,884","","***","","6,090","","2,220","","57,611","","0.41","","***","","2","","***","","***","","***","","***",""
"1997100000","1997年度","43212","熊本県 上天草市","","***","","***","","12,595","","***","","32,821,072","","***","","3,340","","1,734","","17,487","","-","","***","","1","","***","","***","","***","","***",""
"1997100000","1997年度","43213","熊本県 宇城市","","***","","***","","18,851","","***","","62,962,226","","***","","22,380","","6,567","","110,978","","-","","***","","7","","***","","***","","***","","***",""
"1997100000","1997年度","43214","熊本県 阿蘇市","","***","","***","","37,625","","***","","28,895,989","","***","","12,570","","9,870","","-","","-","","***","","4","","***","","***","","***","","***",""
"1997100000","1997年度","43215","熊本県 天草市","","***","","***","","68,260","","***","","94,408,081","","***","","14,470","","7,574","","37,858","","-","","***","","15","","***","","***","","***","","***",""
"1997100000","1997年度","43216","熊本県 合志市","","***","","***","","5,317","","***","","63,688,973","","***","","11,120","","2,460","","131,762","","-","","***","","6","","***","","***","","***","","***",""
"1997100000","1997年度","43348","熊本県 美里町","","***","","***","","14,403","","***","","10,316,684","","***","","3,000","","1,479","","7,364","","-","","***","","3","","***","","***","","***","","***",""
"1997100000","1997年度","43364","熊本県 玉東町","","***","","***","","2,440","","***","","5,948,767","","***","","2,480","","852","","3,956","","0.22","","***","","0","","***","","***","","***","","***",""
"1997100000","1997年度","43367","熊本県 南関町","","***","","***","","6,896","","***","","10,036,761","","***","","3,530","","1,730","","23,326","","0.28","","***","","0","","***","","***","","***","","***",""
"1997100000","1997年度","43368","熊本県 長洲町","","***","","***","","1,943","","***","","18,727,824","","***","","1,240","","788","","118,949","","0.54","","***","","1","","***","","***","","***","","***",""
"1997100000","1997年度","43369","熊本県 和水町","","***","","***","","9,875","","***","","10,463,602","","***","","4,930","","2,231","","24,232","","-","","***","","1","","***","","***","","***","","***",""
"1997100000","1997年度","43403","熊本県 大津町","","***","","***","","9,909","","***","","31,340,892","","***","","7,650","","2,430","","374,299","","0.60","","***","","2","","***","","***","","***","","***",""
"1997100000","1997年度","43404","熊本県 菊陽町","","***","","***","","3,757","","***","","31,899,778","","***","","4,570","","1,660","","78,478","","0.58","","***","","4","","***","","***","","***","","***",""
"1997100000","1997年度","43423","熊本県 南小国町","","***","","***","","11,586","","***","","3,946,633","","***","","3,190","","1,260","","1,134","","0.18","","***","","0","","***","","***","","***","","***",""
"1997100000","1997年度","43424","熊本県 小国町","","***","","***","","13,700","","***","","8,442,081","","***","","3,170","","1,860","","3,968","","0.24","","***","","1","","***","","***","","***","","***",""
"1997100000","1997年度","43425","熊本県 産山村","","***","","***","","6,072","","***","","1,297,315","","***","","1,600","","1,060","","78","","0.16","","***","","0","","***","","***","","***","","***",""
"1997100000","1997年度","43428","熊本県 高森町","","***","","***","","17,490","","***","","6,426,622","","***","","3,030","","2,690","","5,235","","0.20","","***","","0","","***","","***","","***","","***",""
"1997100000","1997年度","43432","熊本県 西原村","","***","","***","","7,723","","***","","5,419,592","","***","","3,270","","1,500","","39,793","","0.34","","***","","0","","***","","***","","***","","***",""
"1997100000","1997年度","43433","熊本県 南阿蘇村","","***","","***","","13,730","","***","","9,551,567","","***","","4,740","","3,705","","6,189","","-","","***","","1","","***","","***","","***","","***",""
"1997100000","1997年度","43441","熊本県 御船町","","***","","***","","9,900","","***","","17,743,976","","***","","3,200","","1,770","","11,288","","0.32","","***","","1","","***","","***","","***","","***",""
"1997100000","1997年度","43442","熊本県 嘉島町","","***","","***","","1,666","","***","","8,929,657","","***","","1,580","","925","","11,888","","0.36","","***","","2","","***","","***","","***","","***",""
"1997100000","1997年度","43443","熊本県 益城町","","***","","***","","6,567","","***","","35,863,119","","***","","5,790","","2,580","","47,334","","0.48","","***","","4","","***","","***","","***","","***",""
"1997100000","1997年度","43444","熊本県 甲佐町","","***","","***","","5,787","","***","","11,041,602","","***","","4,050","","1,400","","12,290","","0.30","","***","","2","","***","","***","","***","","***",""
"1997100000","1997年度","43447","熊本県 山都町","","***","","***","","54,483","","***","","15,242,048","","***","","9,090","","6,100","","30,394","","-","","***","","4","","***","","***","","***","","***",""
"1997100000","1997年度","43468","熊本県 氷川町","","***","","***","","3,329","","***","","13,520,574","","***","","7,860","","1,805","","1,395","","-","","***","","0","","***","","***","","***","","***",""
"1997100000","1997年度","43482","熊本県 芦北町","","***","","***","","23,347","","***","","18,858,531","","***","","5,680","","2,000","","22,583","","-","","***","","2","","***","","***","","***","","***",""
"1997100000","1997年度","43484","熊本県 津奈木町","","***","","***","","3,397","","***","","4,175,853","","***","","1,330","","450","","2,809","","0.17","","***","","0","","***","","***","","***","","***",""
"1997100000","1997年度","43501","熊本県 錦町","","***","","***","","8,487","","***","","10,400,509","","***","","5,410","","1,830","","49,607","","0.35","","***","","0","","***","","***","","***","","***",""
"1997100000","1997年度","43505","熊本県 多良木町","","***","","***","","16,587","","***","","11,422,367","","***","","4,490","","1,830","","14,643","","0.26","","***","","1","","***","","***","","***","","***",""
"1997100000","1997年度","43506","熊本県 湯前町","","***","","***","","4,841","","***","","3,963,112","","***","","1,710","","639","","5,080","","0.16","","***","","0","","***","","***","","***","","***",""
"1997100000","1997年度","43507","熊本県 水上村","","***","","***","","19,211","","***","","2,203,435","","***","","660","","586","","1,123","","0.13","","***","","1","","***","","***","","***","","***",""
"1997100000","1997年度","43510","熊本県 相良村","","***","","***","","9,454","","***","","4,453,702","","***","","2,840","","884","","4,528","","0.18","","***","","0","","***","","***","","***","","***",""
"1997100000","1997年度","43511","熊本県 五木村","","***","","***","","25,294","","***","","1,582,885","","***","","140","","180","","1,113","","0.15","","***","","0","","***","","***","","***","","***",""
"1997100000","1997年度","43512","熊本県 山江村","","***","","***","","12,120","","***","","2,825,942","","***","","900","","655","","1,045","","0.13","","***","","0","","***","","***","","***","","***",""
"1997100000","1997年度","43513","熊本県 球磨村","","***","","***","","20,773","","***","","3,774,683","","***","","690","","780","","1,273","","0.12","","***","","0","","***","","***","","***","","***",""
"1997100000","1997年度","43514","熊本県 あさぎり町","","***","","***","","15,949","","***","","15,617,214","","***","","9,410","","3,208","","-","","-","","***","","1","","***","","***","","***","","***",""
"1997100000","1997年度","43531","熊本県 苓北町","","***","","***","","6,697","","***","","8,593,617","","***","","2,000","","830","","5,638","","0.74","","***","","4","","***","","***","","***","","***",""
"1996100000","1996年度","43100","熊本県 熊本市","","***","","***","","38,856","","***","","923,292,816","","***","","58,100","","13,976","","699,101","","-","","***","","***","","***","","***","","***","","***",""
"1996100000","1996年度","43101","熊本県 熊本市 中央区","","***","","***","","-","","***","","-","","***","","-","","-","","-","","-","","***","","***","","***","","***","","***","","***",""
"1996100000","1996年度","43102","熊本県 熊本市 東区","","***","","***","","-","","***","","-","","***","","-","","-","","-","","-","","***","","***","","***","","***","","***","","***",""
"1996100000","1996年度","43103","熊本県 熊本市 西区","","***","","***","","-","","***","","-","","***","","-","","-","","-","","-","","***","","***","","***","","***","","***","","***",""
"1996100000","1996年度","43104","熊本県 熊本市 南区","","***","","***","","-","","***","","-","","***","","-","","-","","-","","-","","***","","***","","***","","***","","***","","***",""
"1996100000","1996年度","43105","熊本県 熊本市 北区","","***","","***","","-","","***","","-","","***","","-","","-","","-","","-","","***","","***","","***","","***","","***","","***",""
"1996100000","1996年度","43202","熊本県 八代市","","***","","***","","68,010","","***","","144,831,345","","***","","47,030","","8,336","","237,345","","-","","***","","***","","***","","***","","***","","***",""
"1996100000","1996年度","43203","熊本県 人吉市","","***","","***","","21,055","","***","","41,602,844","","***","","3,780","","1,830","","21,936","","0.46","","***","","***","","***","","***","","***","","***",""
"1996100000","1996年度","43204","熊本県 荒尾市","","***","","***","","5,715","","***","","54,951,417","","***","","3,850","","1,660","","32,375","","0.42","","***","","***","","***","","***","","***","","***",""
"1996100000","1996年度","43205","熊本県 水俣市","","***","","***","","16,261","","***","","31,401,308","","***","","2,780","","1,190","","92,225","","0.36","","***","","***","","***","","***","","***","","***",""
"1996100000","1996年度","43206","熊本県 玉名市","","***","","***","","15,253","","***","","74,622,559","","***","","23,460","","7,190","","102,102","","-","","***","","***","","***","","***","","***","","***",""
"1996100000","1996年度","43208","熊本県 山鹿市","","***","","***","","29,967","","***","","57,268,960","","***","","23,780","","7,720","","63,179","","-","","***","","***","","***","","***","","***","","***",""
"1996100000","1996年度","43210","熊本県 菊池市","","***","","***","","27,666","","***","","49,597,590","","***","","29,370","","6,570","","113,043","","-","","***","","***","","***","","***","","***","","***",""
"1996100000","1996年度","43211","熊本県 宇土市","","***","","***","","7,412","","***","","36,532,048","","***","","6,610","","2,250","","57,019","","0.40","","***","","***","","***","","***","","***","","***",""
"1996100000","1996年度","43212","熊本県 上天草市","","***","","***","","12,594","","***","","32,173,633","","***","","3,680","","1,786","","19,153","","-","","***","","***","","***","","***","","***","","***",""
"1996100000","1996年度","43213","熊本県 宇城市","","***","","***","","18,850","","***","","61,152,162","","***","","24,420","","6,633","","104,189","","-","","***","","***","","***","","***","","***","","***",""
"1996100000","1996年度","43214","熊本県 阿蘇市","","***","","***","","37,625","","***","","28,981,589","","***","","11,610","","9,890","","47,387","","-","","***","","***","","***","","***","","***","","***",""
"1996100000","1996年度","43215","熊本県 天草市","","***","","***","","68,252","","***","","92,640,491","","***","","14,170","","7,798","","37,296","","-","","***","","***","","***","","***","","***","","***",""
"1996100000","1996年度","43216","熊本県 合志市","","***","","***","","5,317","","***","","58,825,958","","***","","11,200","","2,500","","149,606","","-","","***","","***","","***","","***","","***","","***",""
"1996100000","1996年度","43348","熊本県 美里町","","***","","***","","14,403","","***","","10,192,935","","***","","3,230","","1,506","","9,358","","-","","***","","***","","***","","***","","***","","***",""
"1996100000","1996年度","43364","熊本県 玉東町","","***","","***","","2,440","","***","","5,524,760","","***","","3,060","","856","","3,900","","0.22","","***","","***","","***","","***","","***","","***",""
"1996100000","1996年度","43367","熊本県 南関町","","***","","***","","6,896","","***","","9,821,263","","***","","3,620","","1,760","","27,453","","0.27","","***","","***","","***","","***","","***","","***",""
"1996100000","1996年度","43368","熊本県 長洲町","","***","","***","","1,943","","***","","18,082,054","","***","","1,260","","794","","127,660","","0.56","","***","","***","","***","","***","","***","","***",""
"1996100000","1996年度","43369","熊本県 和水町","","***","","***","","9,875","","***","","10,202,829","","***","","5,200","","2,278","","23,216","","-","","***","","***","","***","","***","","***","","***",""
"1996100000","1996年度","43403","熊本県 大津町","","***","","***","","9,909","","***","","30,085,763","","***","","7,480","","2,450","","328,876","","0.57","","***","","***","","***","","***","","***","","***",""
"1996100000","1996年度","43404","熊本県 菊陽町","","***","","***","","3,757","","***","","31,535,879","","***","","4,730","","1,690","","83,954","","0.55","","***","","***","","***","","***","","***","","***",""
"1996100000","1996年度","43423","熊本県 南小国町","","***","","***","","11,586","","***","","3,828,325","","***","","2,940","","1,270","","1,260","","0.18","","***","","***","","***","","***","","***","","***",""
"1996100000","1996年度","43424","熊本県 小国町","","***","","***","","13,700","","***","","8,638,680","","***","","2,950","","1,870","","4,260","","0.23","","***","","***","","***","","***","","***","","***",""
"1996100000","1996年度","43425","熊本県 産山村","","***","","***","","6,072","","***","","1,253,994","","***","","1,460","","1,080","","X","","0.16","","***","","***","","***","","***","","***","","***",""
"1996100000","1996年度","43428","熊本県 高森町","","***","","***","","17,490","","***","","5,878,722","","***","","2,690","","2,720","","4,489","","0.21","","***","","***","","***","","***","","***","","***",""
"1996100000","1996年度","43432","熊本県 西原村","","***","","***","","7,723","","***","","5,092,803","","***","","3,700","","1,520","","35,167","","0.33","","***","","***","","***","","***","","***","","***",""
"1996100000","1996年度","43433","熊本県 南阿蘇村","","***","","***","","13,730","","***","","9,308,154","","***","","4,580","","3,743","","6,675","","-","","***","","***","","***","","***","","***","","***",""
"1996100000","1996年度","43441","熊本県 御船町","","***","","***","","9,900","","***","","17,011,869","","***","","3,400","","1,830","","11,806","","0.31","","***","","***","","***","","***","","***","","***",""
"1996100000","1996年度","43442","熊本県 嘉島町","","***","","***","","1,666","","***","","8,027,882","","***","","1,710","","931","","11,895","","0.37","","***","","***","","***","","***","","***","","***",""
"1996100000","1996年度","43443","熊本県 益城町","","***","","***","","6,567","","***","","33,719,758","","***","","6,420","","2,600","","46,988","","0.48","","***","","***","","***","","***","","***","","***",""
"1996100000","1996年度","43444","熊本県 甲佐町","","***","","***","","5,787","","***","","10,959,750","","***","","4,140","","1,420","","11,677","","0.29","","***","","***","","***","","***","","***","","***",""
"1996100000","1996年度","43447","熊本県 山都町","","***","","***","","54,483","","***","","14,957,743","","***","","8,880","","6,210","","30,537","","-","","***","","***","","***","","***","","***","","***",""
"1996100000","1996年度","43468","熊本県 氷川町","","***","","***","","3,329","","***","","12,533,699","","***","","9,080","","1,819","","1,473","","-","","***","","***","","***","","***","","***","","***",""
"1996100000","1996年度","43482","熊本県 芦北町","","***","","***","","23,347","","***","","18,139,884","","***","","5,280","","2,036","","23,129","","-","","***","","***","","***","","***","","***","","***",""
"1996100000","1996年度","43484","熊本県 津奈木町","","***","","***","","3,397","","***","","4,010,598","","***","","1,210","","455","","3,160","","0.17","","***","","***","","***","","***","","***","","***",""
"1996100000","1996年度","43501","熊本県 錦町","","***","","***","","8,487","","***","","10,214,949","","***","","5,210","","1,830","","45,228","","0.35","","***","","***","","***","","***","","***","","***",""
"1996100000","1996年度","43505","熊本県 多良木町","","***","","***","","16,587","","***","","11,217,799","","***","","4,450","","1,860","","12,774","","0.26","","***","","***","","***","","***","","***","","***",""
"1996100000","1996年度","43506","熊本県 湯前町","","***","","***","","4,841","","***","","3,802,298","","***","","1,740","","650","","4,218","","0.16","","***","","***","","***","","***","","***","","***",""
"1996100000","1996年度","43507","熊本県 水上村","","***","","***","","19,211","","***","","2,170,471","","***","","720","","606","","1,056","","0.13","","***","","***","","***","","***","","***","","***",""
"1996100000","1996年度","43510","熊本県 相良村","","***","","***","","9,454","","***","","4,401,084","","***","","2,780","","890","","4,113","","0.18","","***","","***","","***","","***","","***","","***",""
"1996100000","1996年度","43511","熊本県 五木村","","***","","***","","25,294","","***","","1,663,633","","***","","180","","190","","1,112","","0.14","","***","","***","","***","","***","","***","","***",""
"1996100000","1996年度","43512","熊本県 山江村","","***","","***","","12,120","","***","","2,790,557","","***","","910","","663","","1,022","","0.13","","***","","***","","***","","***","","***","","***",""
"1996100000","1996年度","43513","熊本県 球磨村","","***","","***","","20,773","","***","","3,597,048","","***","","710","","816","","1,221","","0.12","","***","","***","","***","","***","","***","","***",""
"1996100000","1996年度","43514","熊本県 あさぎり町","","***","","***","","15,949","","***","","15,356,481","","***","","9,390","","3,240","","-","","-","","***","","***","","***","","***","","***","","***",""
"1996100000","1996年度","43531","熊本県 苓北町","","***","","***","","6,697","","***","","8,173,005","","***","","2,030","","848","","5,392","","0.52","","***","","***","","***","","***","","***","","***",""
"1995100000","1995年度","43100","熊本県 熊本市","","708,097","","***","","38,854","","***","","912,127,932","","***","","58,070","","14,157","","647,443","","-","","***","","***","","14.264","","4.01","","***","","13.3",""
"1995100000","1995年度","43101","熊本県 熊本市 中央区","","-","","***","","-","","***","","-","","***","","-","","-","","-","","-","","***","","***","","-","","-","","***","","-",""
"1995100000","1995年度","43102","熊本県 熊本市 東区","","-","","***","","-","","***","","-","","***","","-","","-","","-","","-","","***","","***","","-","","-","","***","","-",""
"1995100000","1995年度","43103","熊本県 熊本市 西区","","-","","***","","-","","***","","-","","***","","-","","-","","-","","-","","***","","***","","-","","-","","***","","-",""
"1995100000","1995年度","43104","熊本県 熊本市 南区","","-","","***","","-","","***","","-","","***","","-","","-","","-","","-","","***","","***","","-","","-","","***","","-",""
"1995100000","1995年度","43105","熊本県 熊本市 北区","","-","","***","","-","","***","","-","","***","","-","","-","","-","","-","","***","","***","","-","","-","","***","","-",""
"1995100000","1995年度","43202","熊本県 八代市","","143,712","","***","","68,010","","***","","150,986,371","","***","","45,580","","8,389","","-","","-","","***","","***","","18.561","","-1.54","","***","","-",""
"1995100000","1995年度","43203","熊本県 人吉市","","39,373","","***","","21,055","","***","","41,417,479","","***","","3,810","","1,840","","21,178","","0.46","","***","","***","","20.595","","-1.99","","***","","27.9",""
"1995100000","1995年度","43204","熊本県 荒尾市","","57,389","","***","","5,715","","***","","54,346,888","","***","","4,080","","1,670","","35,381","","0.42","","***","","***","","21.957","","-3.56","","***","","7.0",""
"1995100000","1995年度","43205","熊本県 水俣市","","32,842","","***","","16,261","","***","","31,473,942","","***","","2,820","","1,200","","89,372","","0.36","","***","","***","","22.852","","-5.06","","***","","21.3",""
"1995100000","1995年度","43206","熊本県 玉名市","","72,900","","***","","15,253","","***","","74,892,423","","***","","23,440","","7,250","","107,776","","-","","***","","***","","19.531","","-0.57","","***","","-",""
"1995100000","1995年度","43208","熊本県 山鹿市","","60,991","","***","","29,967","","***","","57,446,121","","***","","23,910","","7,830","","64,008","","-","","***","","***","","22.764","","-1.86","","***","","-",""
"1995100000","1995年度","43210","熊本県 菊池市","","52,545","","***","","27,666","","***","","49,142,739","","***","","29,550","","6,620","","97,038","","-","","***","","***","","20.596","","1.81","","***","","-",""
"1995100000","1995年度","43211","熊本県 宇土市","","35,010","","***","","7,412","","***","","36,125,241","","***","","6,730","","2,290","","57,038","","0.41","","***","","***","","18.032","","4.85","","***","","2.9",""
"1995100000","1995年度","43212","熊本県 上天草市","","36,667","","***","","12,590","","***","","31,709,356","","***","","3,820","","1,853","","17,831","","-","","***","","***","","22.993","","-4.30","","***","","-",""
"1995100000","1995年度","43213","熊本県 宇城市","","64,008","","***","","18,850","","***","","60,729,246","","***","","24,200","","6,681","","93,380","","-","","***","","***","","20.140","","0.96","","***","","-",""
"1995100000","1995年度","43214","熊本県 阿蘇市","","31,364","","***","","37,625","","***","","30,359,119","","***","","12,690","","9,940","","44,984","","-","","***","","***","","22.417","","-5.01","","***","","-",""
"1995100000","1995年度","43215","熊本県 天草市","","107,823","","***","","68,247","","***","","92,951,843","","***","","16,160","","7,979","","37,708","","-","","***","","***","","23.947","","-3.79","","***","","-",""
"1995100000","1995年度","43216","熊本県 合志市","","46,925","","***","","5,317","","***","","57,362,009","","***","","11,250","","2,500","","126,866","","-","","***","","***","","14.449","","11.69","","***","","6.4",""
"1995100000","1995年度","43348","熊本県 美里町","","13,594","","***","","14,403","","***","","10,114,598","","***","","3,420","","1,541","","11,418","","-","","***","","***","","27.659","","-4.42","","***","","22.1",""
"1995100000","1995年度","43364","熊本県 玉東町","","6,038","","***","","2,440","","***","","5,714,228","","***","","3,050","","863","","4,094","","0.22","","***","","***","","20.437","","-0.08","","***","","-",""
"1995100000","1995年度","43367","熊本県 南関町","","12,076","","***","","6,896","","***","","9,621,330","","***","","3,390","","1,790","","25,306","","0.27","","***","","***","","24.603","","-1.40","","***","","-",""
"1995100000","1995年度","43368","熊本県 長洲町","","17,833","","***","","1,943","","***","","17,870,686","","***","","1,340","","802","","157,014","","0.55","","***","","***","","18.000","","1.30","","***","","5.6",""
"1995100000","1995年度","43369","熊本県 和水町","","12,902","","***","","9,875","","***","","10,421,051","","***","","5,130","","2,343","","22,477","","-","","***","","***","","26.500","","-4.32","","***","","-",""
"1995100000","1995年度","43403","熊本県 大津町","","26,376","","***","","9,909","","***","","30,080,106","","***","","7,150","","2,510","","312,308","","0.57","","***","","***","","16.288","","11.08","","***","","7.6",""
"1995100000","1995年度","43404","熊本県 菊陽町","","26,273","","***","","3,757","","***","","31,226,927","","***","","4,890","","1,730","","73,597","","0.55","","***","","***","","12.861","","8.77","","***","","11.4",""
"1995100000","1995年度","43423","熊本県 南小国町","","4,818","","***","","11,586","","***","","3,890,885","","***","","3,050","","1,280","","1,409","","0.17","","***","","***","","25.031","","-3.12","","***","","-",""
"1995100000","1995年度","43424","熊本県 小国町","","9,413","","***","","13,700","","***","","8,908,104","","***","","3,160","","1,890","","4,229","","0.22","","***","","***","","23.850","","-4.48","","***","","10.6",""
"1995100000","1995年度","43425","熊本県 産山村","","1,885","","***","","6,072","","***","","1,368,544","","***","","1,510","","1,090","","83","","0.16","","***","","***","","23.767","","1.56","","***","","-",""
"1995100000","1995年度","43428","熊本県 高森町","","7,703","","***","","17,490","","***","","6,090,029","","***","","2,900","","2,740","","4,931","","0.21","","***","","***","","23.562","","-4.54","","***","","-",""
"1995100000","1995年度","43432","熊本県 西原村","","5,144","","***","","7,660","","***","","4,909,834","","***","","3,340","","1,540","","28,981","","0.32","","***","","***","","21.287","","2.39","","***","","-",""
"1995100000","1995年度","43433","熊本県 南阿蘇村","","12,864","","***","","13,793","","***","","9,671,965","","***","","4,920","","3,778","","-","","-","","***","","***","","21.323","","1.75","","***","","-",""
"1995100000","1995年度","43441","熊本県 御船町","","18,438","","***","","9,900","","***","","17,092,279","","***","","3,510","","1,870","","11,599","","0.32","","***","","***","","20.138","","2.71","","***","","-",""
"1995100000","1995年度","43442","熊本県 嘉島町","","7,654","","***","","1,666","","***","","7,982,373","","***","","1,750","","948","","11,198","","0.37","","***","","***","","21.610","","4.92","","***","","26.1",""
"1995100000","1995年度","43443","熊本県 益城町","","30,757","","***","","6,567","","***","","32,944,355","","***","","6,460","","2,620","","43,301","","0.48","","***","","***","","16.588","","7.95","","***","","9.8",""
"1995100000","1995年度","43444","熊本県 甲佐町","","12,372","","***","","5,787","","***","","11,022,810","","***","","4,080","","1,430","","10,705","","0.28","","***","","***","","24.871","","-0.70","","***","","16.2",""
"1995100000","1995年度","43447","熊本県 山都町","","21,746","","***","","54,483","","***","","15,916,509","","***","","9,900","","6,290","","38,376","","-","","***","","***","","26.244","","-7.48","","***","","-",""
"1995100000","1995年度","43468","熊本県 氷川町","","14,287","","***","","3,329","","***","","14,281,353","","***","","8,700","","1,823","","2,919","","-","","***","","***","","19.983","","-2.45","","***","","-",""
"1995100000","1995年度","43482","熊本県 芦北町","","23,744","","***","","23,347","","***","","18,288,263","","***","","5,870","","2,093","","21,964","","-","","***","","***","","24.128","","-5.12","","***","","-",""
"1995100000","1995年度","43484","熊本県 津奈木町","","5,793","","***","","3,397","","***","","3,951,970","","***","","1,360","","462","","3,514","","0.17","","***","","***","","25.548","","0.17","","***","","-",""
"1995100000","1995年度","43501","熊本県 錦町","","12,095","","***","","8,487","","***","","10,036,192","","***","","5,560","","1,840","","45,638","","0.33","","***","","***","","18.280","","3.13","","***","","-",""
"1995100000","1995年度","43505","熊本県 多良木町","","12,701","","***","","16,587","","***","","11,706,632","","***","","4,840","","1,880","","12,443","","0.25","","***","","***","","22.715","","-5.48","","***","","7.9",""
"1995100000","1995年度","43506","熊本県 湯前町","","5,350","","***","","4,841","","***","","3,993,117","","***","","1,800","","655","","7,577","","0.16","","***","","***","","26.131","","-2.97","","***","","-",""
"1995100000","1995年度","43507","熊本県 水上村","","2,919","","***","","19,211","","***","","2,100,506","","***","","780","","622","","1,113","","0.13","","***","","***","","26.550","","-6.29","","***","","34.3",""
"1995100000","1995年度","43510","熊本県 相良村","","5,756","","***","","9,454","","***","","4,346,475","","***","","2,950","","893","","4,248","","0.18","","***","","***","","23.280","","-3.11","","***","","-",""
"1995100000","1995年度","43511","熊本県 五木村","","1,687","","***","","25,294","","***","","1,808,533","","***","","220","","220","","1,167","","0.14","","***","","***","","25.667","","-14.10","","***","","-",""
"1995100000","1995年度","43512","熊本県 山江村","","4,118","","***","","12,120","","***","","2,795,564","","***","","1,010","","675","","1,013","","0.13","","***","","***","","20.617","","-2.81","","***","","-",""
"1995100000","1995年度","43513","熊本県 球磨村","","5,665","","***","","20,773","","***","","3,669,919","","***","","840","","825","","1,340","","0.12","","***","","***","","26.496","","-7.89","","***","","-",""
"1995100000","1995年度","43514","熊本県 あさぎり町","","18,533","","***","","15,949","","***","","15,957,981","","***","","10,270","","3,266","","-","","-","","***","","***","","21.081","","-2.29","","***","","-",""
"1995100000","1995年度","43531","熊本県 苓北町","","9,613","","***","","6,696","","***","","8,622,493","","***","","2,350","","856","","6,517","","0.25","","***","","***","","24.831","","-3.06","","***","","41.6",""
"1994100000","1994年度","43100","熊本県 熊本市","","***","","***","","38,853","","***","","873,053,671","","***","","59,840","","14,238","","579,034","","-","","***","","***","","***","","***","","***","","***",""
"1994100000","1994年度","43101","熊本県 熊本市 中央区","","***","","***","","-","","***","","-","","***","","-","","-","","-","","-","","***","","***","","***","","***","","***","","***",""
"1994100000","1994年度","43102","熊本県 熊本市 東区","","***","","***","","-","","***","","-","","***","","-","","-","","-","","-","","***","","***","","***","","***","","***","","***",""
"1994100000","1994年度","43103","熊本県 熊本市 西区","","***","","***","","-","","***","","-","","***","","-","","-","","-","","-","","***","","***","","***","","***","","***","","***",""
"1994100000","1994年度","43104","熊本県 熊本市 南区","","***","","***","","-","","***","","-","","***","","-","","-","","-","","-","","***","","***","","***","","***","","***","","***",""
"1994100000","1994年度","43105","熊本県 熊本市 北区","","***","","***","","-","","***","","-","","***","","-","","-","","-","","-","","***","","***","","***","","***","","***","","***",""
"1994100000","1994年度","43202","熊本県 八代市","","***","","***","","68,009","","***","","141,641,082","","***","","48,580","","8,419","","221,085","","-","","***","","***","","***","","***","","***","","***",""
"1994100000","1994年度","43203","熊本県 人吉市","","***","","***","","21,052","","***","","39,652,572","","***","","4,130","","1,850","","20,837","","0.44","","***","","***","","***","","***","","***","","***",""
"1994100000","1994年度","43204","熊本県 荒尾市","","***","","***","","5,715","","***","","53,679,255","","***","","3,660","","1,700","","40,731","","0.41","","***","","***","","***","","***","","***","","***",""
"1994100000","1994年度","43205","熊本県 水俣市","","***","","***","","16,260","","***","","30,990,923","","***","","2,520","","1,200","","79,888","","0.36","","***","","***","","***","","***","","***","","***",""
"1994100000","1994年度","43206","熊本県 玉名市","","***","","***","","15,253","","***","","69,882,647","","***","","24,010","","7,330","","107,099","","-","","***","","***","","***","","***","","***","","***",""
"1994100000","1994年度","43208","熊本県 山鹿市","","***","","***","","29,968","","***","","54,641,997","","***","","25,350","","7,990","","65,978","","-","","***","","***","","***","","***","","***","","***",""
"1994100000","1994年度","43210","熊本県 菊池市","","***","","***","","27,665","","***","","46,879,699","","***","","29,570","","6,680","","94,523","","-","","***","","***","","***","","***","","***","","***",""
"1994100000","1994年度","43211","熊本県 宇土市","","***","","***","","7,412","","***","","33,020,991","","***","","7,120","","2,340","","57,927","","0.43","","***","","***","","***","","***","","***","","***",""
"1994100000","1994年度","43212","熊本県 上天草市","","***","","***","","12,588","","***","","30,988,865","","***","","3,640","","1,890","","18,869","","-","","***","","***","","***","","***","","***","","***",""
"1994100000","1994年度","43213","熊本県 宇城市","","***","","***","","18,850","","***","","56,929,559","","***","","23,880","","6,782","","92,500","","-","","***","","***","","***","","***","","***","","***",""
"1994100000","1994年度","43214","熊本県 阿蘇市","","***","","***","","37,625","","***","","27,536,285","","***","","14,760","","9,960","","46,299","","-","","***","","***","","***","","***","","***","","***",""
"1994100000","1994年度","43215","熊本県 天草市","","***","","***","","68,240","","***","","88,176,639","","***","","16,310","","8,155","","42,398","","-","","***","","***","","***","","***","","***","","***",""
"1994100000","1994年度","43216","熊本県 合志市","","***","","***","","5,317","","***","","55,269,951","","***","","11,350","","2,510","","111,953","","-","","***","","***","","***","","***","","***","","***",""
"1994100000","1994年度","43348","熊本県 美里町","","***","","***","","14,403","","***","","9,490,875","","***","","3,380","","1,579","","14,027","","-","","***","","***","","***","","***","","***","","***",""
"1994100000","1994年度","43364","熊本県 玉東町","","***","","***","","2,440","","***","","5,105,632","","***","","2,730","","869","","5,130","","0.22","","***","","***","","***","","***","","***","","***",""
"1994100000","1994年度","43367","熊本県 南関町","","***","","***","","6,896","","***","","9,529,060","","***","","3,540","","1,840","","22,612","","0.26","","***","","***","","***","","***","","***","","***",""
"1994100000","1994年度","43368","熊本県 長洲町","","***","","***","","1,943","","***","","16,997,462","","***","","1,430","","809","","124,649","","0.53","","***","","***","","***","","***","","***","","***",""
"1994100000","1994年度","43369","熊本県 和水町","","***","","***","","9,875","","***","","9,966,423","","***","","5,110","","2,394","","24,237","","-","","***","","***","","***","","***","","***","","***",""
"1994100000","1994年度","43403","熊本県 大津町","","***","","***","","9,909","","***","","27,790,436","","***","","7,600","","2,560","","306,756","","0.57","","***","","***","","***","","***","","***","","***",""
"1994100000","1994年度","43404","熊本県 菊陽町","","***","","***","","3,757","","***","","27,950,962","","***","","5,030","","1,750","","55,979","","0.54","","***","","***","","***","","***","","***","","***",""
"1994100000","1994年度","43423","熊本県 南小国町","","***","","***","","11,586","","***","","3,727,978","","***","","2,840","","1,290","","1,447","","0.17","","***","","***","","***","","***","","***","","***",""
"1994100000","1994年度","43424","熊本県 小国町","","***","","***","","13,700","","***","","8,261,248","","***","","3,290","","1,900","","4,684","","0.22","","***","","***","","***","","***","","***","","***",""
"1994100000","1994年度","43425","熊本県 産山村","","***","","***","","6,072","","***","","1,198,577","","***","","1,590","","1,090","","X","","0.16","","***","","***","","***","","***","","***","","***",""
"1994100000","1994年度","43428","熊本県 高森町","","***","","***","","17,490","","***","","5,513,142","","***","","3,700","","2,750","","4,809","","0.21","","***","","***","","***","","***","","***","","***",""
"1994100000","1994年度","43432","熊本県 西原村","","***","","***","","7,660","","***","","4,626,200","","***","","3,480","","1,560","","27,193","","0.32","","***","","***","","***","","***","","***","","***",""
"1994100000","1994年度","43433","熊本県 南阿蘇村","","***","","***","","13,793","","***","","8,574,949","","***","","5,760","","3,781","","-","","-","","***","","***","","***","","***","","***","","***",""
"1994100000","1994年度","43441","熊本県 御船町","","***","","***","","9,900","","***","","15,838,617","","***","","3,960","","1,900","","10,981","","0.31","","***","","***","","***","","***","","***","","***",""
"1994100000","1994年度","43442","熊本県 嘉島町","","***","","***","","1,666","","***","","7,614,477","","***","","2,170","","960","","11,474","","0.36","","***","","***","","***","","***","","***","","***",""
"1994100000","1994年度","43443","熊本県 益城町","","***","","***","","6,567","","***","","30,756,315","","***","","6,970","","2,640","","42,878","","0.47","","***","","***","","***","","***","","***","","***",""
"1994100000","1994年度","43444","熊本県 甲佐町","","***","","***","","5,787","","***","","10,425,576","","***","","4,030","","1,450","","11,179","","0.28","","***","","***","","***","","***","","***","","***",""
"1994100000","1994年度","43447","熊本県 山都町","","***","","***","","54,483","","***","","14,501,047","","***","","10,260","","6,360","","27,136","","-","","***","","***","","***","","***","","***","","***",""
"1994100000","1994年度","43468","熊本県 氷川町","","***","","***","","3,329","","***","","13,006,898","","***","","10,000","","1,824","","3,739","","-","","***","","***","","***","","***","","***","","***",""
"1994100000","1994年度","43482","熊本県 芦北町","","***","","***","","23,347","","***","","17,680,575","","***","","5,150","","2,093","","21,881","","-","","***","","***","","***","","***","","***","","***",""
"1994100000","1994年度","43484","熊本県 津奈木町","","***","","***","","3,396","","***","","3,798,735","","***","","1,120","","463","","3,543","","0.16","","***","","***","","***","","***","","***","","***",""
"1994100000","1994年度","43501","熊本県 錦町","","***","","***","","8,487","","***","","9,105,433","","***","","5,760","","1,860","","44,027","","0.32","","***","","***","","***","","***","","***","","***",""
"1994100000","1994年度","43505","熊本県 多良木町","","***","","***","","16,587","","***","","10,372,923","","***","","5,190","","1,860","","11,534","","0.25","","***","","***","","***","","***","","***","","***",""
"1994100000","1994年度","43506","熊本県 湯前町","","***","","***","","4,841","","***","","3,619,864","","***","","1,860","","656","","7,136","","0.16","","***","","***","","***","","***","","***","","***",""
"1994100000","1994年度","43507","熊本県 水上村","","***","","***","","19,211","","***","","1,893,846","","***","","810","","644","","1,321","","0.12","","***","","***","","***","","***","","***","","***",""
"1994100000","1994年度","43510","熊本県 相良村","","***","","***","","9,454","","***","","3,916,768","","***","","2,880","","895","","5,328","","0.17","","***","","***","","***","","***","","***","","***",""
"1994100000","1994年度","43511","熊本県 五木村","","***","","***","","25,294","","***","","1,512,495","","***","","230","","227","","1,504","","0.14","","***","","***","","***","","***","","***","","***",""
"1994100000","1994年度","43512","熊本県 山江村","","***","","***","","12,123","","***","","2,545,854","","***","","980","","677","","1,193","","0.12","","***","","***","","***","","***","","***","","***",""
"1994100000","1994年度","43513","熊本県 球磨村","","***","","***","","20,773","","***","","3,360,600","","***","","860","","913","","1,427","","0.12","","***","","***","","***","","***","","***","","***",""
"1994100000","1994年度","43514","熊本県 あさぎり町","","***","","***","","15,949","","***","","14,102,494","","***","","10,880","","3,270","","-","","-","","***","","***","","***","","***","","***","","***",""
"1994100000","1994年度","43531","熊本県 苓北町","","***","","***","","6,690","","***","","8,330,670","","***","","2,060","","871","","6,428","","0.23","","***","","***","","***","","***","","***","","***",""
"1993100000","1993年度","43100","熊本県 熊本市","","***","","***","","38,853","","***","","841,557,482","","***","","53,710","","14,440","","571,817","","-","","***","","***","","***","","***","","***","","***",""
"1993100000","1993年度","43101","熊本県 熊本市 中央区","","***","","***","","-","","***","","-","","***","","-","","-","","-","","-","","***","","***","","***","","***","","***","","***",""
"1993100000","1993年度","43102","熊本県 熊本市 東区","","***","","***","","-","","***","","-","","***","","-","","-","","-","","-","","***","","***","","***","","***","","***","","***",""
"1993100000","1993年度","43103","熊本県 熊本市 西区","","***","","***","","-","","***","","-","","***","","-","","-","","-","","-","","***","","***","","***","","***","","***","","***",""
"1993100000","1993年度","43104","熊本県 熊本市 南区","","***","","***","","-","","***","","-","","***","","-","","-","","-","","-","","***","","***","","***","","***","","***","","***",""
"1993100000","1993年度","43105","熊本県 熊本市 北区","","***","","***","","-","","***","","-","","***","","-","","-","","-","","-","","***","","***","","***","","***","","***","","***",""
"1993100000","1993年度","43202","熊本県 八代市","","***","","***","","68,009","","***","","141,422,808","","***","","44,430","","8,471","","219,977","","-","","***","","***","","***","","***","","***","","***",""
"1993100000","1993年度","43203","熊本県 人吉市","","***","","***","","21,052","","***","","38,871,580","","***","","4,040","","1,870","","21,140","","0.43","","***","","***","","***","","***","","***","","***",""
"1993100000","1993年度","43204","熊本県 荒尾市","","***","","***","","5,715","","***","","52,038,894","","***","","3,450","","1,710","","40,378","","0.39","","***","","***","","***","","***","","***","","***",""
"1993100000","1993年度","43205","熊本県 水俣市","","***","","***","","16,260","","***","","30,849,326","","***","","2,680","","1,220","","87,117","","0.36","","***","","***","","***","","***","","***","","***",""
"1993100000","1993年度","43206","熊本県 玉名市","","***","","***","","15,253","","***","","69,565,212","","***","","21,270","","7,370","","104,049","","-","","***","","***","","***","","***","","***","","***",""
"1993100000","1993年度","43208","熊本県 山鹿市","","***","","***","","29,968","","***","","54,311,294","","***","","23,270","","8,070","","67,114","","-","","***","","***","","***","","***","","***","","***",""
"1993100000","1993年度","43210","熊本県 菊池市","","***","","***","","27,665","","***","","46,149,955","","***","","27,810","","6,730","","95,712","","-","","***","","***","","***","","***","","***","","***",""
"1993100000","1993年度","43211","熊本県 宇土市","","***","","***","","7,412","","***","","32,484,552","","***","","6,100","","2,380","","62,826","","0.42","","***","","***","","***","","***","","***","","***",""
"1993100000","1993年度","43212","熊本県 上天草市","","***","","***","","12,584","","***","","30,283,819","","***","","3,850","","1,947","","19,192","","-","","***","","***","","***","","***","","***","","***",""
"1993100000","1993年度","43213","熊本県 宇城市","","***","","***","","18,846","","***","","55,102,431","","***","","20,630","","6,911","","97,213","","-","","***","","***","","***","","***","","***","","***",""
"1993100000","1993年度","43214","熊本県 阿蘇市","","***","","***","","37,625","","***","","27,834,452","","***","","10,260","","9,980","","45,198","","-","","***","","***","","***","","***","","***","","***",""
"1993100000","1993年度","43215","熊本県 天草市","","***","","***","","68,235","","***","","86,905,402","","***","","15,980","","8,331","","44,019","","-","","***","","***","","***","","***","","***","","***",""
"1993100000","1993年度","43216","熊本県 合志市","","***","","***","","5,317","","***","","51,843,177","","***","","10,480","","2,520","","114,348","","-","","***","","***","","***","","***","","***","","***",""
"1993100000","1993年度","43348","熊本県 美里町","","***","","***","","14,403","","***","","9,403,380","","***","","2,900","","1,606","","14,761","","-","","***","","***","","***","","***","","***","","***",""
"1993100000","1993年度","43364","熊本県 玉東町","","***","","***","","2,440","","***","","5,079,202","","***","","2,160","","872","","4,489","","0.22","","***","","***","","***","","***","","***","","***",""
"1993100000","1993年度","43367","熊本県 南関町","","***","","***","","6,896","","***","","9,154,344","","***","","3,330","","1,860","","20,131","","0.25","","***","","***","","***","","***","","***","","***",""
"1993100000","1993年度","43368","熊本県 長洲町","","***","","***","","1,943","","***","","16,574,597","","***","","1,120","","821","","143,466","","0.50","","***","","***","","***","","***","","***","","***",""
"1993100000","1993年度","43369","熊本県 和水町","","***","","***","","9,875","","***","","10,010,372","","***","","5,000","","2,417","","33,606","","-","","***","","***","","***","","***","","***","","***",""
"1993100000","1993年度","43403","熊本県 大津町","","***","","***","","9,909","","***","","26,653,045","","***","","7,580","","2,620","","315,753","","0.57","","***","","***","","***","","***","","***","","***",""
"1993100000","1993年度","43404","熊本県 菊陽町","","***","","***","","3,757","","***","","26,719,313","","***","","5,040","","1,770","","52,094","","0.54","","***","","***","","***","","***","","***","","***",""
"1993100000","1993年度","43423","熊本県 南小国町","","***","","***","","11,586","","***","","3,644,532","","***","","2,300","","1,290","","1,557","","0.16","","***","","***","","***","","***","","***","","***",""
"1993100000","1993年度","43424","熊本県 小国町","","***","","***","","13,700","","***","","7,802,434","","***","","2,380","","1,900","","4,818","","0.22","","***","","***","","***","","***","","***","","***",""
"1993100000","1993年度","43425","熊本県 産山村","","***","","***","","6,072","","***","","1,159,395","","***","","1,400","","1,090","","X","","0.16","","***","","***","","***","","***","","***","","***",""
"1993100000","1993年度","43428","熊本県 高森町","","***","","***","","17,490","","***","","5,695,303","","***","","2,770","","2,760","","3,648","","0.20","","***","","***","","***","","***","","***","","***",""
"1993100000","1993年度","43432","熊本県 西原村","","***","","***","","7,670","","***","","4,506,029","","***","","3,130","","1,570","","26,592","","0.32","","***","","***","","***","","***","","***","","***",""
"1993100000","1993年度","43433","熊本県 南阿蘇村","","***","","***","","13,793","","***","","8,381,675","","***","","4,270","","3,791","","-","","-","","***","","***","","***","","***","","***","","***",""
"1993100000","1993年度","43441","熊本県 御船町","","***","","***","","9,900","","***","","15,156,882","","***","","3,580","","1,910","","12,836","","0.30","","***","","***","","***","","***","","***","","***",""
"1993100000","1993年度","43442","熊本県 嘉島町","","***","","***","","1,666","","***","","7,074,913","","***","","1,850","","978","","10,943","","0.34","","***","","***","","***","","***","","***","","***",""
"1993100000","1993年度","43443","熊本県 益城町","","***","","***","","6,567","","***","","29,511,187","","***","","6,320","","2,650","","45,323","","0.46","","***","","***","","***","","***","","***","","***",""
"1993100000","1993年度","43444","熊本県 甲佐町","","***","","***","","5,787","","***","","10,277,857","","***","","3,610","","1,460","","10,840","","0.26","","***","","***","","***","","***","","***","","***",""
"1993100000","1993年度","43447","熊本県 山都町","","***","","***","","54,483","","***","","14,041,640","","***","","8,330","","6,400","","26,254","","-","","***","","***","","***","","***","","***","","***",""
"1993100000","1993年度","43468","熊本県 氷川町","","***","","***","","3,329","","***","","13,498,526","","***","","9,320","","1,832","","3,877","","-","","***","","***","","***","","***","","***","","***",""
"1993100000","1993年度","43482","熊本県 芦北町","","***","","***","","23,347","","***","","18,055,209","","***","","4,870","","2,076","","22,312","","-","","***","","***","","***","","***","","***","","***",""
"1993100000","1993年度","43484","熊本県 津奈木町","","***","","***","","3,396","","***","","3,866,627","","***","","1,110","","464","","3,868","","0.16","","***","","***","","***","","***","","***","","***",""
"1993100000","1993年度","43501","熊本県 錦町","","***","","***","","8,487","","***","","9,100,996","","***","","5,380","","1,870","","37,888","","0.32","","***","","***","","***","","***","","***","","***",""
"1993100000","1993年度","43505","熊本県 多良木町","","***","","***","","16,587","","***","","10,557,759","","***","","4,410","","1,910","","13,296","","0.25","","***","","***","","***","","***","","***","","***",""
"1993100000","1993年度","43506","熊本県 湯前町","","***","","***","","4,841","","***","","3,692,949","","***","","1,770","","662","","6,125","","0.16","","***","","***","","***","","***","","***","","***",""
"1993100000","1993年度","43507","熊本県 水上村","","***","","***","","19,211","","***","","1,838,645","","***","","750","","648","","1,087","","0.12","","***","","***","","***","","***","","***","","***",""
"1993100000","1993年度","43510","熊本県 相良村","","***","","***","","9,454","","***","","3,794,063","","***","","2,600","","918","","5,580","","0.18","","***","","***","","***","","***","","***","","***",""
"1993100000","1993年度","43511","熊本県 五木村","","***","","***","","25,294","","***","","1,422,592","","***","","310","","242","","1,201","","0.14","","***","","***","","***","","***","","***","","***",""
"1993100000","1993年度","43512","熊本県 山江村","","***","","***","","12,123","","***","","2,509,424","","***","","930","","679","","1,217","","0.11","","***","","***","","***","","***","","***","","***",""
"1993100000","1993年度","43513","熊本県 球磨村","","***","","***","","20,773","","***","","3,324,231","","***","","880","","944","","1,592","","0.12","","***","","***","","***","","***","","***","","***",""
"1993100000","1993年度","43514","熊本県 あさぎり町","","***","","***","","15,949","","***","","14,579,976","","***","","9,110","","3,296","","-","","-","","***","","***","","***","","***","","***","","***",""
"1993100000","1993年度","43531","熊本県 苓北町","","***","","***","","6,690","","***","","7,281,933","","***","","2,250","","888","","7,501","","0.21","","***","","***","","***","","***","","***","","***",""
"1992100000","1992年度","43100","熊本県 熊本市","","***","","***","","38,853","","***","","847,384,477","","***","","54,010","","14,620","","634,521","","-","","***","","***","","***","","***","","***","","***",""
"1992100000","1992年度","43101","熊本県 熊本市 中央区","","***","","***","","-","","***","","-","","***","","-","","-","","-","","-","","***","","***","","***","","***","","***","","***",""
"1992100000","1992年度","43102","熊本県 熊本市 東区","","***","","***","","-","","***","","-","","***","","-","","-","","-","","-","","***","","***","","***","","***","","***","","***",""
"1992100000","1992年度","43103","熊本県 熊本市 西区","","***","","***","","-","","***","","-","","***","","-","","-","","-","","-","","***","","***","","***","","***","","***","","***",""
"1992100000","1992年度","43104","熊本県 熊本市 南区","","***","","***","","-","","***","","-","","***","","-","","-","","-","","-","","***","","***","","***","","***","","***","","***",""
"1992100000","1992年度","43105","熊本県 熊本市 北区","","***","","***","","-","","***","","-","","***","","-","","-","","-","","-","","***","","***","","***","","***","","***","","***",""
"1992100000","1992年度","43202","熊本県 八代市","","***","","***","","68,009","","***","","138,231,222","","***","","46,360","","8,561","","224,679","","-","","***","","***","","***","","***","","***","","***",""
"1992100000","1992年度","43203","熊本県 人吉市","","***","","***","","21,052","","***","","37,756,978","","***","","4,350","","1,900","","21,655","","0.43","","***","","***","","***","","***","","***","","***",""
"1992100000","1992年度","43204","熊本県 荒尾市","","***","","***","","5,715","","***","","49,805,330","","***","","4,140","","1,720","","46,647","","0.38","","***","","***","","***","","***","","***","","***",""
"1992100000","1992年度","43205","熊本県 水俣市","","***","","***","","16,260","","***","","29,272,664","","***","","3,100","","1,240","","82,087","","0.36","","***","","***","","***","","***","","***","","***",""
"1992100000","1992年度","43206","熊本県 玉名市","","***","","***","","15,253","","***","","65,880,308","","***","","21,520","","7,430","","110,902","","-","","***","","***","","***","","***","","***","","***",""
"1992100000","1992年度","43208","熊本県 山鹿市","","***","","***","","29,968","","***","","52,659,501","","***","","24,560","","8,160","","68,971","","-","","***","","***","","***","","***","","***","","***",""
"1992100000","1992年度","43210","熊本県 菊池市","","***","","***","","27,665","","***","","43,446,658","","***","","29,660","","6,780","","89,418","","-","","***","","***","","***","","***","","***","","***",""
"1992100000","1992年度","43211","熊本県 宇土市","","***","","***","","7,412","","***","","33,654,471","","***","","6,650","","2,430","","68,787","","0.40","","***","","***","","***","","***","","***","","***",""
"1992100000","1992年度","43212","熊本県 上天草市","","***","","***","","12,584","","***","","28,852,790","","***","","4,140","","1,995","","20,282","","-","","***","","***","","***","","***","","***","","***",""
"1992100000","1992年度","43213","熊本県 宇城市","","***","","***","","18,846","","***","","57,687,147","","***","","21,150","","7,000","","89,125","","-","","***","","***","","***","","***","","***","","***",""
"1992100000","1992年度","43214","熊本県 阿蘇市","","***","","***","","37,625","","***","","26,636,773","","***","","12,170","","10,040","","46,626","","-","","***","","***","","***","","***","","***","","***",""
"1992100000","1992年度","43215","熊本県 天草市","","***","","***","","68,229","","***","","82,271,280","","***","","18,100","","8,490","","45,397","","-","","***","","***","","***","","***","","***","","***",""
"1992100000","1992年度","43216","熊本県 合志市","","***","","***","","5,317","","***","","51,984,024","","***","","11,550","","2,540","","107,478","","-","","***","","***","","***","","***","","***","","***",""
"1992100000","1992年度","43348","熊本県 美里町","","***","","***","","14,402","","***","","8,746,689","","***","","3,060","","1,624","","13,569","","-","","***","","***","","***","","***","","***","","***",""
"1992100000","1992年度","43364","熊本県 玉東町","","***","","***","","2,440","","***","","5,105,666","","***","","2,470","","879","","4,765","","0.22","","***","","***","","***","","***","","***","","***",""
"1992100000","1992年度","43367","熊本県 南関町","","***","","***","","6,896","","***","","10,194,093","","***","","3,800","","1,880","","18,429","","0.23","","***","","***","","***","","***","","***","","***",""
"1992100000","1992年度","43368","熊本県 長洲町","","***","","***","","1,943","","***","","15,531,800","","***","","1,350","","834","","117,378","","0.50","","***","","***","","***","","***","","***","","***",""
"1992100000","1992年度","43369","熊本県 和水町","","***","","***","","9,875","","***","","9,806,336","","***","","5,210","","2,450","","41,800","","-","","***","","***","","***","","***","","***","","***",""
"1992100000","1992年度","43403","熊本県 大津町","","***","","***","","9,909","","***","","26,694,340","","***","","8,090","","2,650","","287,713","","0.57","","***","","***","","***","","***","","***","","***",""
"1992100000","1992年度","43404","熊本県 菊陽町","","***","","***","","3,757","","***","","27,187,281","","***","","5,270","","1,810","","49,548","","0.53","","***","","***","","***","","***","","***","","***",""
"1992100000","1992年度","43423","熊本県 南小国町","","***","","***","","11,586","","***","","3,196,028","","***","","2,290","","1,300","","1,344","","0.16","","***","","***","","***","","***","","***","","***",""
"1992100000","1992年度","43424","熊本県 小国町","","***","","***","","13,700","","***","","7,239,750","","***","","2,710","","1,910","","4,688","","0.23","","***","","***","","***","","***","","***","","***",""
"1992100000","1992年度","43425","熊本県 産山村","","***","","***","","6,072","","***","","1,240,835","","***","","1,550","","1,100","","X","","0.15","","***","","***","","***","","***","","***","","***",""
"1992100000","1992年度","43428","熊本県 高森町","","***","","***","","17,490","","***","","5,577,829","","***","","3,270","","2,760","","3,500","","0.20","","***","","***","","***","","***","","***","","***",""
"1992100000","1992年度","43432","熊本県 西原村","","***","","***","","7,660","","***","","4,494,231","","***","","2,950","","1,580","","16,203","","0.31","","***","","***","","***","","***","","***","","***",""
"1992100000","1992年度","43433","熊本県 南阿蘇村","","***","","***","","13,793","","***","","8,976,411","","***","","4,620","","3,793","","-","","-","","***","","***","","***","","***","","***","","***",""
"1992100000","1992年度","43441","熊本県 御船町","","***","","***","","9,900","","***","","15,445,403","","***","","3,860","","1,930","","14,284","","0.30","","***","","***","","***","","***","","***","","***",""
"1992100000","1992年度","43442","熊本県 嘉島町","","***","","***","","1,666","","***","","9,414,829","","***","","1,840","","990","","11,314","","0.32","","***","","***","","***","","***","","***","","***",""
"1992100000","1992年度","43443","熊本県 益城町","","***","","***","","6,567","","***","","30,785,240","","***","","6,600","","2,690","","42,009","","0.45","","***","","***","","***","","***","","***","","***",""
"1992100000","1992年度","43444","熊本県 甲佐町","","***","","***","","5,788","","***","","10,058,805","","***","","3,870","","1,480","","10,629","","0.26","","***","","***","","***","","***","","***","","***",""
"1992100000","1992年度","43447","熊本県 山都町","","***","","***","","54,483","","***","","13,531,456","","***","","9,220","","6,470","","27,758","","-","","***","","***","","***","","***","","***","","***",""
"1992100000","1992年度","43468","熊本県 氷川町","","***","","***","","3,329","","***","","11,978,032","","***","","9,780","","1,836","","3,260","","-","","***","","***","","***","","***","","***","","***",""
"1992100000","1992年度","43482","熊本県 芦北町","","***","","***","","23,347","","***","","18,007,547","","***","","5,540","","2,088","","20,165","","-","","***","","***","","***","","***","","***","","***",""
"1992100000","1992年度","43484","熊本県 津奈木町","","***","","***","","3,396","","***","","3,602,656","","***","","1,240","","471","","4,070","","0.16","","***","","***","","***","","***","","***","","***",""
"1992100000","1992年度","43501","熊本県 錦町","","***","","***","","8,487","","***","","8,312,313","","***","","5,920","","1,880","","36,142","","0.32","","***","","***","","***","","***","","***","","***",""
"1992100000","1992年度","43505","熊本県 多良木町","","***","","***","","16,587","","***","","9,901,795","","***","","5,020","","1,960","","9,980","","0.25","","***","","***","","***","","***","","***","","***",""
"1992100000","1992年度","43506","熊本県 湯前町","","***","","***","","4,841","","***","","3,361,354","","***","","1,910","","666","","6,393","","0.17","","***","","***","","***","","***","","***","","***",""
"1992100000","1992年度","43507","熊本県 水上村","","***","","***","","19,211","","***","","1,631,992","","***","","780","","650","","1,272","","0.13","","***","","***","","***","","***","","***","","***",""
"1992100000","1992年度","43510","熊本県 相良村","","***","","***","","9,454","","***","","3,588,098","","***","","3,090","","947","","6,268","","0.18","","***","","***","","***","","***","","***","","***",""
"1992100000","1992年度","43511","熊本県 五木村","","***","","***","","25,294","","***","","1,279,505","","***","","350","","250","","1,431","","0.14","","***","","***","","***","","***","","***","","***",""
"1992100000","1992年度","43512","熊本県 山江村","","***","","***","","12,123","","***","","2,300,354","","***","","970","","675","","1,148","","0.11","","***","","***","","***","","***","","***","","***",""
"1992100000","1992年度","43513","熊本県 球磨村","","***","","***","","20,773","","***","","3,008,009","","***","","980","","984","","1,488","","0.12","","***","","***","","***","","***","","***","","***",""
"1992100000","1992年度","43514","熊本県 あさぎり町","","***","","***","","15,949","","***","","13,377,957","","***","","10,460","","3,309","","-","","-","","***","","***","","***","","***","","***","","***",""
"1992100000","1992年度","43531","熊本県 苓北町","","***","","***","","6,690","","***","","7,057,460","","***","","2,400","","898","","7,725","","0.20","","***","","***","","***","","***","","***","","***",""
"1991100000","1991年度","43100","熊本県 熊本市","","***","","***","","38,849","","***","","802,044,259","","***","","49,720","","14,800","","689,674","","-","","***","","***","","***","","***","","***","","***",""
"1991100000","1991年度","43101","熊本県 熊本市 中央区","","***","","***","","-","","***","","-","","***","","-","","-","","-","","-","","***","","***","","***","","***","","***","","***",""
"1991100000","1991年度","43102","熊本県 熊本市 東区","","***","","***","","-","","***","","-","","***","","-","","-","","-","","-","","***","","***","","***","","***","","***","","***",""
"1991100000","1991年度","43103","熊本県 熊本市 西区","","***","","***","","-","","***","","-","","***","","-","","-","","-","","-","","***","","***","","***","","***","","***","","***",""
"1991100000","1991年度","43104","熊本県 熊本市 南区","","***","","***","","-","","***","","-","","***","","-","","-","","-","","-","","***","","***","","***","","***","","***","","***",""
"1991100000","1991年度","43105","熊本県 熊本市 北区","","***","","***","","-","","***","","-","","***","","-","","-","","-","","-","","***","","***","","***","","***","","***","","***",""
"1991100000","1991年度","43202","熊本県 八代市","","***","","***","","67,975","","***","","123,320,588","","***","","41,780","","8,717","","223,301","","-","","***","","***","","***","","***","","***","","***",""
"1991100000","1991年度","43203","熊本県 人吉市","","***","","***","","21,052","","***","","36,238,420","","***","","4,570","","1,940","","21,760","","0.44","","***","","***","","***","","***","","***","","***",""
"1991100000","1991年度","43204","熊本県 荒尾市","","***","","***","","5,715","","***","","46,691,780","","***","","3,220","","1,740","","43,787","","0.38","","***","","***","","***","","***","","***","","***",""
"1991100000","1991年度","43205","熊本県 水俣市","","***","","***","","16,257","","***","","27,695,545","","***","","3,640","","1,280","","83,774","","0.37","","***","","***","","***","","***","","***","","***",""
"1991100000","1991年度","43206","熊本県 玉名市","","***","","***","","15,253","","***","","63,197,669","","***","","18,780","","7,510","","113,733","","-","","***","","***","","***","","***","","***","","***",""
"1991100000","1991年度","43208","熊本県 山鹿市","","***","","***","","29,968","","***","","49,432,319","","***","","22,680","","8,240","","65,187","","-","","***","","***","","***","","***","","***","","***",""
"1991100000","1991年度","43210","熊本県 菊池市","","***","","***","","27,665","","***","","40,197,175","","***","","29,210","","6,830","","87,722","","-","","***","","***","","***","","***","","***","","***",""
"1991100000","1991年度","43211","熊本県 宇土市","","***","","***","","7,412","","***","","28,180,091","","***","","6,840","","2,460","","86,019","","0.37","","***","","***","","***","","***","","***","","***",""
"1991100000","1991年度","43212","熊本県 上天草市","","***","","***","","12,583","","***","","25,727,605","","***","","4,200","","2,044","","21,769","","-","","***","","***","","***","","***","","***","","***",""
"1991100000","1991年度","43213","熊本県 宇城市","","***","","***","","18,846","","***","","50,811,826","","***","","22,040","","7,109","","85,370","","-","","***","","***","","***","","***","","***","","***",""
"1991100000","1991年度","43214","熊本県 阿蘇市","","***","","***","","37,625","","***","","24,292,401","","***","","11,790","","10,070","","45,627","","-","","***","","***","","***","","***","","***","","***",""
"1991100000","1991年度","43215","熊本県 天草市","","***","","***","","68,228","","***","","75,930,588","","***","","16,870","","8,648","","42,864","","-","","***","","***","","***","","***","","***","","***",""
"1991100000","1991年度","43216","熊本県 合志市","","***","","***","","5,317","","***","","45,137,787","","***","","10,620","","2,580","","133,108","","-","","***","","***","","***","","***","","***","","***",""
"1991100000","1991年度","43348","熊本県 美里町","","***","","***","","14,402","","***","","8,206,113","","***","","3,150","","1,647","","12,454","","-","","***","","***","","***","","***","","***","","***",""
"1991100000","1991年度","43364","熊本県 玉東町","","***","","***","","2,440","","***","","4,879,478","","***","","2,440","","887","","4,324","","0.22","","***","","***","","***","","***","","***","","***",""
"1991100000","1991年度","43367","熊本県 南関町","","***","","***","","6,896","","***","","7,816,746","","***","","3,520","","1,890","","16,172","","0.24","","***","","***","","***","","***","","***","","***",""
"1991100000","1991年度","43368","熊本県 長洲町","","***","","***","","1,942","","***","","13,954,550","","***","","860","","850","","111,201","","0.53","","***","","***","","***","","***","","***","","***",""
"1991100000","1991年度","43369","熊本県 和水町","","***","","***","","9,875","","***","","8,567,509","","***","","5,610","","2,480","","46,451","","-","","***","","***","","***","","***","","***","","***",""
"1991100000","1991年度","43403","熊本県 大津町","","***","","***","","9,909","","***","","22,386,720","","***","","8,000","","2,680","","231,685","","0.61","","***","","***","","***","","***","","***","","***",""
"1991100000","1991年度","43404","熊本県 菊陽町","","***","","***","","3,757","","***","","23,997,615","","***","","5,100","","1,860","","54,110","","0.55","","***","","***","","***","","***","","***","","***",""
"1991100000","1991年度","43423","熊本県 南小国町","","***","","***","","11,586","","***","","3,062,813","","***","","2,830","","1,310","","1,326","","0.16","","***","","***","","***","","***","","***","","***",""
"1991100000","1991年度","43424","熊本県 小国町","","***","","***","","13,700","","***","","7,343,841","","***","","2,870","","1,920","","4,542","","0.23","","***","","***","","***","","***","","***","","***",""
"1991100000","1991年度","43425","熊本県 産山村","","***","","***","","6,072","","***","","890,546","","***","","1,590","","1,110","","X","","0.14","","***","","***","","***","","***","","***","","***",""
"1991100000","1991年度","43428","熊本県 高森町","","***","","***","","17,490","","***","","5,837,334","","***","","3,880","","2,760","","2,943","","0.20","","***","","***","","***","","***","","***","","***",""
"1991100000","1991年度","43432","熊本県 西原村","","***","","***","","7,660","","***","","3,982,030","","***","","2,710","","1,590","","16,090","","0.30","","***","","***","","***","","***","","***","","***",""
"1991100000","1991年度","43433","熊本県 南阿蘇村","","***","","***","","13,793","","***","","8,023,618","","***","","4,590","","3,803","","-","","-","","***","","***","","***","","***","","***","","***",""
"1991100000","1991年度","43441","熊本県 御船町","","***","","***","","9,900","","***","","13,455,785","","***","","3,590","","1,950","","13,826","","0.30","","***","","***","","***","","***","","***","","***",""
"1991100000","1991年度","43442","熊本県 嘉島町","","***","","***","","1,666","","***","","6,869,114","","***","","1,450","","1,020","","11,921","","0.30","","***","","***","","***","","***","","***","","***",""
"1991100000","1991年度","43443","熊本県 益城町","","***","","***","","6,567","","***","","26,309,215","","***","","6,350","","2,710","","48,932","","0.45","","***","","***","","***","","***","","***","","***",""
"1991100000","1991年度","43444","熊本県 甲佐町","","***","","***","","5,788","","***","","8,942,201","","***","","3,930","","1,480","","8,746","","0.26","","***","","***","","***","","***","","***","","***",""
"1991100000","1991年度","43447","熊本県 山都町","","***","","***","","54,483","","***","","12,423,446","","***","","9,410","","6,530","","23,006","","-","","***","","***","","***","","***","","***","","***",""
"1991100000","1991年度","43468","熊本県 氷川町","","***","","***","","3,329","","***","","10,547,435","","***","","8,330","","1,853","","2,936","","-","","***","","***","","***","","***","","***","","***",""
"1991100000","1991年度","43482","熊本県 芦北町","","***","","***","","23,347","","***","","15,648,455","","***","","6,680","","2,169","","18,634","","-","","***","","***","","***","","***","","***","","***",""
"1991100000","1991年度","43484","熊本県 津奈木町","","***","","***","","3,396","","***","","3,240,875","","***","","1,640","","479","","3,708","","0.16","","***","","***","","***","","***","","***","","***",""
"1991100000","1991年度","43501","熊本県 錦町","","***","","***","","8,487","","***","","7,840,742","","***","","6,220","","1,880","","35,973","","0.33","","***","","***","","***","","***","","***","","***",""
"1991100000","1991年度","43505","熊本県 多良木町","","***","","***","","16,587","","***","","9,289,100","","***","","4,720","","1,980","","12,695","","0.26","","***","","***","","***","","***","","***","","***",""
"1991100000","1991年度","43506","熊本県 湯前町","","***","","***","","4,841","","***","","3,124,762","","***","","1,780","","676","","6,431","","0.17","","***","","***","","***","","***","","***","","***",""
"1991100000","1991年度","43507","熊本県 水上村","","***","","***","","19,211","","***","","1,523,878","","***","","760","","661","","1,582","","0.14","","***","","***","","***","","***","","***","","***",""
"1991100000","1991年度","43510","熊本県 相良村","","***","","***","","9,454","","***","","3,202,774","","***","","3,150","","964","","7,027","","0.19","","***","","***","","***","","***","","***","","***",""
"1991100000","1991年度","43511","熊本県 五木村","","***","","***","","25,294","","***","","1,374,603","","***","","340","","277","","1,299","","0.15","","***","","***","","***","","***","","***","","***",""
"1991100000","1991年度","43512","熊本県 山江村","","***","","***","","12,123","","***","","2,030,458","","***","","1,010","","660","","1,841","","0.12","","***","","***","","***","","***","","***","","***",""
"1991100000","1991年度","43513","熊本県 球磨村","","***","","***","","20,773","","***","","2,701,990","","***","","1,100","","1,040","","1,245","","0.12","","***","","***","","***","","***","","***","","***",""
"1991100000","1991年度","43514","熊本県 あさぎり町","","***","","***","","15,949","","***","","12,995,294","","***","","9,700","","3,314","","-","","-","","***","","***","","***","","***","","***","","***",""
"1991100000","1991年度","43531","熊本県 苓北町","","***","","***","","6,690","","***","","6,368,428","","***","","2,480","","909","","6,495","","0.20","","***","","***","","***","","***","","***","","***",""
"1990100000","1990年度","43100","熊本県 熊本市","","680,765","","***","","38,849","","6,481","","710,931,450","","***","","63,230","","14,955","","657,640","","-","","***","","***","","12.156","","4.04","","***","","14.1",""
"1990100000","1990年度","43101","熊本県 熊本市 中央区","","-","","***","","-","","-","","-","","***","","-","","-","","-","","-","","***","","***","","-","","-","","***","","-",""
"1990100000","1990年度","43102","熊本県 熊本市 東区","","-","","***","","-","","-","","-","","***","","-","","-","","-","","-","","***","","***","","-","","-","","***","","-",""
"1990100000","1990年度","43103","熊本県 熊本市 西区","","-","","***","","-","","-","","-","","***","","-","","-","","-","","-","","***","","***","","-","","-","","***","","-",""
"1990100000","1990年度","43104","熊本県 熊本市 南区","","-","","***","","-","","-","","-","","***","","-","","-","","-","","-","","***","","***","","-","","-","","***","","-",""
"1990100000","1990年度","43105","熊本県 熊本市 北区","","-","","***","","-","","-","","-","","***","","-","","-","","-","","-","","***","","***","","-","","-","","***","","-",""
"1990100000","1990年度","43202","熊本県 八代市","","145,959","","***","","67,975","","49,454","","117,506,320","","***","","39,330","","8,824","","212,098","","-","","***","","***","","14.984","","-2.32","","***","","6.9",""
"1990100000","1990年度","43203","熊本県 人吉市","","40,173","","***","","21,052","","15,997","","33,074,091","","***","","4,990","","1,950","","19,940","","0.46","","***","","***","","16.474","","-5.01","","***","","27.4",""
"1990100000","1990年度","43204","熊本県 荒尾市","","59,507","","***","","5,715","","966","","42,247,663","","***","","4,160","","1,750","","41,521","","0.40","","***","","***","","18.260","","-4.90","","***","","6.7",""
"1990100000","1990年度","43205","熊本県 水俣市","","34,594","","***","","16,203","","12,167","","25,859,993","","***","","3,830","","1,300","","79,967","","0.39","","***","","***","","18.870","","-5.27","","***","","20.2",""
"1990100000","1990年度","43206","熊本県 玉名市","","73,319","","***","","15,253","","2,763","","56,786,161","","***","","21,930","","7,650","","103,315","","-","","***","","***","","16.402","","-1.39","","***","","4.1",""
"1990100000","1990年度","43208","熊本県 山鹿市","","62,150","","***","","29,968","","15,841","","44,861,134","","***","","26,260","","8,250","","60,897","","-","","***","","***","","19.183","","-1.71","","***","","9.7",""
"1990100000","1990年度","43210","熊本県 菊池市","","51,610","","***","","27,665","","15,418","","35,654,403","","***","","31,030","","6,860","","71,897","","-","","***","","***","","17.615","","1.53","","***","","7.8",""
"1990100000","1990年度","43211","熊本県 宇土市","","33,390","","***","","7,412","","2,832","","25,398,257","","***","","7,720","","2,530","","89,837","","0.37","","***","","***","","15.445","","-0.55","","***","","3.0",""
"1990100000","1990年度","43212","熊本県 上天草市","","38,316","","***","","12,582","","7,655","","23,407,976","","***","","3,830","","2,068","","20,632","","-","","***","","***","","18.608","","-3.97","","***","","2.6",""
"1990100000","1990年度","43213","熊本県 宇城市","","63,401","","***","","18,845","","5,908","","45,136,557","","***","","25,000","","7,201","","75,397","","-","","***","","***","","17.246","","-0.41","","***","","9.5",""
"1990100000","1990年度","43214","熊本県 阿蘇市","","33,018","","***","","37,625","","21,282","","21,786,608","","***","","12,980","","10,000","","37,299","","-","","***","","***","","17.978","","-1.45","","***","","9.1",""
"1990100000","1990年度","43215","熊本県 天草市","","112,068","","***","","68,221","","46,887","","68,676,354","","***","","16,270","","8,806","","40,324","","-","","***","","***","","19.913","","-5.64","","***","","9.8",""
"1990100000","1990年度","43216","熊本県 合志市","","42,014","","***","","5,317","","788","","38,893,739","","***","","11,120","","2,600","","108,178","","-","","***","","***","","12.612","","10.15","","***","","9.5",""
"1990100000","1990年度","43348","熊本県 美里町","","14,222","","***","","14,402","","10,648","","7,609,741","","***","","3,320","","1,674","","11,273","","-","","***","","***","","22.739","","-5.08","","***","","21.1",""
"1990100000","1990年度","43364","熊本県 玉東町","","6,043","","***","","2,440","","743","","4,344,642","","***","","2,590","","903","","4,026","","0.23","","***","","***","","18.054","","-2.22","","***","","0.0",""
"1990100000","1990年度","43367","熊本県 南関町","","12,247","","***","","6,896","","3,403","","7,162,141","","***","","3,690","","1,910","","13,363","","0.24","","***","","***","","21.099","","-1.85","","***","","0.0",""
"1990100000","1990年度","43368","熊本県 長洲町","","17,605","","***","","1,942","","33","","12,191,188","","***","","1,350","","881","","97,932","","0.55","","***","","***","","15.700","","-2.87","","***","","5.7",""
"1990100000","1990年度","43369","熊本県 和水町","","13,484","","***","","9,875","","5,057","","7,833,881","","***","","5,170","","2,500","","52,592","","-","","***","","***","","21.982","","-2.43","","***","","7.4",""
"1990100000","1990年度","43403","熊本県 大津町","","23,744","","***","","9,909","","5,147","","19,151,360","","***","","8,390","","2,700","","200,466","","0.63","","***","","***","","14.741","","7.89","","***","","12.6",""
"1990100000","1990年度","43404","熊本県 菊陽町","","24,154","","***","","3,757","","497","","19,926,481","","***","","5,530","","1,870","","47,128","","0.56","","***","","***","","10.797","","6.95","","***","","12.4",""
"1990100000","1990年度","43423","熊本県 南小国町","","4,973","","***","","11,586","","9,348","","2,829,580","","***","","3,090","","1,310","","1,296","","0.16","","***","","***","","19.123","","-4.75","","***","","0.0",""
"1990100000","1990年度","43424","熊本県 小国町","","9,854","","***","","13,700","","10,706","","6,369,849","","***","","3,200","","1,960","","4,462","","0.23","","***","","***","","19.586","","-5.83","","***","","10.1",""
"1990100000","1990年度","43425","熊本県 産山村","","1,856","","***","","6,072","","4,329","","888,170","","***","","2,010","","1,110","","X","","0.14","","***","","***","","19.450","","-1.17","","***","","0.0",""
"1990100000","1990年度","43428","熊本県 高森町","","8,069","","***","","17,490","","12,959","","4,720,146","","***","","4,650","","2,770","","2,316","","0.21","","***","","***","","18.751","","-5.42","","***","","0.0",""
"1990100000","1990年度","43432","熊本県 西原村","","5,024","","***","","7,660","","4,599","","3,592,060","","***","","3,260","","1,590","","13,124","","0.29","","***","","***","","18.730","","2.09","","***","","0.0",""
"1990100000","1990年度","43433","熊本県 南阿蘇村","","12,643","","***","","13,793","","7,419","","6,388,794","","***","","5,330","","3,803","","-","","-","","***","","***","","17.591","","-4.83","","***","","7.9",""
"1990100000","1990年度","43441","熊本県 御船町","","17,952","","***","","9,900","","5,624","","11,784,885","","***","","3,920","","1,970","","12,505","","0.32","","***","","***","","17.229","","-0.15","","***","","0.0",""
"1990100000","1990年度","43442","熊本県 嘉島町","","7,295","","***","","1,666","","0","","6,442,113","","***","","1,970","","1,030","","11,365","","0.30","","***","","***","","18.218","","-1.87","","***","","27.4",""
"1990100000","1990年度","43443","熊本県 益城町","","28,492","","***","","6,567","","2,174","","22,837,037","","***","","7,400","","2,720","","46,263","","0.46","","***","","***","","14.095","","6.42","","***","","10.5",""
"1990100000","1990年度","43444","熊本県 甲佐町","","12,459","","***","","5,788","","2,709","","7,757,774","","***","","3,920","","1,500","","7,753","","0.27","","***","","***","","20.981","","-3.15","","***","","16.1",""
"1990100000","1990年度","43447","熊本県 山都町","","23,503","","***","","54,483","","39,443","","11,273,284","","***","","10,540","","6,580","","20,208","","-","","***","","***","","20.482","","-7.04","","***","","17.0",""
"1990100000","1990年度","43468","熊本県 氷川町","","14,646","","***","","3,329","","339","","10,490,780","","***","","8,010","","1,877","","3,290","","-","","***","","***","","15.991","","-1.03","","***","","0.0",""
"1990100000","1990年度","43482","熊本県 芦北町","","25,024","","***","","23,347","","18,403","","13,595,295","","***","","7,270","","2,223","","16,179","","-","","***","","***","","19.665","","-5.47","","***","","8.0",""
"1990100000","1990年度","43484","熊本県 津奈木町","","5,783","","***","","3,396","","2,201","","2,613,501","","***","","1,650","","495","","3,267","","0.16","","***","","***","","20.975","","-3.15","","***","","0.0",""
"1990100000","1990年度","43501","熊本県 錦町","","11,728","","***","","8,487","","4,967","","7,003,853","","***","","6,850","","1,890","","34,535","","0.34","","***","","***","","14.598","","1.12","","***","","0.0",""
"1990100000","1990年度","43505","熊本県 多良木町","","13,437","","***","","16,587","","13,150","","8,587,317","","***","","5,400","","1,990","","10,869","","0.27","","***","","***","","18.032","","-4.86","","***","","7.4",""
"1990100000","1990年度","43506","熊本県 湯前町","","5,514","","***","","4,841","","3,735","","3,071,044","","***","","1,900","","676","","5,744","","0.18","","***","","***","","21.382","","-5.01","","***","","0.0",""
"1990100000","1990年度","43507","熊本県 水上村","","3,115","","***","","19,211","","17,487","","1,372,031","","***","","810","","663","","1,122","","0.15","","***","","***","","21.413","","-9.61","","***","","32.1",""
"1990100000","1990年度","43510","熊本県 相良村","","5,941","","***","","9,454","","7,229","","3,088,147","","***","","3,390","","967","","6,130","","0.20","","***","","***","","19.542","","-1.38","","***","","0.0",""
"1990100000","1990年度","43511","熊本県 五木村","","1,964","","***","","25,294","","24,412","","1,308,149","","***","","350","","277","","1,321","","0.15","","***","","***","","19.908","","-14.50","","***","","0.0",""
"1990100000","1990年度","43512","熊本県 山江村","","4,237","","***","","12,123","","10,687","","1,821,980","","***","","1,100","","663","","1,606","","0.13","","***","","***","","15.719","","-3.66","","***","","0.0",""
"1990100000","1990年度","43513","熊本県 球磨村","","6,150","","***","","20,773","","18,270","","2,487,889","","***","","1,090","","1,040","","980","","0.13","","***","","***","","19.642","","-8.56","","***","","0.0",""
"1990100000","1990年度","43514","熊本県 あさぎり町","","18,968","","***","","15,949","","10,776","","12,341,585","","***","","10,480","","3,288","","-","","-","","***","","***","","16.707","","-2.90","","***","","0.0",""
"1990100000","1990年度","43531","熊本県 苓北町","","9,916","","***","","6,690","","4,324","","5,795,299","","***","","2,330","","917","","6,187","","0.21","","***","","***","","20.028","","-6.64","","***","","40.3",""
"1989100000","1989年度","43100","熊本県 熊本市","","***","","***","","38,849","","***","","660,458,534","","***","","58,180","","15,139","","634,555","","-","","***","","***","","***","","***","","***","","***",""
"1989100000","1989年度","43101","熊本県 熊本市 中央区","","***","","***","","-","","***","","-","","***","","-","","-","","-","","-","","***","","***","","***","","***","","***","","***",""
"1989100000","1989年度","43102","熊本県 熊本市 東区","","***","","***","","-","","***","","-","","***","","-","","-","","-","","-","","***","","***","","***","","***","","***","","***",""
"1989100000","1989年度","43103","熊本県 熊本市 西区","","***","","***","","-","","***","","-","","***","","-","","-","","-","","-","","***","","***","","***","","***","","***","","***",""
"1989100000","1989年度","43104","熊本県 熊本市 南区","","***","","***","","-","","***","","-","","***","","-","","-","","-","","-","","***","","***","","***","","***","","***","","***",""
"1989100000","1989年度","43105","熊本県 熊本市 北区","","***","","***","","-","","***","","-","","***","","-","","-","","-","","-","","***","","***","","***","","***","","***","","***",""
"1989100000","1989年度","43202","熊本県 八代市","","***","","***","","67,967","","***","","114,303,465","","***","","46,360","","8,936","","-","","-","","***","","***","","***","","***","","***","","***",""
"1989100000","1989年度","43203","熊本県 人吉市","","***","","***","","21,052","","***","","31,975,221","","***","","5,280","","1,970","","19,095","","0.48","","***","","***","","***","","***","","***","","***",""
"1989100000","1989年度","43204","熊本県 荒尾市","","***","","***","","5,715","","***","","43,086,162","","***","","4,290","","1,770","","38,898","","0.42","","***","","***","","***","","***","","***","","***",""
"1989100000","1989年度","43205","熊本県 水俣市","","***","","***","","16,203","","***","","25,555,852","","***","","3,290","","1,330","","76,669","","0.42","","***","","***","","***","","***","","***","","***",""
"1989100000","1989年度","43206","熊本県 玉名市","","***","","***","","15,253","","***","","53,574,474","","***","","21,610","","7,730","","95,074","","-","","***","","***","","***","","***","","***","","***",""
"1989100000","1989年度","43208","熊本県 山鹿市","","***","","***","","29,968","","***","","43,292,010","","***","","24,650","","8,310","","58,469","","-","","***","","***","","***","","***","","***","","***",""
"1989100000","1989年度","43210","熊本県 菊池市","","***","","***","","27,665","","***","","33,426,958","","***","","30,650","","6,900","","67,285","","-","","***","","***","","***","","***","","***","","***",""
"1989100000","1989年度","43211","熊本県 宇土市","","***","","***","","7,407","","***","","23,829,303","","***","","7,260","","2,570","","80,774","","0.38","","***","","***","","***","","***","","***","","***",""
"1989100000","1989年度","43212","熊本県 上天草市","","***","","***","","12,580","","***","","22,646,167","","***","","3,810","","2,087","","17,373","","-","","***","","***","","***","","***","","***","","***",""
"1989100000","1989年度","43213","熊本県 宇城市","","***","","***","","18,845","","***","","42,924,304","","***","","24,080","","7,373","","69,798","","-","","***","","***","","***","","***","","***","","***",""
"1989100000","1989年度","43214","熊本県 阿蘇市","","***","","***","","37,625","","***","","21,489,748","","***","","13,860","","10,130","","36,293","","-","","***","","***","","***","","***","","***","","***",""
"1989100000","1989年度","43215","熊本県 天草市","","***","","***","","68,207","","***","","67,657,296","","***","","16,250","","9,114","","36,467","","-","","***","","***","","***","","***","","***","","***",""
"1989100000","1989年度","43216","熊本県 合志市","","***","","***","","5,317","","***","","35,858,731","","***","","10,590","","2,610","","107,802","","-","","***","","***","","***","","***","","***","","***",""
"1989100000","1989年度","43348","熊本県 美里町","","***","","***","","14,402","","***","","7,509,775","","***","","3,350","","1,694","","9,037","","-","","***","","***","","***","","***","","***","","***",""
"1989100000","1989年度","43364","熊本県 玉東町","","***","","***","","2,440","","***","","4,334,309","","***","","2,540","","912","","3,598","","0.24","","***","","***","","***","","***","","***","","***",""
"1989100000","1989年度","43367","熊本県 南関町","","***","","***","","6,896","","***","","7,026,033","","***","","4,220","","1,930","","10,602","","0.26","","***","","***","","***","","***","","***","","***",""
"1989100000","1989年度","43368","熊本県 長洲町","","***","","***","","1,942","","***","","11,495,141","","***","","1,390","","894","","77,856","","0.58","","***","","***","","***","","***","","***","","***",""
"1989100000","1989年度","43369","熊本県 和水町","","***","","***","","9,875","","***","","7,685,988","","***","","5,690","","2,580","","45,955","","-","","***","","***","","***","","***","","***","","***",""
"1989100000","1989年度","43403","熊本県 大津町","","***","","***","","9,909","","***","","17,916,996","","***","","8,410","","2,720","","161,694","","0.70","","***","","***","","***","","***","","***","","***",""
"1989100000","1989年度","43404","熊本県 菊陽町","","***","","***","","3,757","","***","","18,513,549","","***","","5,170","","1,880","","40,472","","0.57","","***","","***","","***","","***","","***","","***",""
"1989100000","1989年度","43423","熊本県 南小国町","","***","","***","","11,586","","***","","2,562,826","","***","","2,990","","1,320","","1,281","","0.16","","***","","***","","***","","***","","***","","***",""
"1989100000","1989年度","43424","熊本県 小国町","","***","","***","","13,700","","***","","6,135,260","","***","","3,180","","1,990","","4,310","","0.25","","***","","***","","***","","***","","***","","***",""
"1989100000","1989年度","43425","熊本県 産山村","","***","","***","","6,072","","***","","738,830","","***","","2,210","","1,140","","X","","0.14","","***","","***","","***","","***","","***","","***",""
"1989100000","1989年度","43428","熊本県 高森町","","***","","***","","17,490","","***","","4,856,263","","***","","4,290","","2,770","","2,340","","0.23","","***","","***","","***","","***","","***","","***",""
"1989100000","1989年度","43432","熊本県 西原村","","***","","***","","7,660","","***","","3,065,616","","***","","3,110","","1,600","","9,111","","0.28","","***","","***","","***","","***","","***","","***",""
"1989100000","1989年度","43433","熊本県 南阿蘇村","","***","","***","","13,793","","***","","6,303,198","","***","","5,290","","3,804","","-","","-","","***","","***","","***","","***","","***","","***",""
"1989100000","1989年度","43441","熊本県 御船町","","***","","***","","9,900","","***","","10,813,664","","***","","3,770","","1,980","","11,172","","0.32","","***","","***","","***","","***","","***","","***",""
"1989100000","1989年度","43442","熊本県 嘉島町","","***","","***","","1,666","","***","","5,396,090","","***","","1,960","","1,050","","9,871","","0.31","","***","","***","","***","","***","","***","","***",""
"1989100000","1989年度","43443","熊本県 益城町","","***","","***","","6,567","","***","","20,620,974","","***","","6,920","","2,730","","41,629","","0.47","","***","","***","","***","","***","","***","","***",""
"1989100000","1989年度","43444","熊本県 甲佐町","","***","","***","","5,788","","***","","7,639,609","","***","","4,640","","1,520","","8,390","","0.28","","***","","***","","***","","***","","***","","***",""
"1989100000","1989年度","43447","熊本県 山都町","","***","","***","","54,483","","***","","11,039,583","","***","","10,480","","6,620","","19,692","","-","","***","","***","","***","","***","","***","","***",""
"1989100000","1989年度","43468","熊本県 氷川町","","***","","***","","3,329","","***","","10,510,102","","***","","9,170","","1,888","","3,183","","-","","***","","***","","***","","***","","***","","***",""
"1989100000","1989年度","43482","熊本県 芦北町","","***","","***","","23,347","","***","","13,604,789","","***","","6,060","","2,306","","13,995","","-","","***","","***","","***","","***","","***","","***",""
"1989100000","1989年度","43484","熊本県 津奈木町","","***","","***","","3,392","","***","","2,718,451","","***","","1,210","","511","","2,508","","0.17","","***","","***","","***","","***","","***","","***",""
"1989100000","1989年度","43501","熊本県 錦町","","***","","***","","8,487","","***","","6,702,999","","***","","6,790","","1,880","","33,743","","0.35","","***","","***","","***","","***","","***","","***",""
"1989100000","1989年度","43505","熊本県 多良木町","","***","","***","","16,587","","***","","8,116,684","","***","","5,540","","1,980","","10,272","","0.29","","***","","***","","***","","***","","***","","***",""
"1989100000","1989年度","43506","熊本県 湯前町","","***","","***","","4,841","","***","","2,944,652","","***","","1,910","","678","","5,563","","0.19","","***","","***","","***","","***","","***","","***",""
"1989100000","1989年度","43507","熊本県 水上村","","***","","***","","19,211","","***","","1,388,939","","***","","820","","681","","1,118","","0.16","","***","","***","","***","","***","","***","","***",""
"1989100000","1989年度","43510","熊本県 相良村","","***","","***","","9,454","","***","","2,796,832","","***","","3,570","","957","","5,277","","0.21","","***","","***","","***","","***","","***","","***",""
"1989100000","1989年度","43511","熊本県 五木村","","***","","***","","25,294","","***","","1,440,240","","***","","390","","278","","1,413","","0.16","","***","","***","","***","","***","","***","","***",""
"1989100000","1989年度","43512","熊本県 山江村","","***","","***","","12,123","","***","","1,741,140","","***","","1,130","","657","","1,153","","0.15","","***","","***","","***","","***","","***","","***",""
"1989100000","1989年度","43513","熊本県 球磨村","","***","","***","","20,773","","***","","2,752,870","","***","","1,020","","1,060","","832","","0.14","","***","","***","","***","","***","","***","","***",""
"1989100000","1989年度","43514","熊本県 あさぎり町","","***","","***","","15,949","","***","","11,549,588","","***","","10,900","","3,342","","-","","-","","***","","***","","***","","***","","***","","***",""
"1989100000","1989年度","43531","熊本県 苓北町","","***","","***","","6,648","","***","","5,776,582","","***","","2,020","","933","","5,520","","0.22","","***","","***","","***","","***","","***","","***",""
"1988100000","1988年度","43100","熊本県 熊本市","","***","","***","","38,849","","***","","613,676,147","","***","","51,631","","15,351","","605,689","","-","","***","","***","","***","","***","","***","","***",""
"1988100000","1988年度","43101","熊本県 熊本市 中央区","","***","","***","","-","","***","","-","","***","","-","","-","","-","","-","","***","","***","","***","","***","","***","","***",""
"1988100000","1988年度","43102","熊本県 熊本市 東区","","***","","***","","-","","***","","-","","***","","-","","-","","-","","-","","***","","***","","***","","***","","***","","***",""
"1988100000","1988年度","43103","熊本県 熊本市 西区","","***","","***","","-","","***","","-","","***","","-","","-","","-","","-","","***","","***","","***","","***","","***","","***",""
"1988100000","1988年度","43104","熊本県 熊本市 南区","","***","","***","","-","","***","","-","","***","","-","","-","","-","","-","","***","","***","","***","","***","","***","","***",""
"1988100000","1988年度","43105","熊本県 熊本市 北区","","***","","***","","-","","***","","-","","***","","-","","-","","-","","-","","***","","***","","***","","***","","***","","***",""
"1988100000","1988年度","43202","熊本県 八代市","","***","","***","","67,967","","***","","112,726,369","","***","","44,479","","9,015","","185,250","","-","","***","","***","","***","","***","","***","","***",""
"1988100000","1988年度","43203","熊本県 人吉市","","***","","***","","21,052","","***","","30,746,080","","***","","4,845","","1,980","","18,194","","0.50","","***","","***","","***","","***","","***","","***",""
"1988100000","1988年度","43204","熊本県 荒尾市","","***","","***","","5,715","","***","","42,136,702","","***","","4,220","","1,820","","34,761","","0.44","","***","","***","","***","","***","","***","","***",""
"1988100000","1988年度","43205","熊本県 水俣市","","***","","***","","16,203","","***","","24,608,810","","***","","3,145","","1,410","","72,154","","0.45","","***","","***","","***","","***","","***","","***",""
"1988100000","1988年度","43206","熊本県 玉名市","","***","","***","","15,253","","***","","48,456,813","","***","","20,041","","7,840","","82,652","","-","","***","","***","","***","","***","","***","","***",""
"1988100000","1988年度","43208","熊本県 山鹿市","","***","","***","","29,968","","***","","40,105,266","","***","","22,973","","8,530","","57,867","","-","","***","","***","","***","","***","","***","","***",""
"1988100000","1988年度","43210","熊本県 菊池市","","***","","***","","27,665","","***","","31,486,504","","***","","29,716","","6,970","","63,210","","-","","***","","***","","***","","***","","***","","***",""
"1988100000","1988年度","43211","熊本県 宇土市","","***","","***","","7,406","","***","","22,185,632","","***","","6,618","","2,660","","75,624","","0.39","","***","","***","","***","","***","","***","","***",""
"1988100000","1988年度","43212","熊本県 上天草市","","***","","***","","12,576","","***","","20,592,032","","***","","3,756","","2,156","","17,893","","-","","***","","***","","***","","***","","***","","***",""
"1988100000","1988年度","43213","熊本県 宇城市","","***","","***","","18,845","","***","","40,756,017","","***","","22,056","","7,616","","60,085","","-","","***","","***","","***","","***","","***","","***",""
"1988100000","1988年度","43214","熊本県 阿蘇市","","***","","***","","37,625","","***","","19,277,769","","***","","13,920","","10,130","","36,148","","-","","***","","***","","***","","***","","***","","***",""
"1988100000","1988年度","43215","熊本県 天草市","","***","","***","","68,186","","***","","63,979,505","","***","","16,222","","9,583","","34,529","","-","","***","","***","","***","","***","","***","","***",""
"1988100000","1988年度","43216","熊本県 合志市","","***","","***","","5,317","","***","","33,061,121","","***","","9,953","","2,640","","95,020","","-","","***","","***","","***","","***","","***","","***",""
"1988100000","1988年度","43348","熊本県 美里町","","***","","***","","14,402","","***","","6,740,361","","***","","3,106","","1,718","","9,350","","-","","***","","***","","***","","***","","***","","***",""
"1988100000","1988年度","43364","熊本県 玉東町","","***","","***","","2,440","","***","","3,537,772","","***","","2,008","","925","","3,481","","0.27","","***","","***","","***","","***","","***","","***",""
"1988100000","1988年度","43367","熊本県 南関町","","***","","***","","6,896","","***","","6,645,916","","***","","3,721","","1,940","","11,351","","0.26","","***","","***","","***","","***","","***","","***",""
"1988100000","1988年度","43368","熊本県 長洲町","","***","","***","","1,942","","***","","10,700,862","","***","","1,361","","901","","58,912","","0.61","","***","","***","","***","","***","","***","","***",""
"1988100000","1988年度","43369","熊本県 和水町","","***","","***","","9,875","","***","","7,234,721","","***","","5,638","","2,680","","50,956","","-","","***","","***","","***","","***","","***","","***",""
"1988100000","1988年度","43403","熊本県 大津町","","***","","***","","9,909","","***","","16,735,071","","***","","8,271","","2,750","","144,383","","0.73","","***","","***","","***","","***","","***","","***",""
"1988100000","1988年度","43404","熊本県 菊陽町","","***","","***","","3,757","","***","","16,300,197","","***","","5,082","","1,890","","31,446","","0.58","","***","","***","","***","","***","","***","","***",""
"1988100000","1988年度","43423","熊本県 南小国町","","***","","***","","11,586","","***","","2,348,438","","***","","2,790","","1,330","","1,265","","0.16","","***","","***","","***","","***","","***","","***",""
"1988100000","1988年度","43424","熊本県 小国町","","***","","***","","13,700","","***","","5,543,281","","***","","3,011","","1,990","","3,702","","0.27","","***","","***","","***","","***","","***","","***",""
"1988100000","1988年度","43425","熊本県 産山村","","***","","***","","6,072","","***","","682,902","","***","","2,090","","1,140","","X","","0.15","","***","","***","","***","","***","","***","","***",""
"1988100000","1988年度","43428","熊本県 高森町","","***","","***","","17,490","","***","","4,496,865","","***","","4,353","","2,770","","2,467","","0.24","","***","","***","","***","","***","","***","","***",""
"1988100000","1988年度","43432","熊本県 西原村","","***","","***","","7,660","","***","","2,802,076","","***","","2,774","","1,600","","5,222","","0.28","","***","","***","","***","","***","","***","","***",""
"1988100000","1988年度","43433","熊本県 南阿蘇村","","***","","***","","13,793","","***","","5,480,726","","***","","5,158","","3,808","","-","","-","","***","","***","","***","","***","","***","","***",""
"1988100000","1988年度","43441","熊本県 御船町","","***","","***","","9,900","","***","","10,419,057","","***","","3,450","","1,980","","9,036","","0.33","","***","","***","","***","","***","","***","","***",""
"1988100000","1988年度","43442","熊本県 嘉島町","","***","","***","","1,666","","***","","4,862,043","","***","","1,776","","1,060","","8,372","","0.32","","***","","***","","***","","***","","***","","***",""
"1988100000","1988年度","43443","熊本県 益城町","","***","","***","","6,567","","***","","19,110,316","","***","","6,266","","2,740","","39,812","","0.48","","***","","***","","***","","***","","***","","***",""
"1988100000","1988年度","43444","熊本県 甲佐町","","***","","***","","5,788","","***","","7,180,102","","***","","4,241","","1,540","","8,042","","0.28","","***","","***","","***","","***","","***","","***",""
"1988100000","1988年度","43447","熊本県 山都町","","***","","***","","54,483","","***","","10,202,677","","***","","10,406","","6,640","","14,719","","-","","***","","***","","***","","***","","***","","***",""
"1988100000","1988年度","43468","熊本県 氷川町","","***","","***","","3,329","","***","","10,911,389","","***","","8,746","","1,895","","3,258","","-","","***","","***","","***","","***","","***","","***",""
"1988100000","1988年度","43482","熊本県 芦北町","","***","","***","","23,347","","***","","13,262,499","","***","","5,949","","2,371","","14,274","","-","","***","","***","","***","","***","","***","","***",""
"1988100000","1988年度","43484","熊本県 津奈木町","","***","","***","","3,392","","***","","2,563,350","","***","","1,187","","525","","2,272","","0.18","","***","","***","","***","","***","","***","","***",""
"1988100000","1988年度","43501","熊本県 錦町","","***","","***","","8,487","","***","","6,126,171","","***","","5,810","","1,880","","31,918","","0.37","","***","","***","","***","","***","","***","","***",""
"1988100000","1988年度","43505","熊本県 多良木町","","***","","***","","16,587","","***","","7,907,612","","***","","5,205","","1,980","","9,959","","0.30","","***","","***","","***","","***","","***","","***",""
"1988100000","1988年度","43506","熊本県 湯前町","","***","","***","","4,841","","***","","2,704,993","","***","","1,836","","678","","5,031","","0.20","","***","","***","","***","","***","","***","","***",""
"1988100000","1988年度","43507","熊本県 水上村","","***","","***","","19,211","","***","","1,338,437","","***","","797","","687","","1,236","","0.18","","***","","***","","***","","***","","***","","***",""
"1988100000","1988年度","43510","熊本県 相良村","","***","","***","","9,454","","***","","2,595,929","","***","","3,069","","955","","5,592","","0.21","","***","","***","","***","","***","","***","","***",""
"1988100000","1988年度","43511","熊本県 五木村","","***","","***","","25,294","","***","","1,236,170","","***","","375","","277","","1,320","","0.17","","***","","***","","***","","***","","***","","***",""
"1988100000","1988年度","43512","熊本県 山江村","","***","","***","","12,123","","***","","1,609,425","","***","","975","","645","","1,038","","0.16","","***","","***","","***","","***","","***","","***",""
"1988100000","1988年度","43513","熊本県 球磨村","","***","","***","","20,773","","***","","2,402,842","","***","","989","","1,060","","787","","0.15","","***","","***","","***","","***","","***","","***",""
"1988100000","1988年度","43514","熊本県 あさぎり町","","***","","***","","15,949","","***","","11,229,729","","***","","9,841","","3,310","","-","","-","","***","","***","","***","","***","","***","","***",""
"1988100000","1988年度","43531","熊本県 苓北町","","***","","***","","6,648","","***","","5,450,312","","***","","2,004","","988","","5,067","","0.23","","***","","***","","***","","***","","***","","***",""
"1987100000","1987年度","43100","熊本県 熊本市","","***","","***","","38,804","","***","","582,903,272","","***","","48,945","","15,485","","529,491","","-","","***","","***","","***","","***","","***","","***",""
"1987100000","1987年度","43101","熊本県 熊本市 中央区","","***","","***","","-","","***","","-","","***","","-","","-","","-","","-","","***","","***","","***","","***","","***","","***",""
"1987100000","1987年度","43102","熊本県 熊本市 東区","","***","","***","","-","","***","","-","","***","","-","","-","","-","","-","","***","","***","","***","","***","","***","","***",""
"1987100000","1987年度","43103","熊本県 熊本市 西区","","***","","***","","-","","***","","-","","***","","-","","-","","-","","-","","***","","***","","***","","***","","***","","***",""
"1987100000","1987年度","43104","熊本県 熊本市 南区","","***","","***","","-","","***","","-","","***","","-","","-","","-","","-","","***","","***","","***","","***","","***","","***",""
"1987100000","1987年度","43105","熊本県 熊本市 北区","","***","","***","","-","","***","","-","","***","","-","","-","","-","","-","","***","","***","","***","","***","","***","","***",""
"1987100000","1987年度","43202","熊本県 八代市","","***","","***","","67,902","","***","","106,059,431","","***","","44,888","","9,053","","-","","-","","***","","***","","***","","***","","***","","***",""
"1987100000","1987年度","43203","熊本県 人吉市","","***","","***","","21,077","","***","","30,327,657","","***","","4,508","","1,980","","18,048","","0.51","","***","","***","","***","","***","","***","","***",""
"1987100000","1987年度","43204","熊本県 荒尾市","","***","","***","","5,810","","***","","42,857,087","","***","","3,943","","1,860","","31,054","","0.46","","***","","***","","***","","***","","***","","***",""
"1987100000","1987年度","43205","熊本県 水俣市","","***","","***","","16,555","","***","","24,105,336","","***","","3,254","","1,400","","73,799","","0.45","","***","","***","","***","","***","","***","","***",""
"1987100000","1987年度","43206","熊本県 玉名市","","***","","***","","15,109","","***","","49,820,500","","***","","17,900","","7,800","","75,485","","-","","***","","***","","***","","***","","***","","***",""
"1987100000","1987年度","43208","熊本県 山鹿市","","***","","***","","29,984","","***","","40,996,753","","***","","22,596","","8,660","","50,315","","-","","***","","***","","***","","***","","***","","***",""
"1987100000","1987年度","43210","熊本県 菊池市","","***","","***","","27,582","","***","","31,172,917","","***","","29,416","","6,990","","59,676","","-","","***","","***","","***","","***","","***","","***",""
"1987100000","1987年度","43211","熊本県 宇土市","","***","","***","","7,439","","***","","21,382,859","","***","","6,793","","2,700","","67,937","","0.39","","***","","***","","***","","***","","***","","***",""
"1987100000","1987年度","43212","熊本県 上天草市","","***","","***","","12,985","","***","","20,190,177","","***","","3,708","","2,205","","15,126","","-","","***","","***","","***","","***","","***","","***",""
"1987100000","1987年度","43213","熊本県 宇城市","","***","","***","","18,927","","***","","39,427,682","","***","","21,169","","7,646","","65,969","","-","","***","","***","","***","","***","","***","","***",""
"1987100000","1987年度","43214","熊本県 阿蘇市","","***","","***","","37,609","","***","","20,232,889","","***","","12,814","","10,160","","31,924","","-","","***","","***","","***","","***","","***","","***",""
"1987100000","1987年度","43215","熊本県 天草市","","***","","***","","68,588","","***","","62,523,565","","***","","16,368","","9,831","","32,503","","-","","***","","***","","***","","***","","***","","***",""
"1987100000","1987年度","43216","熊本県 合志市","","***","","***","","5,449","","***","","31,508,380","","***","","9,836","","2,670","","74,653","","-","","***","","***","","***","","***","","***","","***",""
"1987100000","1987年度","43348","熊本県 美里町","","***","","***","","14,341","","***","","6,720,641","","***","","3,073","","1,724","","9,577","","-","","***","","***","","***","","***","","***","","***",""
"1987100000","1987年度","43364","熊本県 玉東町","","***","","***","","2,391","","***","","3,873,017","","***","","1,902","","877","","3,211","","0.27","","***","","***","","***","","***","","***","","***",""
"1987100000","1987年度","43367","熊本県 南関町","","***","","***","","7,007","","***","","6,690,130","","***","","3,616","","1,940","","8,433","","0.27","","***","","***","","***","","***","","***","","***",""
"1987100000","1987年度","43368","熊本県 長洲町","","***","","***","","1,928","","***","","11,694,080","","***","","1,294","","908","","63,706","","0.67","","***","","***","","***","","***","","***","","***",""
"1987100000","1987年度","43369","熊本県 和水町","","***","","***","","9,776","","***","","7,297,468","","***","","5,353","","2,690","","42,595","","-","","***","","***","","***","","***","","***","","***",""
"1987100000","1987年度","43403","熊本県 大津町","","***","","***","","9,906","","***","","16,461,044","","***","","8,117","","2,820","","132,942","","0.74","","***","","***","","***","","***","","***","","***",""
"1987100000","1987年度","43404","熊本県 菊陽町","","***","","***","","3,721","","***","","16,729,054","","***","","4,699","","1,910","","22,125","","0.59","","***","","***","","***","","***","","***","","***",""
"1987100000","1987年度","43423","熊本県 南小国町","","***","","***","","11,598","","***","","2,261,537","","***","","2,721","","1,330","","1,292","","0.16","","***","","***","","***","","***","","***","","***",""
"1987100000","1987年度","43424","熊本県 小国町","","***","","***","","13,672","","***","","5,723,786","","***","","2,883","","1,960","","3,398","","0.27","","***","","***","","***","","***","","***","","***",""
"1987100000","1987年度","43425","熊本県 産山村","","***","","***","","6,060","","***","","740,217","","***","","2,008","","1,130","","X","","0.15","","***","","***","","***","","***","","***","","***",""
"1987100000","1987年度","43428","熊本県 高森町","","***","","***","","17,543","","***","","4,161,589","","***","","4,277","","2,770","","2,331","","0.24","","***","","***","","***","","***","","***","","***",""
"1987100000","1987年度","43432","熊本県 西原村","","***","","***","","7,658","","***","","2,795,478","","***","","2,734","","1,610","","3,366","","0.28","","***","","***","","***","","***","","***","","***",""
"1987100000","1987年度","43433","熊本県 南阿蘇村","","***","","***","","13,790","","***","","5,891,089","","***","","4,742","","3,816","","-","","-","","***","","***","","***","","***","","***","","***",""
"1987100000","1987年度","43441","熊本県 御船町","","***","","***","","9,830","","***","","10,293,245","","***","","3,387","","2,040","","8,398","","0.34","","***","","***","","***","","***","","***","","***",""
"1987100000","1987年度","43442","熊本県 嘉島町","","***","","***","","1,680","","***","","5,137,795","","***","","2,025","","1,060","","7,514","","0.32","","***","","***","","***","","***","","***","","***",""
"1987100000","1987年度","43443","熊本県 益城町","","***","","***","","6,564","","***","","18,089,083","","***","","5,704","","2,740","","44,736","","0.49","","***","","***","","***","","***","","***","","***",""
"1987100000","1987年度","43444","熊本県 甲佐町","","***","","***","","5,776","","***","","7,103,264","","***","","3,976","","1,540","","7,553","","0.28","","***","","***","","***","","***","","***","","***",""
"1987100000","1987年度","43447","熊本県 山都町","","***","","***","","54,442","","***","","10,397,141","","***","","9,648","","6,690","","-","","-","","***","","***","","***","","***","","***","","***",""
"1987100000","1987年度","43468","熊本県 氷川町","","***","","***","","3,318","","***","","10,200,717","","***","","8,752","","1,885","","3,622","","-","","***","","***","","***","","***","","***","","***",""
"1987100000","1987年度","43482","熊本県 芦北町","","***","","***","","23,461","","***","","13,230,405","","***","","6,136","","2,393","","16,542","","-","","***","","***","","***","","***","","***","","***",""
"1987100000","1987年度","43484","熊本県 津奈木町","","***","","***","","3,303","","***","","2,539,822","","***","","1,579","","606","","2,059","","0.19","","***","","***","","***","","***","","***","","***",""
"1987100000","1987年度","43501","熊本県 錦町","","***","","***","","8,391","","***","","6,207,652","","***","","5,827","","1,890","","30,530","","0.38","","***","","***","","***","","***","","***","","***",""
"1987100000","1987年度","43505","熊本県 多良木町","","***","","***","","16,648","","***","","8,018,461","","***","","4,993","","1,980","","9,041","","0.30","","***","","***","","***","","***","","***","","***",""
"1987100000","1987年度","43506","熊本県 湯前町","","***","","***","","4,824","","***","","2,645,687","","***","","1,734","","682","","4,663","","0.21","","***","","***","","***","","***","","***","","***",""
"1987100000","1987年度","43507","熊本県 水上村","","***","","***","","19,250","","***","","1,349,418","","***","","792","","667","","1,226","","0.19","","***","","***","","***","","***","","***","","***",""
"1987100000","1987年度","43510","熊本県 相良村","","***","","***","","9,493","","***","","2,686,808","","***","","3,061","","957","","5,172","","0.21","","***","","***","","***","","***","","***","","***",""
"1987100000","1987年度","43511","熊本県 五木村","","***","","***","","25,205","","***","","1,372,510","","***","","395","","283","","1,098","","0.19","","***","","***","","***","","***","","***","","***",""
"1987100000","1987年度","43512","熊本県 山江村","","***","","***","","12,108","","***","","1,620,275","","***","","974","","634","","1,124","","0.16","","***","","***","","***","","***","","***","","***",""
"1987100000","1987年度","43513","熊本県 球磨村","","***","","***","","20,737","","***","","2,556,071","","***","","955","","1,050","","634","","0.16","","***","","***","","***","","***","","***","","***",""
"1987100000","1987年度","43514","熊本県 あさぎり町","","***","","***","","15,897","","***","","11,613,975","","***","","9,799","","3,333","","-","","-","","***","","***","","***","","***","","***","","***",""
"1987100000","1987年度","43531","熊本県 苓北町","","***","","***","","6,667","","***","","5,538,597","","***","","2,040","","1,010","","4,714","","0.23","","***","","***","","***","","***","","***","","***",""
"1986100000","1986年度","43100","熊本県 熊本市","","***","","***","","38,804","","***","","553,813,406","","***","","53,227","","15,607","","499,546","","-","","***","","***","","***","","***","","***","","***",""
"1986100000","1986年度","43101","熊本県 熊本市 中央区","","***","","***","","-","","***","","-","","***","","-","","-","","-","","-","","***","","***","","***","","***","","***","","***",""
"1986100000","1986年度","43102","熊本県 熊本市 東区","","***","","***","","-","","***","","-","","***","","-","","-","","-","","-","","***","","***","","***","","***","","***","","***",""
"1986100000","1986年度","43103","熊本県 熊本市 西区","","***","","***","","-","","***","","-","","***","","-","","-","","-","","-","","***","","***","","***","","***","","***","","***",""
"1986100000","1986年度","43104","熊本県 熊本市 南区","","***","","***","","-","","***","","-","","***","","-","","-","","-","","-","","***","","***","","***","","***","","***","","***",""
"1986100000","1986年度","43105","熊本県 熊本市 北区","","***","","***","","-","","***","","-","","***","","-","","-","","-","","-","","***","","***","","***","","***","","***","","***",""
"1986100000","1986年度","43202","熊本県 八代市","","***","","***","","67,892","","***","","97,257,146","","***","","43,089","","9,088","","-","","-","","***","","***","","***","","***","","***","","***",""
"1986100000","1986年度","43203","熊本県 人吉市","","***","","***","","21,077","","***","","29,204,312","","***","","4,861","","1,980","","17,811","","0.52","","***","","***","","***","","***","","***","","***",""
"1986100000","1986年度","43204","熊本県 荒尾市","","***","","***","","5,810","","***","","42,369,652","","***","","4,305","","1,890","","34,467","","0.47","","***","","***","","***","","***","","***","","***",""
"1986100000","1986年度","43205","熊本県 水俣市","","***","","***","","16,554","","***","","22,978,634","","***","","3,309","","1,420","","74,907","","0.45","","***","","***","","***","","***","","***","","***",""
"1986100000","1986年度","43206","熊本県 玉名市","","***","","***","","15,109","","***","","48,595,894","","***","","19,058","","7,820","","76,009","","-","","***","","***","","***","","***","","***","","***",""
"1986100000","1986年度","43208","熊本県 山鹿市","","***","","***","","29,984","","***","","39,004,665","","***","","24,651","","8,670","","46,043","","-","","***","","***","","***","","***","","***","","***",""
"1986100000","1986年度","43210","熊本県 菊池市","","***","","***","","27,582","","***","","29,415,568","","***","","30,834","","7,040","","61,856","","-","","***","","***","","***","","***","","***","","***",""
"1986100000","1986年度","43211","熊本県 宇土市","","***","","***","","7,439","","***","","20,288,140","","***","","7,522","","2,710","","64,897","","0.40","","***","","***","","***","","***","","***","","***",""
"1986100000","1986年度","43212","熊本県 上天草市","","***","","***","","12,981","","***","","19,053,473","","***","","3,751","","2,238","","14,032","","-","","***","","***","","***","","***","","***","","***",""
"1986100000","1986年度","43213","熊本県 宇城市","","***","","***","","18,927","","***","","37,813,553","","***","","23,483","","7,669","","59,975","","-","","***","","***","","***","","***","","***","","***",""
"1986100000","1986年度","43214","熊本県 阿蘇市","","***","","***","","37,609","","***","","19,582,004","","***","","14,231","","10,240","","-","","-","","***","","***","","***","","***","","***","","***",""
"1986100000","1986年度","43215","熊本県 天草市","","***","","***","","68,580","","***","","59,389,762","","***","","17,850","","9,990","","31,524","","-","","***","","***","","***","","***","","***","","***",""
"1986100000","1986年度","43216","熊本県 合志市","","***","","***","","5,449","","***","","29,143,064","","***","","10,441","","2,680","","99,953","","-","","***","","***","","***","","***","","***","","***",""
"1986100000","1986年度","43348","熊本県 美里町","","***","","***","","14,341","","***","","6,103,057","","***","","3,263","","1,726","","7,183","","-","","***","","***","","***","","***","","***","","***",""
"1986100000","1986年度","43364","熊本県 玉東町","","***","","***","","2,391","","***","","3,737,153","","***","","1,945","","827","","3,283","","0.27","","***","","***","","***","","***","","***","","***",""
"1986100000","1986年度","43367","熊本県 南関町","","***","","***","","7,007","","***","","6,386,210","","***","","4,004","","1,880","","8,093","","0.27","","***","","***","","***","","***","","***","","***",""
"1986100000","1986年度","43368","熊本県 長洲町","","***","","***","","1,928","","***","","11,899,987","","***","","1,632","","924","","89,330","","0.74","","***","","***","","***","","***","","***","","***",""
"1986100000","1986年度","43369","熊本県 和水町","","***","","***","","9,776","","***","","6,532,359","","***","","5,901","","2,580","","49,838","","-","","***","","***","","***","","***","","***","","***",""
"1986100000","1986年度","43403","熊本県 大津町","","***","","***","","9,906","","***","","15,648,698","","***","","8,754","","2,860","","124,462","","0.71","","***","","***","","***","","***","","***","","***",""
"1986100000","1986年度","43404","熊本県 菊陽町","","***","","***","","3,721","","***","","15,593,156","","***","","5,124","","1,910","","24,251","","0.58","","***","","***","","***","","***","","***","","***",""
"1986100000","1986年度","43423","熊本県 南小国町","","***","","***","","11,598","","***","","2,114,550","","***","","2,712","","1,340","","1,273","","0.17","","***","","***","","***","","***","","***","","***",""
"1986100000","1986年度","43424","熊本県 小国町","","***","","***","","13,672","","***","","5,571,784","","***","","2,924","","1,930","","3,534","","0.26","","***","","***","","***","","***","","***","","***",""
"1986100000","1986年度","43425","熊本県 産山村","","***","","***","","6,060","","***","","737,318","","***","","2,040","","1,150","","X","","0.15","","***","","***","","***","","***","","***","","***",""
"1986100000","1986年度","43428","熊本県 高森町","","***","","***","","17,543","","***","","3,964,265","","***","","4,270","","2,790","","2,298","","0.23","","***","","***","","***","","***","","***","","***",""
"1986100000","1986年度","43432","熊本県 西原村","","***","","***","","7,658","","***","","2,593,322","","***","","2,909","","1,610","","3,432","","0.26","","***","","***","","***","","***","","***","","***",""
"1986100000","1986年度","43433","熊本県 南阿蘇村","","***","","***","","13,790","","***","","5,667,970","","***","","5,581","","3,779","","-","","-","","***","","***","","***","","***","","***","","***",""
"1986100000","1986年度","43441","熊本県 御船町","","***","","***","","9,830","","***","","10,156,990","","***","","3,854","","2,080","","8,232","","0.33","","***","","***","","***","","***","","***","","***",""
"1986100000","1986年度","43442","熊本県 嘉島町","","***","","***","","1,680","","***","","4,680,654","","***","","2,392","","1,070","","6,970","","0.31","","***","","***","","***","","***","","***","","***",""
"1986100000","1986年度","43443","熊本県 益城町","","***","","***","","6,564","","***","","17,177,708","","***","","5,921","","2,780","","51,938","","0.50","","***","","***","","***","","***","","***","","***",""
"1986100000","1986年度","43444","熊本県 甲佐町","","***","","***","","5,776","","***","","6,648,309","","***","","4,215","","1,550","","6,042","","0.28","","***","","***","","***","","***","","***","","***",""
"1986100000","1986年度","43447","熊本県 山都町","","***","","***","","54,442","","***","","9,755,029","","***","","10,551","","6,700","","-","","-","","***","","***","","***","","***","","***","","***",""
"1986100000","1986年度","43468","熊本県 氷川町","","***","","***","","3,318","","***","","8,701,946","","***","","8,544","","1,888","","3,490","","-","","***","","***","","***","","***","","***","","***",""
"1986100000","1986年度","43482","熊本県 芦北町","","***","","***","","23,461","","***","","13,382,640","","***","","7,023","","2,384","","20,534","","-","","***","","***","","***","","***","","***","","***",""
"1986100000","1986年度","43484","熊本県 津奈木町","","***","","***","","3,303","","***","","2,716,311","","***","","1,901","","603","","1,669","","0.19","","***","","***","","***","","***","","***","","***",""
"1986100000","1986年度","43501","熊本県 錦町","","***","","***","","8,391","","***","","5,771,033","","***","","5,988","","1,900","","36,196","","0.37","","***","","***","","***","","***","","***","","***",""
"1986100000","1986年度","43505","熊本県 多良木町","","***","","***","","16,648","","***","","7,615,352","","***","","5,555","","1,970","","9,073","","0.30","","***","","***","","***","","***","","***","","***",""
"1986100000","1986年度","43506","熊本県 湯前町","","***","","***","","4,824","","***","","2,627,863","","***","","1,930","","685","","4,978","","0.20","","***","","***","","***","","***","","***","","***",""
"1986100000","1986年度","43507","熊本県 水上村","","***","","***","","19,250","","***","","1,312,189","","***","","876","","653","","921","","0.20","","***","","***","","***","","***","","***","","***",""
"1986100000","1986年度","43510","熊本県 相良村","","***","","***","","9,493","","***","","2,484,817","","***","","3,181","","973","","3,972","","0.21","","***","","***","","***","","***","","***","","***",""
"1986100000","1986年度","43511","熊本県 五木村","","***","","***","","25,205","","***","","1,207,014","","***","","394","","289","","985","","0.20","","***","","***","","***","","***","","***","","***",""
"1986100000","1986年度","43512","熊本県 山江村","","***","","***","","12,108","","***","","1,523,702","","***","","1,083","","628","","985","","0.14","","***","","***","","***","","***","","***","","***",""
"1986100000","1986年度","43513","熊本県 球磨村","","***","","***","","20,737","","***","","2,448,594","","***","","1,058","","1,030","","650","","0.16","","***","","***","","***","","***","","***","","***",""
"1986100000","1986年度","43514","熊本県 あさぎり町","","***","","***","","15,897","","***","","10,658,217","","***","","10,450","","3,313","","-","","-","","***","","***","","***","","***","","***","","***",""
"1986100000","1986年度","43531","熊本県 苓北町","","***","","***","","6,665","","***","","5,016,151","","***","","2,014","","1,030","","4,490","","0.24","","***","","***","","***","","***","","***","","***",""
"1985100000","1985年度","43100","熊本県 熊本市","","654,348","","***","","38,803","","***","","529,267,979","","***","","53,578","","15,781","","510,799","","-","","***","","***","","10.521","","5.67","","***","","13.6",""
"1985100000","1985年度","43101","熊本県 熊本市 中央区","","-","","***","","-","","***","","-","","***","","-","","-","","-","","-","","***","","***","","-","","-","","***","","-",""
"1985100000","1985年度","43102","熊本県 熊本市 東区","","-","","***","","-","","***","","-","","***","","-","","-","","-","","-","","***","","***","","-","","-","","***","","-",""
"1985100000","1985年度","43103","熊本県 熊本市 西区","","-","","***","","-","","***","","-","","***","","-","","-","","-","","-","","***","","***","","-","","-","","***","","-",""
"1985100000","1985年度","43104","熊本県 熊本市 南区","","-","","***","","-","","***","","-","","***","","-","","-","","-","","-","","***","","***","","-","","-","","***","","-",""
"1985100000","1985年度","43105","熊本県 熊本市 北区","","-","","***","","-","","***","","-","","***","","-","","-","","-","","-","","***","","***","","-","","-","","***","","-",""
"1985100000","1985年度","43202","熊本県 八代市","","149,421","","***","","67,892","","***","","91,568,379","","***","","40,300","","9,134","","-","","-","","***","","***","","12.514","","-0.64","","***","","6.0",""
"1985100000","1985年度","43203","熊本県 人吉市","","42,292","","***","","21,077","","***","","28,316,794","","***","","4,757","","2,040","","18,823","","0.53","","***","","***","","13.128","","0.13","","***","","21.3",""
"1985100000","1985年度","43204","熊本県 荒尾市","","62,570","","***","","5,801","","***","","41,468,044","","***","","3,898","","1,930","","35,463","","0.48","","***","","***","","14.144","","1.76","","***","","6.4",""
"1985100000","1985年度","43205","熊本県 水俣市","","36,520","","***","","16,554","","***","","23,474,545","","***","","3,473","","1,430","","78,981","","0.44","","***","","***","","15.687","","-1.70","","***","","19.2",""
"1985100000","1985年度","43206","熊本県 玉名市","","74,356","","***","","15,109","","***","","47,282,557","","***","","17,193","","7,890","","83,394","","-","","***","","***","","14.093","","2.81","","***","","5.4",""
"1985100000","1985年度","43208","熊本県 山鹿市","","63,234","","***","","29,984","","***","","37,732,730","","***","","23,823","","8,580","","47,695","","-","","***","","***","","16.546","","0.63","","***","","11.1",""
"1985100000","1985年度","43210","熊本県 菊池市","","50,831","","***","","27,582","","***","","28,798,180","","***","","30,554","","7,120","","63,790","","-","","***","","***","","15.235","","2.63","","***","","7.9",""
"1985100000","1985年度","43211","熊本県 宇土市","","33,575","","***","","7,439","","***","","19,775,136","","***","","7,142","","2,720","","71,423","","0.40","","***","","***","","13.325","","1.88","","***","","3.0",""
"1985100000","1985年度","43212","熊本県 上天草市","","39,900","","***","","12,980","","***","","17,949,341","","***","","4,087","","2,271","","15,933","","-","","***","","***","","15.872","","-1.92","","***","","2.5",""
"1985100000","1985年度","43213","熊本県 宇城市","","63,662","","***","","18,927","","***","","34,991,613","","***","","23,957","","7,700","","57,033","","-","","***","","***","","14.663","","2.00","","***","","9.4",""
"1985100000","1985年度","43214","熊本県 阿蘇市","","33,504","","***","","37,609","","***","","17,587,764","","***","","14,010","","10,250","","-","","-","","***","","***","","15.040","","-1.47","","***","","9.0",""
"1985100000","1985年度","43215","熊本県 天草市","","118,765","","***","","68,576","","***","","57,607,288","","***","","19,287","","10,099","","31,696","","-","","***","","***","","16.681","","-2.31","","***","","10.1",""
"1985100000","1985年度","43216","熊本県 合志市","","38,142","","***","","5,449","","***","","26,754,078","","***","","10,572","","2,690","","106,189","","-","","***","","***","","10.616","","19.73","","***","","7.9",""
"1985100000","1985年度","43348","熊本県 美里町","","14,983","","***","","14,341","","***","","5,896,698","","***","","3,198","","1,732","","5,943","","-","","***","","***","","18.948","","1.74","","***","","20.0",""
"1985100000","1985年度","43364","熊本県 玉東町","","6,180","","***","","2,391","","***","","4,030,682","","***","","1,880","","827","","3,572","","0.25","","***","","***","","14.984","","-2.14","","***","","0.0",""
"1985100000","1985年度","43367","熊本県 南関町","","12,478","","***","","7,007","","***","","6,197,654","","***","","3,921","","1,890","","9,598","","0.26","","***","","***","","18.505","","-0.16","","***","","0.0",""
"1985100000","1985年度","43368","熊本県 長洲町","","18,126","","***","","1,928","","***","","11,669,265","","***","","1,352","","928","","108,514","","0.79","","***","","***","","13.059","","8.44","","***","","5.5",""
"1985100000","1985年度","43369","熊本県 和水町","","13,820","","***","","9,776","","***","","6,400,147","","***","","5,843","","2,600","","40,081","","-","","***","","***","","19.356","","-1.09","","***","","7.2",""
"1985100000","1985年度","43403","熊本県 大津町","","22,008","","***","","9,906","","***","","14,411,411","","***","","9,388","","2,930","","149,242","","0.67","","***","","***","","13.354","","10.63","","***","","9.1",""
"1985100000","1985年度","43404","熊本県 菊陽町","","22,585","","***","","3,721","","***","","14,337,059","","***","","5,219","","1,850","","26,031","","0.54","","***","","***","","9.564","","12.07","","***","","13.3",""
"1985100000","1985年度","43423","熊本県 南小国町","","5,221","","***","","11,598","","***","","2,060,111","","***","","2,531","","1,340","","1,243","","0.17","","***","","***","","16.146","","-1.84","","***","","0.0",""
"1985100000","1985年度","43424","熊本県 小国町","","10,464","","***","","13,672","","***","","5,224,978","","***","","2,947","","1,920","","3,371","","0.26","","***","","***","","15.883","","-3.23","","***","","9.6",""
"1985100000","1985年度","43425","熊本県 産山村","","1,878","","***","","6,060","","***","","770,548","","***","","2,056","","1,150","","X","","0.14","","***","","***","","16.613","","-5.20","","***","","0.0",""
"1985100000","1985年度","43428","熊本県 高森町","","8,531","","***","","17,543","","***","","3,721,050","","***","","4,144","","2,720","","2,440","","0.23","","***","","***","","15.262","","-3.12","","***","","0.0",""
"1985100000","1985年度","43432","熊本県 西原村","","4,921","","***","","7,658","","***","","2,413,600","","***","","2,722","","1,620","","2,828","","0.25","","***","","***","","16.765","","2.01","","***","","0.0",""
"1985100000","1985年度","43433","熊本県 南阿蘇村","","13,285","","***","","13,790","","***","","5,118,954","","***","","5,135","","3,749","","-","","-","","***","","***","","15.167","","2.11","","***","","7.5",""
"1985100000","1985年度","43441","熊本県 御船町","","17,979","","***","","9,830","","***","","9,481,162","","***","","3,928","","2,110","","8,509","","0.33","","***","","***","","14.678","","2.53","","***","","0.0",""
"1985100000","1985年度","43442","熊本県 嘉島町","","7,434","","***","","1,680","","***","","4,552,880","","***","","2,347","","1,070","","6,859","","0.30","","***","","***","","15.375","","-3.84","","***","","26.9",""
"1985100000","1985年度","43443","熊本県 益城町","","26,773","","***","","6,564","","***","","16,245,301","","***","","5,660","","2,790","","48,585","","0.49","","***","","***","","12.718","","10.32","","***","","11.2",""
"1985100000","1985年度","43444","熊本県 甲佐町","","12,864","","***","","5,776","","***","","6,362,786","","***","","4,120","","1,560","","5,405","","0.28","","***","","***","","17.615","","-0.96","","***","","15.5",""
"1985100000","1985年度","43447","熊本県 山都町","","25,282","","***","","54,442","","***","","9,293,787","","***","","10,224","","6,750","","14,490","","-","","***","","***","","16.613","","-4.00","","***","","15.8",""
"1985100000","1985年度","43468","熊本県 氷川町","","14,798","","***","","3,318","","***","","8,093,108","","***","","8,248","","1,885","","3,441","","-","","***","","***","","12.725","","1.19","","***","","0.0",""
"1985100000","1985年度","43482","熊本県 芦北町","","26,473","","***","","23,461","","***","","12,271,682","","***","","6,823","","2,414","","23,110","","-","","***","","***","","16.251","","-3.43","","***","","3.8",""
"1985100000","1985年度","43484","熊本県 津奈木町","","5,971","","***","","3,303","","***","","2,381,851","","***","","2,018","","605","","1,612","","0.20","","***","","***","","18.272","","-1.35","","***","","0.0",""
"1985100000","1985年度","43501","熊本県 錦町","","11,598","","***","","8,391","","***","","5,390,415","","***","","5,771","","1,920","","39,197","","0.35","","***","","***","","12.476","","8.61","","***","","0.0",""
"1985100000","1985年度","43505","熊本県 多良木町","","14,123","","***","","16,648","","***","","7,066,915","","***","","5,270","","1,950","","9,720","","0.30","","***","","***","","14.154","","-3.25","","***","","7.1",""
"1985100000","1985年度","43506","熊本県 湯前町","","5,805","","***","","4,824","","***","","2,438,058","","***","","1,956","","686","","4,069","","0.20","","***","","***","","17.519","","-3.86","","***","","0.0",""
"1985100000","1985年度","43507","熊本県 水上村","","3,446","","***","","19,250","","***","","1,234,640","","***","","883","","647","","955","","0.20","","***","","***","","16.744","","-6.05","","***","","29.0",""
"1985100000","1985年度","43510","熊本県 相良村","","6,024","","***","","9,493","","***","","2,275,437","","***","","2,725","","1,020","","2,615","","0.22","","***","","***","","15.438","","1.55","","***","","0.0",""
"1985100000","1985年度","43511","熊本県 五木村","","2,297","","***","","25,205","","***","","1,346,336","","***","","443","","296","","1,012","","0.21","","***","","***","","17.327","","-25.57","","***","","0.0",""
"1985100000","1985年度","43512","熊本県 山江村","","4,398","","***","","12,108","","***","","1,454,261","","***","","1,008","","627","","1,123","","0.14","","***","","***","","12.915","","2.85","","***","","0.0",""
"1985100000","1985年度","43513","熊本県 球磨村","","6,726","","***","","20,737","","***","","2,504,148","","***","","1,008","","1,040","","694","","0.16","","***","","***","","15.076","","-3.69","","***","","0.0",""
"1985100000","1985年度","43514","熊本県 あさぎり町","","19,535","","***","","15,897","","***","","9,653,423","","***","","10,090","","3,377","","-","","-","","***","","***","","13.826","","0.06","","***","","5.1",""
"1985100000","1985年度","43531","熊本県 苓北町","","10,621","","***","","6,663","","***","","5,318,840","","***","","2,348","","1,040","","4,226","","0.24","","***","","***","","16.006","","-2.53","","***","","37.7",""
"1984100000","1984年度","43100","熊本県 熊本市","","***","","***","","38,802","","6,376","","***","","***","","56,407","","15,912","","496,086","","-","","***","","***","","***","","***","","***","","***",""
"1984100000","1984年度","43101","熊本県 熊本市 中央区","","***","","***","","-","","-","","***","","***","","-","","-","","-","","-","","***","","***","","***","","***","","***","","***",""
"1984100000","1984年度","43102","熊本県 熊本市 東区","","***","","***","","-","","-","","***","","***","","-","","-","","-","","-","","***","","***","","***","","***","","***","","***",""
"1984100000","1984年度","43103","熊本県 熊本市 西区","","***","","***","","-","","-","","***","","***","","-","","-","","-","","-","","***","","***","","***","","***","","***","","***",""
"1984100000","1984年度","43104","熊本県 熊本市 南区","","***","","***","","-","","-","","***","","***","","-","","-","","-","","-","","***","","***","","***","","***","","***","","***",""
"1984100000","1984年度","43105","熊本県 熊本市 北区","","***","","***","","-","","-","","***","","***","","-","","-","","-","","-","","***","","***","","***","","***","","***","","***",""
"1984100000","1984年度","43202","熊本県 八代市","","***","","***","","67,892","","49,357","","***","","***","","39,747","","9,152","","-","","-","","***","","***","","***","","***","","***","","***",""
"1984100000","1984年度","43203","熊本県 人吉市","","***","","***","","21,077","","15,963","","***","","***","","4,629","","2,060","","17,869","","0.53","","***","","***","","***","","***","","***","","***",""
"1984100000","1984年度","43204","熊本県 荒尾市","","***","","***","","5,801","","982","","***","","***","","4,827","","1,960","","34,480","","0.46","","***","","***","","***","","***","","***","","***",""
"1984100000","1984年度","43205","熊本県 水俣市","","***","","***","","16,550","","12,212","","***","","***","","3,258","","1,520","","72,727","","0.44","","***","","***","","***","","***","","***","","***",""
"1984100000","1984年度","43206","熊本県 玉名市","","***","","***","","15,109","","2,768","","***","","***","","19,220","","7,930","","72,646","","-","","***","","***","","***","","***","","***","","***",""
"1984100000","1984年度","43208","熊本県 山鹿市","","***","","***","","29,984","","15,726","","***","","***","","25,354","","8,600","","45,025","","-","","***","","***","","***","","***","","***","","***",""
"1984100000","1984年度","43210","熊本県 菊池市","","***","","***","","27,582","","15,381","","***","","***","","30,821","","7,190","","57,710","","-","","***","","***","","***","","***","","***","","***",""
"1984100000","1984年度","43211","熊本県 宇土市","","***","","***","","7,439","","2,843","","***","","***","","8,158","","2,760","","68,237","","0.39","","***","","***","","***","","***","","***","","***",""
"1984100000","1984年度","43212","熊本県 上天草市","","***","","***","","12,977","","7,521","","***","","***","","4,174","","2,340","","16,043","","-","","***","","***","","***","","***","","***","","***",""
"1984100000","1984年度","43213","熊本県 宇城市","","***","","***","","18,923","","5,892","","***","","***","","24,733","","7,726","","39,218","","-","","***","","***","","***","","***","","***","","***",""
"1984100000","1984年度","43214","熊本県 阿蘇市","","***","","***","","37,609","","21,534","","***","","***","","13,243","","10,240","","-","","-","","***","","***","","***","","***","","***","","***",""
"1984100000","1984年度","43215","熊本県 天草市","","***","","***","","68,572","","46,346","","***","","***","","20,383","","10,550","","30,688","","-","","***","","***","","***","","***","","***","","***",""
"1984100000","1984年度","43216","熊本県 合志市","","***","","***","","5,449","","780","","***","","***","","10,683","","2,710","","124,334","","-","","***","","***","","***","","***","","***","","***",""
"1984100000","1984年度","43348","熊本県 美里町","","***","","***","","14,341","","10,638","","***","","***","","3,526","","1,735","","5,248","","-","","***","","***","","***","","***","","***","","***",""
"1984100000","1984年度","43364","熊本県 玉東町","","***","","***","","2,391","","783","","***","","***","","2,523","","826","","3,087","","0.25","","***","","***","","***","","***","","***","","***",""
"1984100000","1984年度","43367","熊本県 南関町","","***","","***","","7,007","","3,527","","***","","***","","4,223","","1,890","","6,139","","0.26","","***","","***","","***","","***","","***","","***",""
"1984100000","1984年度","43368","熊本県 長洲町","","***","","***","","1,928","","33","","***","","***","","1,733","","935","","96,739","","0.78","","***","","***","","***","","***","","***","","***",""
"1984100000","1984年度","43369","熊本県 和水町","","***","","***","","9,776","","5,270","","***","","***","","6,491","","2,590","","53,982","","-","","***","","***","","***","","***","","***","","***",""
"1984100000","1984年度","43403","熊本県 大津町","","***","","***","","9,906","","5,091","","***","","***","","9,347","","2,960","","90,335","","0.64","","***","","***","","***","","***","","***","","***",""
"1984100000","1984年度","43404","熊本県 菊陽町","","***","","***","","3,721","","445","","***","","***","","5,568","","1,850","","21,796","","0.52","","***","","***","","***","","***","","***","","***",""
"1984100000","1984年度","43423","熊本県 南小国町","","***","","***","","11,598","","9,364","","***","","***","","2,313","","1,340","","1,169","","0.17","","***","","***","","***","","***","","***","","***",""
"1984100000","1984年度","43424","熊本県 小国町","","***","","***","","13,672","","10,664","","***","","***","","2,741","","1,920","","3,226","","0.27","","***","","***","","***","","***","","***","","***",""
"1984100000","1984年度","43425","熊本県 産山村","","***","","***","","6,060","","4,373","","***","","***","","1,846","","1,150","","X","","0.13","","***","","***","","***","","***","","***","","***",""
"1984100000","1984年度","43428","熊本県 高森町","","***","","***","","17,543","","12,920","","***","","***","","3,931","","2,710","","2,121","","0.22","","***","","***","","***","","***","","***","","***",""
"1984100000","1984年度","43432","熊本県 西原村","","***","","***","","7,658","","4,547","","***","","***","","2,429","","1,610","","1,603","","0.24","","***","","***","","***","","***","","***","","***",""
"1984100000","1984年度","43433","熊本県 南阿蘇村","","***","","***","","13,790","","7,333","","***","","***","","5,158","","3,749","","-","","-","","***","","***","","***","","***","","***","","***",""
"1984100000","1984年度","43441","熊本県 御船町","","***","","***","","9,830","","5,562","","***","","***","","3,961","","2,130","","9,338","","0.32","","***","","***","","***","","***","","***","","***",""
"1984100000","1984年度","43442","熊本県 嘉島町","","***","","***","","1,680","","0","","***","","***","","2,672","","1,070","","6,022","","0.29","","***","","***","","***","","***","","***","","***",""
"1984100000","1984年度","43443","熊本県 益城町","","***","","***","","6,564","","2,208","","***","","***","","6,270","","2,810","","39,165","","0.47","","***","","***","","***","","***","","***","","***",""
"1984100000","1984年度","43444","熊本県 甲佐町","","***","","***","","5,776","","2,729","","***","","***","","4,326","","1,600","","5,425","","0.28","","***","","***","","***","","***","","***","","***",""
"1984100000","1984年度","43447","熊本県 山都町","","***","","***","","54,442","","39,193","","***","","***","","10,070","","6,730","","-","","-","","***","","***","","***","","***","","***","","***",""
"1984100000","1984年度","43468","熊本県 氷川町","","***","","***","","3,318","","341","","***","","***","","7,993","","1,885","","3,118","","-","","***","","***","","***","","***","","***","","***",""
"1984100000","1984年度","43482","熊本県 芦北町","","***","","***","","23,461","","18,260","","***","","***","","6,343","","2,476","","20,128","","-","","***","","***","","***","","***","","***","","***",""
"1984100000","1984年度","43484","熊本県 津奈木町","","***","","***","","3,303","","2,217","","***","","***","","1,869","","620","","1,599","","0.20","","***","","***","","***","","***","","***","","***",""
"1984100000","1984年度","43501","熊本県 錦町","","***","","***","","8,391","","4,964","","***","","***","","5,560","","1,940","","33,190","","0.34","","***","","***","","***","","***","","***","","***",""
"1984100000","1984年度","43505","熊本県 多良木町","","***","","***","","16,648","","13,193","","***","","***","","5,147","","1,960","","9,074","","0.30","","***","","***","","***","","***","","***","","***",""
"1984100000","1984年度","43506","熊本県 湯前町","","***","","***","","4,824","","3,747","","***","","***","","1,930","","689","","3,541","","0.19","","***","","***","","***","","***","","***","","***",""
"1984100000","1984年度","43507","熊本県 水上村","","***","","***","","19,250","","17,476","","***","","***","","919","","636","","879","","0.19","","***","","***","","***","","***","","***","","***",""
"1984100000","1984年度","43510","熊本県 相良村","","***","","***","","9,493","","7,236","","***","","***","","2,661","","1,020","","1,963","","0.21","","***","","***","","***","","***","","***","","***",""
"1984100000","1984年度","43511","熊本県 五木村","","***","","***","","25,205","","24,351","","***","","***","","510","","298","","1,475","","0.21","","***","","***","","***","","***","","***","","***",""
"1984100000","1984年度","43512","熊本県 山江村","","***","","***","","12,108","","10,685","","***","","***","","1,041","","603","","1,112","","0.13","","***","","***","","***","","***","","***","","***",""
"1984100000","1984年度","43513","熊本県 球磨村","","***","","***","","20,737","","18,327","","***","","***","","1,067","","1,030","","595","","0.16","","***","","***","","***","","***","","***","","***",""
"1984100000","1984年度","43514","熊本県 あさぎり町","","***","","***","","15,897","","10,691","","***","","***","","9,704","","3,412","","-","","-","","***","","***","","***","","***","","***","","***",""
"1984100000","1984年度","43531","熊本県 苓北町","","***","","***","","6,660","","4,343","","***","","***","","2,416","","1,060","","4,213","","0.25","","***","","***","","***","","***","","***","","***",""
"1983100000","1983年度","43100","熊本県 熊本市","","***","","***","","38,802","","***","","***","","***","","53,323","","16,044","","416,924","","-","","***","","***","","***","","***","","***","","***",""
"1983100000","1983年度","43101","熊本県 熊本市 中央区","","***","","***","","-","","***","","***","","***","","-","","-","","-","","-","","***","","***","","***","","***","","***","","***",""
"1983100000","1983年度","43102","熊本県 熊本市 東区","","***","","***","","-","","***","","***","","***","","-","","-","","-","","-","","***","","***","","***","","***","","***","","***",""
"1983100000","1983年度","43103","熊本県 熊本市 西区","","***","","***","","-","","***","","***","","***","","-","","-","","-","","-","","***","","***","","***","","***","","***","","***",""
"1983100000","1983年度","43104","熊本県 熊本市 南区","","***","","***","","-","","***","","***","","***","","-","","-","","-","","-","","***","","***","","***","","***","","***","","***",""
"1983100000","1983年度","43105","熊本県 熊本市 北区","","***","","***","","-","","***","","***","","***","","-","","-","","-","","-","","***","","***","","***","","***","","***","","***",""
"1983100000","1983年度","43202","熊本県 八代市","","***","","***","","67,892","","***","","***","","***","","37,512","","9,220","","-","","-","","***","","***","","***","","***","","***","","***",""
"1983100000","1983年度","43203","熊本県 人吉市","","***","","***","","21,077","","***","","***","","***","","4,385","","2,100","","17,103","","0.51","","***","","***","","***","","***","","***","","***",""
"1983100000","1983年度","43204","熊本県 荒尾市","","***","","***","","5,801","","***","","***","","***","","4,247","","1,970","","32,909","","0.44","","***","","***","","***","","***","","***","","***",""
"1983100000","1983年度","43205","熊本県 水俣市","","***","","***","","16,550","","***","","***","","***","","3,470","","1,530","","65,485","","0.43","","***","","***","","***","","***","","***","","***",""
"1983100000","1983年度","43206","熊本県 玉名市","","***","","***","","15,109","","***","","***","","***","","16,975","","7,990","","-","","-","","***","","***","","***","","***","","***","","***",""
"1983100000","1983年度","43208","熊本県 山鹿市","","***","","***","","29,984","","***","","***","","***","","23,952","","8,640","","39,020","","-","","***","","***","","***","","***","","***","","***",""
"1983100000","1983年度","43210","熊本県 菊池市","","***","","***","","27,582","","***","","***","","***","","28,774","","7,210","","54,384","","-","","***","","***","","***","","***","","***","","***",""
"1983100000","1983年度","43211","熊本県 宇土市","","***","","***","","7,439","","***","","***","","***","","7,470","","2,770","","61,734","","0.38","","***","","***","","***","","***","","***","","***",""
"1983100000","1983年度","43212","熊本県 上天草市","","***","","***","","12,976","","***","","***","","***","","4,280","","2,352","","15,319","","-","","***","","***","","***","","***","","***","","***",""
"1983100000","1983年度","43213","熊本県 宇城市","","***","","***","","18,922","","***","","***","","***","","23,180","","7,758","","34,905","","-","","***","","***","","***","","***","","***","","***",""
"1983100000","1983年度","43214","熊本県 阿蘇市","","***","","***","","37,609","","***","","***","","***","","12,173","","10,210","","-","","-","","***","","***","","***","","***","","***","","***",""
"1983100000","1983年度","43215","熊本県 天草市","","***","","***","","68,560","","***","","***","","***","","20,385","","10,626","","30,003","","-","","***","","***","","***","","***","","***","","***",""
"1983100000","1983年度","43216","熊本県 合志市","","***","","***","","5,449","","***","","***","","***","","10,215","","2,720","","73,583","","-","","***","","***","","***","","***","","***","","***",""
"1983100000","1983年度","43348","熊本県 美里町","","***","","***","","14,341","","***","","***","","***","","3,446","","1,739","","4,851","","-","","***","","***","","***","","***","","***","","***",""
"1983100000","1983年度","43364","熊本県 玉東町","","***","","***","","2,391","","***","","***","","***","","1,913","","829","","3,009","","0.23","","***","","***","","***","","***","","***","","***",""
"1983100000","1983年度","43367","熊本県 南関町","","***","","***","","7,007","","***","","***","","***","","3,568","","1,900","","6,093","","0.24","","***","","***","","***","","***","","***","","***",""
"1983100000","1983年度","43368","熊本県 長洲町","","***","","***","","1,928","","***","","***","","***","","1,551","","947","","84,055","","0.74","","***","","***","","***","","***","","***","","***",""
"1983100000","1983年度","43369","熊本県 和水町","","***","","***","","9,776","","***","","***","","***","","5,411","","2,600","","41,026","","-","","***","","***","","***","","***","","***","","***",""
"1983100000","1983年度","43403","熊本県 大津町","","***","","***","","9,906","","***","","***","","***","","8,371","","2,980","","122,028","","0.59","","***","","***","","***","","***","","***","","***",""
"1983100000","1983年度","43404","熊本県 菊陽町","","***","","***","","3,721","","***","","***","","***","","5,336","","1,850","","20,057","","0.50","","***","","***","","***","","***","","***","","***",""
"1983100000","1983年度","43423","熊本県 南小国町","","***","","***","","11,598","","***","","***","","***","","1,972","","1,340","","1,200","","0.17","","***","","***","","***","","***","","***","","***",""
"1983100000","1983年度","43424","熊本県 小国町","","***","","***","","13,672","","***","","***","","***","","2,618","","1,920","","3,727","","0.26","","***","","***","","***","","***","","***","","***",""
"1983100000","1983年度","43425","熊本県 産山村","","***","","***","","6,060","","***","","***","","***","","1,680","","1,140","","X","","0.12","","***","","***","","***","","***","","***","","***",""
"1983100000","1983年度","43428","熊本県 高森町","","***","","***","","17,543","","***","","***","","***","","3,730","","2,610","","2,295","","0.22","","***","","***","","***","","***","","***","","***",""
"1983100000","1983年度","43432","熊本県 西原村","","***","","***","","7,658","","***","","***","","***","","2,265","","1,600","","875","","0.23","","***","","***","","***","","***","","***","","***",""
"1983100000","1983年度","43433","熊本県 南阿蘇村","","***","","***","","13,790","","***","","***","","***","","4,909","","3,752","","-","","-","","***","","***","","***","","***","","***","","***",""
"1983100000","1983年度","43441","熊本県 御船町","","***","","***","","9,830","","***","","***","","***","","3,603","","2,140","","8,825","","0.31","","***","","***","","***","","***","","***","","***",""
"1983100000","1983年度","43442","熊本県 嘉島町","","***","","***","","1,680","","***","","***","","***","","2,260","","1,040","","5,853","","0.29","","***","","***","","***","","***","","***","","***",""
"1983100000","1983年度","43443","熊本県 益城町","","***","","***","","6,564","","***","","***","","***","","5,899","","2,830","","41,233","","0.44","","***","","***","","***","","***","","***","","***",""
"1983100000","1983年度","43444","熊本県 甲佐町","","***","","***","","5,776","","***","","***","","***","","4,098","","1,610","","6,783","","0.27","","***","","***","","***","","***","","***","","***",""
"1983100000","1983年度","43447","熊本県 山都町","","***","","***","","54,442","","***","","***","","***","","9,397","","6,760","","-","","-","","***","","***","","***","","***","","***","","***",""
"1983100000","1983年度","43468","熊本県 氷川町","","***","","***","","3,318","","***","","***","","***","","7,537","","1,897","","2,834","","-","","***","","***","","***","","***","","***","","***",""
"1983100000","1983年度","43482","熊本県 芦北町","","***","","***","","23,460","","***","","***","","***","","7,344","","2,488","","22,588","","-","","***","","***","","***","","***","","***","","***",""
"1983100000","1983年度","43484","熊本県 津奈木町","","***","","***","","3,303","","***","","***","","***","","2,046","","621","","1,809","","0.20","","***","","***","","***","","***","","***","","***",""
"1983100000","1983年度","43501","熊本県 錦町","","***","","***","","8,391","","***","","***","","***","","5,132","","1,960","","21,876","","0.31","","***","","***","","***","","***","","***","","***",""
"1983100000","1983年度","43505","熊本県 多良木町","","***","","***","","16,648","","***","","***","","***","","4,869","","1,980","","8,521","","0.28","","***","","***","","***","","***","","***","","***",""
"1983100000","1983年度","43506","熊本県 湯前町","","***","","***","","4,824","","***","","***","","***","","1,731","","692","","3,395","","0.19","","***","","***","","***","","***","","***","","***",""
"1983100000","1983年度","43507","熊本県 水上村","","***","","***","","19,250","","***","","***","","***","","864","","638","","978","","0.17","","***","","***","","***","","***","","***","","***",""
"1983100000","1983年度","43510","熊本県 相良村","","***","","***","","9,493","","***","","***","","***","","2,442","","1,020","","1,935","","0.20","","***","","***","","***","","***","","***","","***",""
"1983100000","1983年度","43511","熊本県 五木村","","***","","***","","25,205","","***","","***","","***","","521","","308","","1,236","","0.21","","***","","***","","***","","***","","***","","***",""
"1983100000","1983年度","43512","熊本県 山江村","","***","","***","","12,108","","***","","***","","***","","988","","580","","709","","0.13","","***","","***","","***","","***","","***","","***",""
"1983100000","1983年度","43513","熊本県 球磨村","","***","","***","","20,737","","***","","***","","***","","1,036","","1,020","","567","","0.16","","***","","***","","***","","***","","***","","***",""
"1983100000","1983年度","43514","熊本県 あさぎり町","","***","","***","","15,897","","***","","***","","***","","9,050","","3,432","","-","","-","","***","","***","","***","","***","","***","","***",""
"1983100000","1983年度","43531","熊本県 苓北町","","***","","***","","6,660","","***","","***","","***","","2,381","","1,070","","4,385","","0.23","","***","","***","","***","","***","","***","","***",""
"1982100000","1982年度","43100","熊本県 熊本市","","***","","***","","38,802","","***","","***","","***","","53,055","","16,177","","391,936","","-","","***","","***","","***","","***","","***","","***",""
"1982100000","1982年度","43101","熊本県 熊本市 中央区","","***","","***","","-","","***","","***","","***","","-","","-","","-","","-","","***","","***","","***","","***","","***","","***",""
"1982100000","1982年度","43102","熊本県 熊本市 東区","","***","","***","","-","","***","","***","","***","","-","","-","","-","","-","","***","","***","","***","","***","","***","","***",""
"1982100000","1982年度","43103","熊本県 熊本市 西区","","***","","***","","-","","***","","***","","***","","-","","-","","-","","-","","***","","***","","***","","***","","***","","***",""
"1982100000","1982年度","43104","熊本県 熊本市 南区","","***","","***","","-","","***","","***","","***","","-","","-","","-","","-","","***","","***","","***","","***","","***","","***",""
"1982100000","1982年度","43105","熊本県 熊本市 北区","","***","","***","","-","","***","","***","","***","","-","","-","","-","","-","","***","","***","","***","","***","","***","","***",""
"1982100000","1982年度","43202","熊本県 八代市","","***","","***","","67,861","","***","","***","","***","","41,858","","9,259","","-","","-","","***","","***","","***","","***","","***","","***",""
"1982100000","1982年度","43203","熊本県 人吉市","","***","","***","","21,077","","***","","***","","***","","4,172","","2,100","","15,928","","0.49","","***","","***","","***","","***","","***","","***",""
"1982100000","1982年度","43204","熊本県 荒尾市","","***","","***","","5,801","","***","","***","","***","","4,697","","1,990","","33,734","","0.42","","***","","***","","***","","***","","***","","***",""
"1982100000","1982年度","43205","熊本県 水俣市","","***","","***","","16,546","","***","","***","","***","","3,386","","1,520","","65,804","","0.43","","***","","***","","***","","***","","***","","***",""
"1982100000","1982年度","43206","熊本県 玉名市","","***","","***","","15,109","","***","","***","","***","","17,154","","8,030","","65,920","","-","","***","","***","","***","","***","","***","","***",""
"1982100000","1982年度","43208","熊本県 山鹿市","","***","","***","","29,984","","***","","***","","***","","22,937","","8,670","","39,969","","-","","***","","***","","***","","***","","***","","***",""
"1982100000","1982年度","43210","熊本県 菊池市","","***","","***","","27,582","","***","","***","","***","","27,592","","7,230","","47,685","","-","","***","","***","","***","","***","","***","","***",""
"1982100000","1982年度","43211","熊本県 宇土市","","***","","***","","7,439","","***","","***","","***","","7,489","","2,800","","63,760","","0.38","","***","","***","","***","","***","","***","","***",""
"1982100000","1982年度","43212","熊本県 上天草市","","***","","***","","12,975","","***","","***","","***","","3,951","","2,370","","15,240","","-","","***","","***","","***","","***","","***","","***",""
"1982100000","1982年度","43213","熊本県 宇城市","","***","","***","","18,921","","***","","***","","***","","24,070","","7,809","","33,120","","-","","***","","***","","***","","***","","***","","***",""
"1982100000","1982年度","43214","熊本県 阿蘇市","","***","","***","","37,609","","***","","***","","***","","11,071","","10,120","","-","","-","","***","","***","","***","","***","","***","","***",""
"1982100000","1982年度","43215","熊本県 天草市","","***","","***","","68,547","","***","","***","","***","","20,096","","10,666","","29,675","","-","","***","","***","","***","","***","","***","","***",""
"1982100000","1982年度","43216","熊本県 合志市","","***","","***","","5,449","","***","","***","","***","","9,787","","2,720","","50,921","","-","","***","","***","","***","","***","","***","","***",""
"1982100000","1982年度","43348","熊本県 美里町","","***","","***","","14,341","","***","","***","","***","","3,249","","1,807","","4,800","","-","","***","","***","","***","","***","","***","","***",""
"1982100000","1982年度","43364","熊本県 玉東町","","***","","***","","2,391","","***","","***","","***","","2,147","","830","","3,022","","0.23","","***","","***","","***","","***","","***","","***",""
"1982100000","1982年度","43367","熊本県 南関町","","***","","***","","7,007","","***","","***","","***","","3,632","","1,920","","5,690","","0.23","","***","","***","","***","","***","","***","","***",""
"1982100000","1982年度","43368","熊本県 長洲町","","***","","***","","1,927","","***","","***","","***","","1,587","","960","","131,505","","0.72","","***","","***","","***","","***","","***","","***",""
"1982100000","1982年度","43369","熊本県 和水町","","***","","***","","9,776","","***","","***","","***","","5,446","","2,640","","27,769","","-","","***","","***","","***","","***","","***","","***",""
"1982100000","1982年度","43403","熊本県 大津町","","***","","***","","9,906","","***","","***","","***","","8,033","","2,990","","107,877","","0.58","","***","","***","","***","","***","","***","","***",""
"1982100000","1982年度","43404","熊本県 菊陽町","","***","","***","","3,721","","***","","***","","***","","5,188","","1,860","","19,716","","0.49","","***","","***","","***","","***","","***","","***",""
"1982100000","1982年度","43423","熊本県 南小国町","","***","","***","","11,598","","***","","***","","***","","1,799","","1,340","","1,043","","0.17","","***","","***","","***","","***","","***","","***",""
"1982100000","1982年度","43424","熊本県 小国町","","***","","***","","13,672","","***","","***","","***","","2,251","","1,930","","3,614","","0.25","","***","","***","","***","","***","","***","","***",""
"1982100000","1982年度","43425","熊本県 産山村","","***","","***","","6,060","","***","","***","","***","","1,436","","1,140","","X","","0.11","","***","","***","","***","","***","","***","","***",""
"1982100000","1982年度","43428","熊本県 高森町","","***","","***","","17,543","","***","","***","","***","","3,201","","2,630","","2,441","","0.22","","***","","***","","***","","***","","***","","***",""
"1982100000","1982年度","43432","熊本県 西原村","","***","","***","","7,658","","***","","***","","***","","1,956","","1,590","","738","","0.21","","***","","***","","***","","***","","***","","***",""
"1982100000","1982年度","43433","熊本県 南阿蘇村","","***","","***","","13,790","","***","","***","","***","","4,439","","3,756","","-","","-","","***","","***","","***","","***","","***","","***",""
"1982100000","1982年度","43441","熊本県 御船町","","***","","***","","9,830","","***","","***","","***","","3,401","","2,140","","7,779","","0.31","","***","","***","","***","","***","","***","","***",""
"1982100000","1982年度","43442","熊本県 嘉島町","","***","","***","","1,680","","***","","***","","***","","2,129","","1,080","","5,548","","0.29","","***","","***","","***","","***","","***","","***",""
"1982100000","1982年度","43443","熊本県 益城町","","***","","***","","6,564","","***","","***","","***","","5,745","","2,850","","33,382","","0.42","","***","","***","","***","","***","","***","","***",""
"1982100000","1982年度","43444","熊本県 甲佐町","","***","","***","","5,776","","***","","***","","***","","4,067","","1,620","","6,515","","0.27","","***","","***","","***","","***","","***","","***",""
"1982100000","1982年度","43447","熊本県 山都町","","***","","***","","54,442","","***","","***","","***","","8,602","","6,760","","6,241","","-","","***","","***","","***","","***","","***","","***",""
"1982100000","1982年度","43468","熊本県 氷川町","","***","","***","","3,318","","***","","***","","***","","8,396","","1,909","","2,575","","-","","***","","***","","***","","***","","***","","***",""
"1982100000","1982年度","43482","熊本県 芦北町","","***","","***","","23,460","","***","","***","","***","","7,079","","2,480","","20,584","","-","","***","","***","","***","","***","","***","","***",""
"1982100000","1982年度","43484","熊本県 津奈木町","","***","","***","","3,301","","***","","***","","***","","2,141","","611","","1,502","","0.19","","***","","***","","***","","***","","***","","***",""
"1982100000","1982年度","43501","熊本県 錦町","","***","","***","","8,391","","***","","***","","***","","4,869","","1,960","","18,510","","0.30","","***","","***","","***","","***","","***","","***",""
"1982100000","1982年度","43505","熊本県 多良木町","","***","","***","","16,648","","***","","***","","***","","4,327","","1,980","","5,710","","0.27","","***","","***","","***","","***","","***","","***",""
"1982100000","1982年度","43506","熊本県 湯前町","","***","","***","","4,824","","***","","***","","***","","1,610","","692","","3,098","","0.19","","***","","***","","***","","***","","***","","***",""
"1982100000","1982年度","43507","熊本県 水上村","","***","","***","","19,250","","***","","***","","***","","798","","638","","821","","0.15","","***","","***","","***","","***","","***","","***",""
"1982100000","1982年度","43510","熊本県 相良村","","***","","***","","9,493","","***","","***","","***","","2,362","","1,030","","1,300","","0.20","","***","","***","","***","","***","","***","","***",""
"1982100000","1982年度","43511","熊本県 五木村","","***","","***","","25,205","","***","","***","","***","","466","","316","","910","","0.20","","***","","***","","***","","***","","***","","***",""
"1982100000","1982年度","43512","熊本県 山江村","","***","","***","","12,108","","***","","***","","***","","959","","577","","X","","0.13","","***","","***","","***","","***","","***","","***",""
"1982100000","1982年度","43513","熊本県 球磨村","","***","","***","","20,737","","***","","***","","***","","988","","1,010","","465","","0.15","","***","","***","","***","","***","","***","","***",""
"1982100000","1982年度","43514","熊本県 あさぎり町","","***","","***","","15,897","","***","","***","","***","","8,589","","3,436","","-","","-","","***","","***","","***","","***","","***","","***",""
"1982100000","1982年度","43531","熊本県 苓北町","","***","","***","","6,660","","***","","***","","***","","2,318","","1,070","","3,742","","0.23","","***","","***","","***","","***","","***","","***",""
"1981100000","1981年度","43100","熊本県 熊本市","","***","","***","","38,802","","***","","***","","***","","54,993","","-","","373,684","","-","","***","","***","","***","","***","","***","","***",""
"1981100000","1981年度","43101","熊本県 熊本市 中央区","","***","","***","","-","","***","","***","","***","","-","","-","","-","","-","","***","","***","","***","","***","","***","","***",""
"1981100000","1981年度","43102","熊本県 熊本市 東区","","***","","***","","-","","***","","***","","***","","-","","-","","-","","-","","***","","***","","***","","***","","***","","***",""
"1981100000","1981年度","43103","熊本県 熊本市 西区","","***","","***","","-","","***","","***","","***","","-","","-","","-","","-","","***","","***","","***","","***","","***","","***",""
"1981100000","1981年度","43104","熊本県 熊本市 南区","","***","","***","","-","","***","","***","","***","","-","","-","","-","","-","","***","","***","","***","","***","","***","","***",""
"1981100000","1981年度","43105","熊本県 熊本市 北区","","***","","***","","-","","***","","***","","***","","-","","-","","-","","-","","***","","***","","***","","***","","***","","***",""
"1981100000","1981年度","43202","熊本県 八代市","","***","","***","","67,861","","***","","***","","***","","36,033","","-","","-","","-","","***","","***","","***","","***","","***","","***",""
"1981100000","1981年度","43203","熊本県 人吉市","","***","","***","","21,077","","***","","***","","***","","4,375","","-","","16,505","","0.47","","***","","***","","***","","***","","***","","***",""
"1981100000","1981年度","43204","熊本県 荒尾市","","***","","***","","5,801","","***","","***","","***","","4,803","","-","","33,788","","0.42","","***","","***","","***","","***","","***","","***",""
"1981100000","1981年度","43205","熊本県 水俣市","","***","","***","","16,546","","***","","***","","***","","3,535","","-","","60,826","","0.43","","***","","***","","***","","***","","***","","***",""
"1981100000","1981年度","43206","熊本県 玉名市","","***","","***","","15,109","","***","","***","","***","","17,520","","-","","65,119","","-","","***","","***","","***","","***","","***","","***",""
"1981100000","1981年度","43208","熊本県 山鹿市","","***","","***","","29,984","","***","","***","","***","","22,020","","-","","42,034","","-","","***","","***","","***","","***","","***","","***",""
"1981100000","1981年度","43210","熊本県 菊池市","","***","","***","","27,582","","***","","***","","***","","27,630","","-","","41,029","","-","","***","","***","","***","","***","","***","","***",""
"1981100000","1981年度","43211","熊本県 宇土市","","***","","***","","7,438","","***","","***","","***","","7,841","","-","","64,643","","0.38","","***","","***","","***","","***","","***","","***",""
"1981100000","1981年度","43212","熊本県 上天草市","","***","","***","","12,963","","***","","***","","***","","3,982","","-","","13,699","","-","","***","","***","","***","","***","","***","","***",""
"1981100000","1981年度","43213","熊本県 宇城市","","***","","***","","18,920","","***","","***","","***","","23,574","","-","","32,867","","-","","***","","***","","***","","***","","***","","***",""
"1981100000","1981年度","43214","熊本県 阿蘇市","","***","","***","","37,609","","***","","***","","***","","11,999","","-","","17,263","","-","","***","","***","","***","","***","","***","","***",""
"1981100000","1981年度","43215","熊本県 天草市","","***","","***","","68,535","","***","","***","","***","","20,583","","-","","28,996","","-","","***","","***","","***","","***","","***","","***",""
"1981100000","1981年度","43216","熊本県 合志市","","***","","***","","5,449","","***","","***","","***","","10,762","","-","","39,807","","-","","***","","***","","***","","***","","***","","***",""
"1981100000","1981年度","43348","熊本県 美里町","","***","","***","","14,341","","***","","***","","***","","3,254","","-","","5,228","","-","","***","","***","","***","","***","","***","","***",""
"1981100000","1981年度","43364","熊本県 玉東町","","***","","***","","2,391","","***","","***","","***","","2,144","","-","","2,869","","0.22","","***","","***","","***","","***","","***","","***",""
"1981100000","1981年度","43367","熊本県 南関町","","***","","***","","7,007","","***","","***","","***","","3,659","","-","","4,292","","0.23","","***","","***","","***","","***","","***","","***",""
"1981100000","1981年度","43368","熊本県 長洲町","","***","","***","","1,927","","***","","***","","***","","1,638","","-","","107,174","","0.74","","***","","***","","***","","***","","***","","***",""
"1981100000","1981年度","43369","熊本県 和水町","","***","","***","","9,776","","***","","***","","***","","5,348","","-","","20,576","","-","","***","","***","","***","","***","","***","","***",""
"1981100000","1981年度","43403","熊本県 大津町","","***","","***","","9,906","","***","","***","","***","","8,156","","-","","91,154","","0.55","","***","","***","","***","","***","","***","","***",""
"1981100000","1981年度","43404","熊本県 菊陽町","","***","","***","","3,721","","***","","***","","***","","5,429","","-","","17,449","","0.47","","***","","***","","***","","***","","***","","***",""
"1981100000","1981年度","43423","熊本県 南小国町","","***","","***","","11,598","","***","","***","","***","","1,429","","-","","1,013","","0.17","","***","","***","","***","","***","","***","","***",""
"1981100000","1981年度","43424","熊本県 小国町","","***","","***","","13,672","","***","","***","","***","","2,398","","-","","3,559","","0.25","","***","","***","","***","","***","","***","","***",""
"1981100000","1981年度","43425","熊本県 産山村","","***","","***","","6,060","","***","","***","","***","","1,572","","-","","X","","0.11","","***","","***","","***","","***","","***","","***",""
"1981100000","1981年度","43428","熊本県 高森町","","***","","***","","17,543","","***","","***","","***","","3,448","","-","","2,226","","0.22","","***","","***","","***","","***","","***","","***",""
"1981100000","1981年度","43432","熊本県 西原村","","***","","***","","7,658","","***","","***","","***","","1,919","","-","","776","","0.21","","***","","***","","***","","***","","***","","***",""
"1981100000","1981年度","43433","熊本県 南阿蘇村","","***","","***","","13,790","","***","","***","","***","","4,670","","-","","-","","-","","***","","***","","***","","***","","***","","***",""
"1981100000","1981年度","43441","熊本県 御船町","","***","","***","","9,830","","***","","***","","***","","3,495","","-","","8,075","","0.30","","***","","***","","***","","***","","***","","***",""
"1981100000","1981年度","43442","熊本県 嘉島町","","***","","***","","1,680","","***","","***","","***","","2,348","","-","","5,498","","0.29","","***","","***","","***","","***","","***","","***",""
"1981100000","1981年度","43443","熊本県 益城町","","***","","***","","6,564","","***","","***","","***","","6,126","","-","","28,273","","0.39","","***","","***","","***","","***","","***","","***",""
"1981100000","1981年度","43444","熊本県 甲佐町","","***","","***","","5,776","","***","","***","","***","","4,061","","-","","6,961","","0.27","","***","","***","","***","","***","","***","","***",""
"1981100000","1981年度","43447","熊本県 山都町","","***","","***","","54,442","","***","","***","","***","","9,403","","-","","7,415","","-","","***","","***","","***","","***","","***","","***",""
"1981100000","1981年度","43468","熊本県 氷川町","","***","","***","","3,318","","***","","***","","***","","7,508","","-","","2,419","","-","","***","","***","","***","","***","","***","","***",""
"1981100000","1981年度","43482","熊本県 芦北町","","***","","***","","23,460","","***","","***","","***","","6,625","","-","","21,514","","-","","***","","***","","***","","***","","***","","***",""
"1981100000","1981年度","43484","熊本県 津奈木町","","***","","***","","3,301","","***","","***","","***","","2,139","","-","","1,642","","0.18","","***","","***","","***","","***","","***","","***",""
"1981100000","1981年度","43501","熊本県 錦町","","***","","***","","8,391","","***","","***","","***","","5,158","","-","","12,449","","0.27","","***","","***","","***","","***","","***","","***",""
"1981100000","1981年度","43505","熊本県 多良木町","","***","","***","","16,648","","***","","***","","***","","4,341","","-","","5,862","","0.26","","***","","***","","***","","***","","***","","***",""
"1981100000","1981年度","43506","熊本県 湯前町","","***","","***","","4,824","","***","","***","","***","","1,704","","-","","3,652","","0.19","","***","","***","","***","","***","","***","","***",""
"1981100000","1981年度","43507","熊本県 水上村","","***","","***","","19,250","","***","","***","","***","","846","","-","","867","","0.14","","***","","***","","***","","***","","***","","***",""
"1981100000","1981年度","43510","熊本県 相良村","","***","","***","","9,493","","***","","***","","***","","2,480","","-","","1,540","","0.19","","***","","***","","***","","***","","***","","***",""
"1981100000","1981年度","43511","熊本県 五木村","","***","","***","","25,205","","***","","***","","***","","510","","-","","857","","0.21","","***","","***","","***","","***","","***","","***",""
"1981100000","1981年度","43512","熊本県 山江村","","***","","***","","12,108","","***","","***","","***","","956","","-","","X","","0.12","","***","","***","","***","","***","","***","","***",""
"1981100000","1981年度","43513","熊本県 球磨村","","***","","***","","20,737","","***","","***","","***","","1,067","","-","","325","","0.14","","***","","***","","***","","***","","***","","***",""
"1981100000","1981年度","43514","熊本県 あさぎり町","","***","","***","","15,897","","***","","***","","***","","8,752","","-","","-","","-","","***","","***","","***","","***","","***","","***",""
"1981100000","1981年度","43531","熊本県 苓北町","","***","","***","","6,656","","***","","***","","***","","2,421","","-","","3,786","","0.23","","***","","***","","***","","***","","***","","***",""
"1980100000","1980年度","43100","熊本県 熊本市","","619,236","","***","","***","","6,084","","***","","***","","53,141","","-","","331,255","","-","","***","","***","","9.397","","***","","***","","12.6",""
"1980100000","1980年度","43101","熊本県 熊本市 中央区","","-","","***","","***","","-","","***","","***","","-","","-","","-","","-","","***","","***","","-","","***","","***","","-",""
"1980100000","1980年度","43102","熊本県 熊本市 東区","","-","","***","","***","","-","","***","","***","","-","","-","","-","","-","","***","","***","","-","","***","","***","","-",""
"1980100000","1980年度","43103","熊本県 熊本市 西区","","-","","***","","***","","-","","***","","***","","-","","-","","-","","-","","***","","***","","-","","***","","***","","-",""
"1980100000","1980年度","43104","熊本県 熊本市 南区","","-","","***","","***","","-","","***","","***","","-","","-","","-","","-","","***","","***","","-","","***","","***","","-",""
"1980100000","1980年度","43105","熊本県 熊本市 北区","","-","","***","","***","","-","","***","","***","","-","","-","","-","","-","","***","","***","","-","","***","","***","","-",""
"1980100000","1980年度","43202","熊本県 八代市","","150,389","","***","","***","","48,641","","***","","***","","35,295","","-","","-","","-","","***","","***","","10.761","","***","","***","","6.6",""
"1980100000","1980年度","43203","熊本県 人吉市","","42,236","","***","","***","","16,077","","***","","***","","4,180","","-","","17,750","","0.46","","***","","***","","11.386","","***","","***","","21.3",""
"1980100000","1980年度","43204","熊本県 荒尾市","","61,485","","***","","***","","897","","***","","***","","4,389","","-","","32,922","","0.41","","***","","***","","11.336","","***","","***","","4.9",""
"1980100000","1980年度","43205","熊本県 水俣市","","37,150","","***","","***","","12,801","","***","","***","","3,159","","-","","68,919","","0.43","","***","","***","","13.163","","***","","***","","18.8",""
"1980100000","1980年度","43206","熊本県 玉名市","","72,324","","***","","***","","2,754","","***","","***","","16,053","","-","","-","","-","","***","","***","","12.642","","***","","***","","2.8",""
"1980100000","1980年度","43208","熊本県 山鹿市","","62,839","","***","","***","","14,980","","***","","***","","21,727","","-","","39,899","","-","","***","","***","","14.892","","***","","***","","11.1",""
"1980100000","1980年度","43210","熊本県 菊池市","","49,527","","***","","***","","14,537","","***","","***","","24,313","","-","","34,938","","-","","***","","***","","13.879","","***","","***","","6.1",""
"1980100000","1980年度","43211","熊本県 宇土市","","32,954","","***","","***","","2,501","","***","","***","","7,123","","-","","70,007","","0.37","","***","","***","","12.172","","***","","***","","3.0",""
"1980100000","1980年度","43212","熊本県 上天草市","","40,682","","***","","***","","7,022","","***","","***","","3,964","","-","","12,601","","-","","***","","***","","14.237","","***","","***","","2.5",""
"1980100000","1980年度","43213","熊本県 宇城市","","62,412","","***","","***","","5,519","","***","","***","","21,815","","-","","33,244","","-","","***","","***","","13.212","","***","","***","","8.0",""
"1980100000","1980年度","43214","熊本県 阿蘇市","","34,004","","***","","***","","21,056","","***","","***","","10,598","","-","","16,083","","-","","***","","***","","13.166","","***","","***","","8.8",""
"1980100000","1980年度","43215","熊本県 天草市","","121,574","","***","","***","","43,509","","***","","***","","18,927","","-","","27,771","","-","","***","","***","","14.881","","***","","***","","9.9",""
"1980100000","1980年度","43216","熊本県 合志市","","31,856","","***","","***","","653","","***","","***","","9,571","","-","","27,875","","-","","***","","***","","9.675","","***","","***","","9.4",""
"1980100000","1980年度","43348","熊本県 美里町","","14,727","","***","","***","","10,206","","***","","***","","3,386","","-","","5,528","","-","","***","","***","","16.242","","***","","***","","13.6",""
"1980100000","1980年度","43364","熊本県 玉東町","","6,315","","***","","***","","725","","***","","***","","1,965","","-","","2,771","","0.21","","***","","***","","13.808","","***","","***","","0.0",""
"1980100000","1980年度","43367","熊本県 南関町","","12,498","","***","","***","","3,209","","***","","***","","3,503","","-","","4,856","","0.22","","***","","***","","17.187","","***","","***","","0.0",""
"1980100000","1980年度","43368","熊本県 長洲町","","16,715","","***","","***","","40","","***","","***","","1,404","","-","","92,502","","0.77","","***","","***","","11.780","","***","","***","","6.0",""
"1980100000","1980年度","43369","熊本県 和水町","","13,972","","***","","***","","4,410","","***","","***","","4,806","","-","","13,770","","-","","***","","***","","17.764","","***","","***","","7.2",""
"1980100000","1980年度","43403","熊本県 大津町","","19,894","","***","","***","","5,060","","***","","***","","7,155","","-","","82,708","","0.54","","***","","***","","12.989","","***","","***","","5.0",""
"1980100000","1980年度","43404","熊本県 菊陽町","","20,152","","***","","***","","502","","***","","***","","5,055","","-","","12,858","","0.45","","***","","***","","8.540","","***","","***","","14.9",""
"1980100000","1980年度","43423","熊本県 南小国町","","5,319","","***","","***","","9,604","","***","","***","","1,251","","-","","1,094","","0.17","","***","","***","","14.552","","***","","***","","0.0",""
"1980100000","1980年度","43424","熊本県 小国町","","10,813","","***","","***","","10,570","","***","","***","","2,280","","-","","3,750","","0.26","","***","","***","","13.798","","***","","***","","9.2",""
"1980100000","1980年度","43425","熊本県 産山村","","1,981","","***","","***","","4,347","","***","","***","","1,591","","-","","X","","0.11","","***","","***","","14.134","","***","","***","","0.0",""
"1980100000","1980年度","43428","熊本県 高森町","","8,806","","***","","***","","13,324","","***","","***","","3,541","","-","","2,361","","0.22","","***","","***","","13.116","","***","","***","","0.0",""
"1980100000","1980年度","43432","熊本県 西原村","","4,824","","***","","***","","5,061","","***","","***","","1,825","","-","","821","","0.21","","***","","***","","15.174","","***","","***","","0.0",""
"1980100000","1980年度","43433","熊本県 南阿蘇村","","13,010","","***","","***","","8,199","","***","","***","","4,121","","-","","-","","-","","***","","***","","13.605","","***","","***","","7.7",""
"1980100000","1980年度","43441","熊本県 御船町","","17,536","","***","","***","","5,453","","***","","***","","3,351","","-","","7,488","","0.29","","***","","***","","13.298","","***","","***","","0.0",""
"1980100000","1980年度","43442","熊本県 嘉島町","","7,731","","***","","***","","0","","***","","***","","2,089","","-","","5,492","","0.27","","***","","***","","13.957","","***","","***","","25.9",""
"1980100000","1980年度","43443","熊本県 益城町","","24,269","","***","","***","","2,149","","***","","***","","5,975","","-","","30,509","","0.37","","***","","***","","11.797","","***","","***","","12.4",""
"1980100000","1980年度","43444","熊本県 甲佐町","","12,989","","***","","***","","2,652","","***","","***","","3,953","","-","","7,111","","0.26","","***","","***","","15.736","","***","","***","","15.4",""
"1980100000","1980年度","43447","熊本県 山都町","","26,336","","***","","***","","39,461","","***","","***","","9,103","","-","","5,914","","-","","***","","***","","14.588","","***","","***","","15.2",""
"1980100000","1980年度","43468","熊本県 氷川町","","14,624","","***","","***","","330","","***","","***","","7,068","","-","","2,443","","-","","***","","***","","10.968","","***","","***","","0.0",""
"1980100000","1980年度","43482","熊本県 芦北町","","27,413","","***","","***","","16,726","","***","","***","","5,854","","-","","20,650","","-","","***","","***","","14.274","","***","","***","","3.6",""
"1980100000","1980年度","43484","熊本県 津奈木町","","6,053","","***","","***","","2,312","","***","","***","","1,652","","-","","1,720","","0.17","","***","","***","","15.959","","***","","***","","0.0",""
"1980100000","1980年度","43501","熊本県 錦町","","10,679","","***","","***","","4,883","","***","","***","","4,835","","-","","10,240","","0.26","","***","","***","","11.705","","***","","***","","0.0",""
"1980100000","1980年度","43505","熊本県 多良木町","","14,598","","***","","***","","13,028","","***","","***","","4,098","","-","","6,014","","0.26","","***","","***","","11.604","","***","","***","","6.9",""
"1980100000","1980年度","43506","熊本県 湯前町","","6,038","","***","","***","","3,727","","***","","***","","1,560","","-","","3,749","","0.19","","***","","***","","13.779","","***","","***","","0.0",""
"1980100000","1980年度","43507","熊本県 水上村","","3,668","","***","","***","","17,647","","***","","***","","808","","-","","994","","0.13","","***","","***","","15.349","","***","","***","","27.3",""
"1980100000","1980年度","43510","熊本県 相良村","","5,932","","***","","***","","7,268","","***","","***","","2,189","","-","","1,438","","0.19","","***","","***","","13.115","","***","","***","","0.0",""
"1980100000","1980年度","43511","熊本県 五木村","","3,086","","***","","***","","24,255","","***","","***","","448","","-","","819","","0.20","","***","","***","","14.971","","***","","***","","0.0",""
"1980100000","1980年度","43512","熊本県 山江村","","4,276","","***","","***","","10,729","","***","","***","","933","","-","","X","","0.12","","***","","***","","11.296","","***","","***","","0.0",""
"1980100000","1980年度","43513","熊本県 球磨村","","6,984","","***","","***","","18,309","","***","","***","","1,027","","-","","388","","0.14","","***","","***","","13.159","","***","","***","","0.0",""
"1980100000","1980年度","43514","熊本県 あさぎり町","","19,524","","***","","***","","10,621","","***","","***","","7,899","","-","","-","","-","","***","","***","","11.955","","***","","***","","5.1",""
"1980100000","1980年度","43531","熊本県 苓北町","","10,897","","***","","***","","4,155","","***","","***","","2,306","","-","","3,874","","0.22","","***","","***","","14.747","","***","","***","","27.5",""
