"表題：","都道府県・市区町村のすがた（社会・人口統計体系）"
"公開日：","2026年06月19日"

"***","調査又は集計していないもの"
"-","データが得られないもの"
"X","数値が秘匿されているもの"

"","","","","/項目 コード","B1101","","B1106","","C120110","","C3107","","C3401","","D2201","","E2101","","E3101","","H6101","","H6103","","H6104","","I5101",""
"調査年 コード","調査年","地域 コード","地域","/項目","B1101_総面積（北方地域及び竹島を除く）【ｈａ】","注釈","B1106_森林面積【ｈａ】","注釈","C120110_課税対象所得【千円】","注釈","C3107_耕地面積【ｈａ】","注釈","C3401_製造品出荷額等【百万円】","注釈","D2201_財政力指数（市町村財政）【‐】","注釈","E2101_小学校数【校】","注釈","E3101_中学校数【校】","注釈","H6101_小売店数（事業所・企業統計調査結果）【事業所】","注釈","H6103_大型小売店数（事業所・企業統計調査結果）【事業所】","注釈","H6104_百貨店、総合スーパー数（事業所・企業統計調査結果）【事業所】","注釈","I5101_病院数【施設】","注釈"
"2024100000","2024年度","43100","熊本県 熊本市","","39,032","","***","","1,157,469,294","","10,700","","***","","***","","93","","53","","***","","***","","***","","***",""
"2024100000","2024年度","43101","熊本県 熊本市 中央区","","2,545","","***","","-","","-","","***","","***","","20","","19","","***","","***","","***","","***",""
"2024100000","2024年度","43102","熊本県 熊本市 東区","","5,019","","***","","-","","-","","***","","***","","18","","10","","***","","***","","***","","***",""
"2024100000","2024年度","43103","熊本県 熊本市 西区","","8,933","","***","","-","","-","","***","","***","","13","","7","","***","","***","","***","","***",""
"2024100000","2024年度","43104","熊本県 熊本市 南区","","11,001","","***","","-","","-","","***","","***","","21","","8","","***","","***","","***","","***",""
"2024100000","2024年度","43105","熊本県 熊本市 北区","","11,534","","***","","-","","-","","***","","***","","21","","9","","***","","***","","***","","***",""
"2024100000","2024年度","43202","熊本県 八代市","","68,130","","***","","148,435,709","","6,860","","***","","***","","24","","16","","***","","***","","***","","***",""
"2024100000","2024年度","43203","熊本県 人吉市","","21,055","","***","","35,723,328","","1,390","","***","","***","","6","","3","","***","","***","","***","","***",""
"2024100000","2024年度","43204","熊本県 荒尾市","","5,737","","***","","57,515,955","","1,260","","***","","***","","10","","3","","***","","***","","***","","***",""
"2024100000","2024年度","43205","熊本県 水俣市","","16,329","","***","","23,664,988","","806","","***","","***","","8","","5","","***","","***","","***","","***",""
"2024100000","2024年度","43206","熊本県 玉名市","","15,260","","***","","76,052,193","","6,070","","***","","***","","15","","7","","***","","***","","***","","***",""
"2024100000","2024年度","43208","熊本県 山鹿市","","29,969","","***","","52,081,733","","6,680","","***","","***","","8","","5","","***","","***","","***","","***",""
"2024100000","2024年度","43210","熊本県 菊池市","","27,685","","***","","52,301,581","","5,780","","***","","***","","10","","5","","***","","***","","***","","***",""
"2024100000","2024年度","43211","熊本県 宇土市","","7,430","","***","","44,705,055","","1,750","","***","","***","","7","","4","","***","","***","","***","","***",""
"2024100000","2024年度","43212","熊本県 上天草市","","12,667","","***","","25,495,329","","981","","***","","***","","11","","5","","***","","***","","***","","***",""
"2024100000","2024年度","43213","熊本県 宇城市","","18,867","","***","","66,168,147","","5,370","","***","","***","","12","","5","","***","","***","","***","","***",""
"2024100000","2024年度","43214","熊本県 阿蘇市","","37,630","","***","","27,767,577","","8,450","","***","","***","","5","","3","","***","","***","","***","","***",""
"2024100000","2024年度","43215","熊本県 天草市","","68,382","","***","","76,952,318","","4,660","","***","","***","","17","","13","","***","","***","","***","","***",""
"2024100000","2024年度","43216","熊本県 合志市","","5,319","","***","","94,309,428","","2,000","","***","","***","","8","","4","","***","","***","","***","","***",""
"2024100000","2024年度","43348","熊本県 美里町","","14,400","","***","","7,996,288","","1,110","","***","","***","","3","","2","","***","","***","","***","","***",""
"2024100000","2024年度","43364","熊本県 玉東町","","2,433","","***","","5,454,861","","737","","***","","***","","2","","1","","***","","***","","***","","***",""
"2024100000","2024年度","43367","熊本県 南関町","","6,892","","***","","8,677,361","","1,300","","***","","***","","4","","1","","***","","***","","***","","***",""
"2024100000","2024年度","43368","熊本県 長洲町","","1,944","","***","","16,645,822","","655","","***","","***","","4","","1","","***","","***","","***","","***",""
"2024100000","2024年度","43369","熊本県 和水町","","9,878","","***","","8,746,025","","1,920","","***","","***","","2","","2","","***","","***","","***","","***",""
"2024100000","2024年度","43403","熊本県 大津町","","9,910","","***","","57,212,373","","2,140","","***","","***","","7","","2","","***","","***","","***","","***",""
"2024100000","2024年度","43404","熊本県 菊陽町","","3,746","","***","","77,447,788","","1,330","","***","","***","","6","","2","","***","","***","","***","","***",""
"2024100000","2024年度","43423","熊本県 南小国町","","11,590","","***","","4,008,521","","727","","***","","***","","3","","1","","***","","***","","***","","***",""
"2024100000","2024年度","43424","熊本県 小国町","","13,694","","***","","6,691,309","","1,010","","***","","***","","1","","1","","***","","***","","***","","***",""
"2024100000","2024年度","43425","熊本県 産山村","","6,081","","***","","1,248,546","","830","","***","","***","","0","","0","","***","","***","","***","","***",""
"2024100000","2024年度","43428","熊本県 高森町","","17,506","","***","","5,562,801","","1,950","","***","","***","","1","","1","","***","","***","","***","","***",""
"2024100000","2024年度","43432","熊本県 西原村","","7,722","","***","","8,640,175","","1,010","","***","","***","","2","","1","","***","","***","","***","","***",""
"2024100000","2024年度","43433","熊本県 南阿蘇村","","13,732","","***","","10,081,531","","3,180","","***","","***","","3","","1","","***","","***","","***","","***",""
"2024100000","2024年度","43441","熊本県 御船町","","9,903","","***","","19,638,171","","1,270","","***","","***","","6","","1","","***","","***","","***","","***",""
"2024100000","2024年度","43442","熊本県 嘉島町","","1,665","","***","","14,469,990","","751","","***","","***","","2","","1","","***","","***","","***","","***",""
"2024100000","2024年度","43443","熊本県 益城町","","6,568","","***","","42,191,076","","2,090","","***","","***","","5","","2","","***","","***","","***","","***",""
"2024100000","2024年度","43444","熊本県 甲佐町","","5,793","","***","","9,633,718","","1,190","","***","","***","","4","","1","","***","","***","","***","","***",""
"2024100000","2024年度","43447","熊本県 山都町","","54,467","","***","","11,557,422","","4,780","","***","","***","","5","","3","","***","","***","","***","","***",""
"2024100000","2024年度","43468","熊本県 氷川町","","3,336","","***","","11,222,938","","1,510","","***","","***","","3","","2","","***","","***","","***","","***",""
"2024100000","2024年度","43482","熊本県 芦北町","","23,401","","***","","14,086,091","","1,440","","***","","***","","5","","3","","***","","***","","***","","***",""
"2024100000","2024年度","43484","熊本県 津奈木町","","3,408","","***","","3,658,187","","272","","***","","***","","1","","1","","***","","***","","***","","***",""
"2024100000","2024年度","43501","熊本県 錦町","","8,504","","***","","10,937,069","","1,550","","***","","***","","3","","1","","***","","***","","***","","***",""
"2024100000","2024年度","43505","熊本県 多良木町","","16,586","","***","","9,118,317","","1,630","","***","","***","","6","","1","","***","","***","","***","","***",""
"2024100000","2024年度","43506","熊本県 湯前町","","4,837","","***","","3,302,882","","553","","***","","***","","1","","1","","***","","***","","***","","***",""
"2024100000","2024年度","43507","熊本県 水上村","","19,096","","***","","1,709,939","","349","","***","","***","","0","","0","","***","","***","","***","","***",""
"2024100000","2024年度","43510","熊本県 相良村","","9,454","","***","","3,801,911","","791","","***","","***","","2","","1","","***","","***","","***","","***",""
"2024100000","2024年度","43511","熊本県 五木村","","25,292","","***","","1,014,829","","73","","***","","***","","1","","1","","***","","***","","***","","***",""
"2024100000","2024年度","43512","熊本県 山江村","","12,119","","***","","2,967,026","","371","","***","","***","","2","","1","","***","","***","","***","","***",""
"2024100000","2024年度","43513","熊本県 球磨村","","20,758","","***","","2,266,180","","556","","***","","***","","0","","0","","***","","***","","***","","***",""
"2024100000","2024年度","43514","熊本県 あさぎり町","","15,956","","***","","14,326,615","","2,860","","***","","***","","5","","1","","***","","***","","***","","***",""
"2024100000","2024年度","43531","熊本県 苓北町","","6,758","","***","","6,105,332","","594","","***","","***","","4","","1","","***","","***","","***","","***",""
"2023100000","2023年度","43100","熊本県 熊本市","","39,032","","***","","1,144,773,638","","10,800","","469,450","","***","","93","","52","","***","","***","","***","","91",""
"2023100000","2023年度","43101","熊本県 熊本市 中央区","","2,545","","***","","-","","-","","15,636","","***","","20","","18","","***","","***","","***","","35",""
"2023100000","2023年度","43102","熊本県 熊本市 東区","","5,019","","***","","-","","-","","93,191","","***","","18","","10","","***","","***","","***","","17",""
"2023100000","2023年度","43103","熊本県 熊本市 西区","","8,933","","***","","-","","-","","26,838","","***","","13","","7","","***","","***","","***","","8",""
"2023100000","2023年度","43104","熊本県 熊本市 南区","","11,001","","***","","-","","-","","152,568","","***","","21","","8","","***","","***","","***","","16",""
"2023100000","2023年度","43105","熊本県 熊本市 北区","","11,534","","***","","-","","-","","181,216","","***","","21","","9","","***","","***","","***","","15",""
"2023100000","2023年度","43202","熊本県 八代市","","68,129","","***","","147,408,497","","6,880","","292,032","","***","","24","","16","","***","","***","","***","","10",""
"2023100000","2023年度","43203","熊本県 人吉市","","21,055","","***","","36,845,896","","1,400","","22,077","","***","","6","","3","","***","","***","","***","","9",""
"2023100000","2023年度","43204","熊本県 荒尾市","","5,737","","***","","56,288,778","","1,280","","53,120","","***","","10","","3","","***","","***","","***","","5",""
"2023100000","2023年度","43205","熊本県 水俣市","","16,329","","***","","24,223,835","","811","","49,796","","***","","8","","5","","***","","***","","***","","7",""
"2023100000","2023年度","43206","熊本県 玉名市","","15,260","","***","","76,500,729","","6,080","","57,622","","***","","15","","7","","***","","***","","***","","4",""
"2023100000","2023年度","43208","熊本県 山鹿市","","29,969","","***","","53,507,292","","6,710","","70,951","","***","","8","","5","","***","","***","","***","","6",""
"2023100000","2023年度","43210","熊本県 菊池市","","27,685","","***","","52,502,233","","5,790","","199,004","","***","","10","","5","","***","","***","","***","","5",""
"2023100000","2023年度","43211","熊本県 宇土市","","7,430","","***","","43,716,987","","1,760","","102,948","","***","","7","","4","","***","","***","","***","","1",""
"2023100000","2023年度","43212","熊本県 上天草市","","12,667","","***","","26,140,696","","999","","14,308","","***","","11","","5","","***","","***","","***","","1",""
"2023100000","2023年度","43213","熊本県 宇城市","","18,867","","***","","66,501,720","","5,390","","137,958","","***","","12","","5","","***","","***","","***","","7",""
"2023100000","2023年度","43214","熊本県 阿蘇市","","37,630","","***","","28,189,977","","8,620","","138,000","","***","","5","","3","","***","","***","","***","","4",""
"2023100000","2023年度","43215","熊本県 天草市","","68,382","","***","","79,021,668","","4,650","","37,624","","***","","17","","13","","***","","***","","***","","14",""
"2023100000","2023年度","43216","熊本県 合志市","","5,319","","***","","92,458,102","","2,010","","576,795","","***","","8","","4","","***","","***","","***","","5",""
"2023100000","2023年度","43348","熊本県 美里町","","14,400","","***","","8,355,111","","1,120","","4,191","","***","","3","","2","","***","","***","","***","","2",""
"2023100000","2023年度","43364","熊本県 玉東町","","2,433","","***","","5,500,896","","737","","3,388","","***","","2","","1","","***","","***","","***","","0",""
"2023100000","2023年度","43367","熊本県 南関町","","6,892","","***","","8,830,610","","1,310","","184,434","","***","","4","","1","","***","","***","","***","","0",""
"2023100000","2023年度","43368","熊本県 長洲町","","1,944","","***","","16,743,298","","656","","149,248","","***","","4","","2","","***","","***","","***","","1",""
"2023100000","2023年度","43369","熊本県 和水町","","9,878","","***","","9,581,315","","1,920","","30,280","","***","","2","","2","","***","","***","","***","","1",""
"2023100000","2023年度","43403","熊本県 大津町","","9,910","","***","","54,088,742","","2,160","","316,855","","***","","7","","2","","***","","***","","***","","1",""
"2023100000","2023年度","43404","熊本県 菊陽町","","3,746","","***","","74,472,670","","1,340","","212,319","","***","","6","","2","","***","","***","","***","","5",""
"2023100000","2023年度","43423","熊本県 南小国町","","11,590","","***","","3,858,222","","830","","1,014","","***","","3","","1","","***","","***","","***","","0",""
"2023100000","2023年度","43424","熊本県 小国町","","13,694","","***","","6,767,558","","1,210","","2,830","","***","","1","","1","","***","","***","","***","","1",""
"2023100000","2023年度","43425","熊本県 産山村","","6,081","","***","","1,245,567","","841","","0","","***","","0","","0","","***","","***","","***","","0",""
"2023100000","2023年度","43428","熊本県 高森町","","17,506","","***","","5,754,522","","2,180","","10,800","","***","","1","","1","","***","","***","","***","","0",""
"2023100000","2023年度","43432","熊本県 西原村","","7,722","","***","","8,598,271","","1,030","","58,152","","***","","2","","1","","***","","***","","***","","0",""
"2023100000","2023年度","43433","熊本県 南阿蘇村","","13,732","","***","","10,294,673","","3,150","","5,957","","***","","3","","1","","***","","***","","***","","1",""
"2023100000","2023年度","43441","熊本県 御船町","","9,903","","***","","19,013,879","","1,270","","14,207","","***","","6","","1","","***","","***","","***","","1",""
"2023100000","2023年度","43442","熊本県 嘉島町","","1,665","","***","","14,227,892","","757","","50,960","","***","","2","","1","","***","","***","","***","","2",""
"2023100000","2023年度","43443","熊本県 益城町","","6,568","","***","","41,257,425","","2,120","","87,766","","***","","5","","2","","***","","***","","***","","3",""
"2023100000","2023年度","43444","熊本県 甲佐町","","5,793","","***","","9,944,332","","1,190","","12,323","","***","","4","","1","","***","","***","","***","","2",""
"2023100000","2023年度","43447","熊本県 山都町","","54,467","","***","","12,023,460","","4,820","","7,625","","***","","6","","3","","***","","***","","***","","4",""
"2023100000","2023年度","43468","熊本県 氷川町","","3,336","","***","","12,016,128","","1,510","","691","","***","","3","","2","","***","","***","","***","","1",""
"2023100000","2023年度","43482","熊本県 芦北町","","23,401","","***","","14,688,628","","1,430","","20,063","","***","","5","","3","","***","","***","","***","","3",""
"2023100000","2023年度","43484","熊本県 津奈木町","","3,408","","***","","3,778,330","","270","","3,149","","***","","1","","1","","***","","***","","***","","0",""
"2023100000","2023年度","43501","熊本県 錦町","","8,504","","***","","11,191,369","","1,550","","43,754","","***","","3","","1","","***","","***","","***","","0",""
"2023100000","2023年度","43505","熊本県 多良木町","","16,586","","***","","10,118,428","","1,630","","5,783","","***","","6","","1","","***","","***","","***","","1",""
"2023100000","2023年度","43506","熊本県 湯前町","","4,837","","***","","3,364,794","","557","","2,667","","***","","1","","1","","***","","***","","***","","0",""
"2023100000","2023年度","43507","熊本県 水上村","","19,096","","***","","1,847,542","","349","","2,095","","***","","0","","0","","***","","***","","***","","0",""
"2023100000","2023年度","43510","熊本県 相良村","","9,454","","***","","3,959,385","","791","","10,837","","***","","2","","1","","***","","***","","***","","0",""
"2023100000","2023年度","43511","熊本県 五木村","","25,292","","***","","1,059,426","","73","","407","","***","","1","","1","","***","","***","","***","","0",""
"2023100000","2023年度","43512","熊本県 山江村","","12,119","","***","","3,126,712","","373","","501","","***","","2","","1","","***","","***","","***","","0",""
"2023100000","2023年度","43513","熊本県 球磨村","","20,758","","***","","2,306,970","","549","","335","","***","","2","","1","","***","","***","","***","","0",""
"2023100000","2023年度","43514","熊本県 あさぎり町","","15,956","","***","","15,097,485","","2,870","","20,937","","***","","5","","1","","***","","***","","***","","1",""
"2023100000","2023年度","43531","熊本県 苓北町","","6,758","","***","","6,483,440","","600","","1,011","","***","","4","","1","","***","","***","","***","","3",""
"2022100000","2022年度","43100","熊本県 熊本市","","39,032","","***","","1,114,968,045","","10,900","","468,590","","0.70","","93","","52","","***","","***","","***","","91",""
"2022100000","2022年度","43101","熊本県 熊本市 中央区","","2,545","","***","","-","","-","","13,391","","-","","20","","18","","***","","***","","***","","35",""
"2022100000","2022年度","43102","熊本県 熊本市 東区","","5,019","","***","","-","","-","","86,273","","-","","18","","10","","***","","***","","***","","17",""
"2022100000","2022年度","43103","熊本県 熊本市 西区","","8,933","","***","","-","","-","","25,959","","-","","13","","7","","***","","***","","***","","8",""
"2022100000","2022年度","43104","熊本県 熊本市 南区","","11,001","","***","","-","","-","","150,603","","-","","21","","8","","***","","***","","***","","16",""
"2022100000","2022年度","43105","熊本県 熊本市 北区","","11,534","","***","","-","","-","","192,364","","-","","21","","9","","***","","***","","***","","15",""
"2022100000","2022年度","43202","熊本県 八代市","","68,129","","***","","146,924,386","","6,950","","303,458","","0.50","","24","","16","","***","","***","","***","","10",""
"2022100000","2022年度","43203","熊本県 人吉市","","21,055","","***","","34,616,858","","1,400","","19,260","","0.44","","6","","3","","***","","***","","***","","9",""
"2022100000","2022年度","43204","熊本県 荒尾市","","5,737","","***","","56,108,946","","1,300","","53,306","","0.48","","10","","3","","***","","***","","***","","5",""
"2022100000","2022年度","43205","熊本県 水俣市","","16,329","","***","","24,242,687","","853","","53,365","","0.37","","8","","5","","***","","***","","***","","7",""
"2022100000","2022年度","43206","熊本県 玉名市","","15,260","","***","","76,196,949","","6,150","","48,867","","0.44","","15","","7","","***","","***","","***","","4",""
"2022100000","2022年度","43208","熊本県 山鹿市","","29,969","","***","","52,541,061","","6,730","","77,023","","0.33","","10","","5","","***","","***","","***","","6",""
"2022100000","2022年度","43210","熊本県 菊池市","","27,685","","***","","53,540,279","","5,780","","182,653","","0.43","","10","","5","","***","","***","","***","","5",""
"2022100000","2022年度","43211","熊本県 宇土市","","7,430","","***","","42,730,596","","1,790","","135,594","","0.52","","7","","4","","***","","***","","***","","1",""
"2022100000","2022年度","43212","熊本県 上天草市","","12,667","","***","","25,772,285","","1,040","","13,244","","0.25","","11","","6","","***","","***","","***","","1",""
"2022100000","2022年度","43213","熊本県 宇城市","","18,867","","***","","65,551,124","","5,430","","135,328","","0.40","","12","","5","","***","","***","","***","","8",""
"2022100000","2022年度","43214","熊本県 阿蘇市","","37,630","","***","","28,004,179","","8,740","","116,707","","0.35","","5","","3","","***","","***","","***","","4",""
"2022100000","2022年度","43215","熊本県 天草市","","68,382","","***","","77,751,624","","4,700","","32,529","","0.28","","17","","13","","***","","***","","***","","14",""
"2022100000","2022年度","43216","熊本県 合志市","","5,319","","***","","88,260,987","","2,080","","696,320","","0.64","","8","","4","","***","","***","","***","","5",""
"2022100000","2022年度","43348","熊本県 美里町","","14,400","","***","","8,400,621","","1,120","","4,032","","0.23","","3","","2","","***","","***","","***","","2",""
"2022100000","2022年度","43364","熊本県 玉東町","","2,433","","***","","5,287,592","","735","","3,415","","0.30","","2","","1","","***","","***","","***","","0",""
"2022100000","2022年度","43367","熊本県 南関町","","6,892","","***","","8,882,910","","1,370","","148,407","","0.39","","4","","1","","***","","***","","***","","0",""
"2022100000","2022年度","43368","熊本県 長洲町","","1,944","","***","","16,716,007","","670","","162,485","","0.52","","4","","2","","***","","***","","***","","1",""
"2022100000","2022年度","43369","熊本県 和水町","","9,878","","***","","9,212,737","","1,930","","29,060","","0.25","","2","","2","","***","","***","","***","","1",""
"2022100000","2022年度","43403","熊本県 大津町","","9,910","","***","","50,926,569","","2,170","","264,076","","0.73","","7","","2","","***","","***","","***","","1",""
"2022100000","2022年度","43404","熊本県 菊陽町","","3,746","","***","","71,756,694","","1,400","","201,257","","0.96","","6","","2","","***","","***","","***","","5",""
"2022100000","2022年度","43423","熊本県 南小国町","","11,590","","***","","3,782,891","","925","","1,016","","0.20","","3","","1","","***","","***","","***","","0",""
"2022100000","2022年度","43424","熊本県 小国町","","13,694","","***","","6,593,328","","1,370","","3,919","","0.24","","1","","1","","***","","***","","***","","1",""
"2022100000","2022年度","43425","熊本県 産山村","","6,081","","***","","1,239,015","","910","","0","","0.16","","0","","0","","***","","***","","***","","0",""
"2022100000","2022年度","43428","熊本県 高森町","","17,506","","***","","5,834,620","","2,340","","8,619","","0.24","","1","","1","","***","","***","","***","","0",""
"2022100000","2022年度","43432","熊本県 西原村","","7,722","","***","","8,296,254","","1,120","","65,272","","0.34","","2","","1","","***","","***","","***","","0",""
"2022100000","2022年度","43433","熊本県 南阿蘇村","","13,732","","***","","10,290,420","","3,110","","6,248","","0.22","","3","","1","","***","","***","","***","","1",""
"2022100000","2022年度","43441","熊本県 御船町","","9,903","","***","","18,155,242","","1,280","","15,426","","0.35","","6","","1","","***","","***","","***","","1",""
"2022100000","2022年度","43442","熊本県 嘉島町","","1,665","","***","","13,364,666","","765","","40,445","","0.63","","2","","1","","***","","***","","***","","2",""
"2022100000","2022年度","43443","熊本県 益城町","","6,568","","***","","39,972,746","","2,180","","70,317","","0.50","","5","","2","","***","","***","","***","","3",""
"2022100000","2022年度","43444","熊本県 甲佐町","","5,793","","***","","9,870,167","","1,190","","12,807","","0.30","","4","","1","","***","","***","","***","","2",""
"2022100000","2022年度","43447","熊本県 山都町","","54,467","","***","","11,775,008","","4,860","","8,045","","0.22","","6","","3","","***","","***","","***","","4",""
"2022100000","2022年度","43468","熊本県 氷川町","","3,336","","***","","11,935,397","","1,520","","660","","0.28","","3","","2","","***","","***","","***","","1",""
"2022100000","2022年度","43482","熊本県 芦北町","","23,401","","***","","14,186,970","","1,410","","18,490","","0.35","","5","","3","","***","","***","","***","","3",""
"2022100000","2022年度","43484","熊本県 津奈木町","","3,408","","***","","3,743,246","","270","","3,525","","0.23","","1","","1","","***","","***","","***","","0",""
"2022100000","2022年度","43501","熊本県 錦町","","8,504","","***","","10,880,603","","1,570","","29,779","","0.38","","3","","1","","***","","***","","***","","0",""
"2022100000","2022年度","43505","熊本県 多良木町","","16,586","","***","","9,513,414","","1,640","","6,247","","0.24","","6","","1","","***","","***","","***","","1",""
"2022100000","2022年度","43506","熊本県 湯前町","","4,837","","***","","3,243,039","","567","","2,757","","0.16","","1","","1","","***","","***","","***","","0",""
"2022100000","2022年度","43507","熊本県 水上村","","19,096","","***","","1,819,491","","352","","2,432","","0.16","","2","","1","","***","","***","","***","","0",""
"2022100000","2022年度","43510","熊本県 相良村","","9,454","","***","","3,734,461","","793","","10,361","","0.20","","2","","1","","***","","***","","***","","0",""
"2022100000","2022年度","43511","熊本県 五木村","","25,292","","***","","1,047,041","","74","","381","","0.21","","1","","1","","***","","***","","***","","0",""
"2022100000","2022年度","43512","熊本県 山江村","","12,119","","***","","3,047,195","","383","","731","","0.15","","2","","1","","***","","***","","***","","0",""
"2022100000","2022年度","43513","熊本県 球磨村","","20,758","","***","","2,186,790","","559","","340","","0.15","","2","","1","","***","","***","","***","","0",""
"2022100000","2022年度","43514","熊本県 あさぎり町","","15,956","","***","","14,786,181","","2,880","","20,850","","0.23","","5","","1","","***","","***","","***","","1",""
"2022100000","2022年度","43531","熊本県 苓北町","","6,758","","***","","6,526,612","","612","","937","","0.43","","4","","1","","***","","***","","***","","3",""
"2021100000","2021年度","43100","熊本県 熊本市","","39,032","","***","","1,083,991,135","","11,000","","453,338","","0.70","","93","","52","","***","","***","","***","","94",""
"2021100000","2021年度","43101","熊本県 熊本市 中央区","","2,545","","***","","-","","-","","13,439","","-","","20","","18","","***","","***","","***","","38",""
"2021100000","2021年度","43102","熊本県 熊本市 東区","","5,019","","***","","-","","-","","82,398","","-","","18","","10","","***","","***","","***","","17",""
"2021100000","2021年度","43103","熊本県 熊本市 西区","","8,933","","***","","-","","-","","24,451","","-","","13","","7","","***","","***","","***","","8",""
"2021100000","2021年度","43104","熊本県 熊本市 南区","","11,001","","***","","-","","-","","147,550","","-","","21","","8","","***","","***","","***","","16",""
"2021100000","2021年度","43105","熊本県 熊本市 北区","","11,534","","***","","-","","-","","185,501","","-","","21","","9","","***","","***","","***","","15",""
"2021100000","2021年度","43202","熊本県 八代市","","68,129","","***","","143,630,425","","7,070","","285,342","","0.50","","24","","16","","***","","***","","***","","10",""
"2021100000","2021年度","43203","熊本県 人吉市","","21,055","","***","","32,613,894","","1,330","","16,716","","0.44","","6","","3","","***","","***","","***","","9",""
"2021100000","2021年度","43204","熊本県 荒尾市","","5,737","","***","","55,925,278","","1,320","","45,971","","0.48","","10","","3","","***","","***","","***","","5",""
"2021100000","2021年度","43205","熊本県 水俣市","","16,329","","***","","24,053,261","","869","","43,978","","0.38","","8","","5","","***","","***","","***","","7",""
"2021100000","2021年度","43206","熊本県 玉名市","","15,260","","***","","75,579,249","","6,230","","54,911","","0.44","","15","","7","","***","","***","","***","","4",""
"2021100000","2021年度","43208","熊本県 山鹿市","","29,969","","***","","51,658,461","","6,810","","71,626","","0.33","","10","","5","","***","","***","","***","","6",""
"2021100000","2021年度","43210","熊本県 菊池市","","27,685","","***","","50,717,192","","5,850","","204,191","","0.43","","10","","5","","***","","***","","***","","5",""
"2021100000","2021年度","43211","熊本県 宇土市","","7,430","","***","","42,564,738","","1,800","","130,547","","0.53","","7","","4","","***","","***","","***","","1",""
"2021100000","2021年度","43212","熊本県 上天草市","","12,694","","***","","25,538,062","","1,100","","12,793","","0.25","","11","","6","","***","","***","","***","","1",""
"2021100000","2021年度","43213","熊本県 宇城市","","18,861","","***","","64,468,128","","5,490","","143,557","","0.41","","12","","5","","***","","***","","***","","8",""
"2021100000","2021年度","43214","熊本県 阿蘇市","","37,630","","***","","27,600,258","","9,040","","114,823","","0.35","","5","","3","","***","","***","","***","","4",""
"2021100000","2021年度","43215","熊本県 天草市","","68,382","","***","","77,333,592","","4,790","","31,701","","0.27","","17","","13","","***","","***","","***","","14",""
"2021100000","2021年度","43216","熊本県 合志市","","5,319","","***","","84,078,856","","2,110","","540,919","","0.66","","8","","4","","***","","***","","***","","5",""
"2021100000","2021年度","43348","熊本県 美里町","","14,400","","***","","8,495,757","","1,140","","3,863","","0.24","","3","","2","","***","","***","","***","","2",""
"2021100000","2021年度","43364","熊本県 玉東町","","2,433","","***","","5,348,453","","742","","3,001","","0.31","","2","","1","","***","","***","","***","","0",""
"2021100000","2021年度","43367","熊本県 南関町","","6,892","","***","","8,810,369","","1,420","","137,447","","0.40","","4","","1","","***","","***","","***","","0",""
"2021100000","2021年度","43368","熊本県 長洲町","","1,944","","***","","16,622,778","","675","","154,401","","0.53","","4","","2","","***","","***","","***","","1",""
"2021100000","2021年度","43369","熊本県 和水町","","9,878","","***","","9,090,092","","1,950","","34,040","","0.25","","2","","2","","***","","***","","***","","1",""
"2021100000","2021年度","43403","熊本県 大津町","","9,910","","***","","48,260,359","","2,180","","244,501","","0.76","","7","","2","","***","","***","","***","","1",""
"2021100000","2021年度","43404","熊本県 菊陽町","","3,746","","***","","67,232,789","","1,430","","209,614","","0.97","","6","","2","","***","","***","","***","","5",""
"2021100000","2021年度","43423","熊本県 南小国町","","11,590","","***","","3,648,756","","959","","983","","0.21","","3","","1","","***","","***","","***","","0",""
"2021100000","2021年度","43424","熊本県 小国町","","13,694","","***","","6,473,113","","1,450","","3,223","","0.24","","1","","1","","***","","***","","***","","1",""
"2021100000","2021年度","43425","熊本県 産山村","","6,081","","***","","1,259,272","","908","","0","","0.16","","0","","0","","***","","***","","***","","0",""
"2021100000","2021年度","43428","熊本県 高森町","","17,506","","***","","5,861,178","","2,360","","8,237","","0.24","","1","","1","","***","","***","","***","","0",""
"2021100000","2021年度","43432","熊本県 西原村","","7,722","","***","","7,922,208","","1,130","","41,056","","0.35","","2","","1","","***","","***","","***","","0",""
"2021100000","2021年度","43433","熊本県 南阿蘇村","","13,732","","***","","9,979,481","","3,200","","6,920","","0.23","","3","","1","","***","","***","","***","","1",""
"2021100000","2021年度","43441","熊本県 御船町","","9,903","","***","","18,520,044","","1,320","","14,262","","0.35","","6","","1","","***","","***","","***","","1",""
"2021100000","2021年度","43442","熊本県 嘉島町","","1,665","","***","","12,816,328","","764","","32,950","","0.67","","2","","1","","***","","***","","***","","2",""
"2021100000","2021年度","43443","熊本県 益城町","","6,568","","***","","39,073,175","","2,240","","70,749","","0.53","","5","","2","","***","","***","","***","","3",""
"2021100000","2021年度","43444","熊本県 甲佐町","","5,793","","***","","9,713,074","","1,180","","11,748","","0.31","","4","","1","","***","","***","","***","","2",""
"2021100000","2021年度","43447","熊本県 山都町","","54,467","","***","","11,964,509","","4,910","","7,995","","0.22","","6","","3","","***","","***","","***","","4",""
"2021100000","2021年度","43468","熊本県 氷川町","","3,336","","***","","11,659,750","","1,550","","603","","0.28","","3","","2","","***","","***","","***","","1",""
"2021100000","2021年度","43482","熊本県 芦北町","","23,401","","***","","13,341,451","","1,430","","15,639","","0.35","","9","","3","","***","","***","","***","","3",""
"2021100000","2021年度","43484","熊本県 津奈木町","","3,408","","***","","3,628,938","","285","","2,654","","0.23","","1","","1","","***","","***","","***","","0",""
"2021100000","2021年度","43501","熊本県 錦町","","8,504","","***","","10,418,602","","1,600","","27,860","","0.39","","3","","1","","***","","***","","***","","0",""
"2021100000","2021年度","43505","熊本県 多良木町","","16,586","","***","","9,118,865","","1,650","","5,738","","0.24","","6","","1","","***","","***","","***","","1",""
"2021100000","2021年度","43506","熊本県 湯前町","","4,837","","***","","3,150,216","","571","","2,103","","0.16","","1","","1","","***","","***","","***","","0",""
"2021100000","2021年度","43507","熊本県 水上村","","19,096","","***","","1,741,829","","359","","2,181","","0.16","","2","","1","","***","","***","","***","","0",""
"2021100000","2021年度","43510","熊本県 相良村","","9,454","","***","","3,565,148","","763","","9,943","","0.20","","2","","1","","***","","***","","***","","0",""
"2021100000","2021年度","43511","熊本県 五木村","","25,292","","***","","986,953","","75","","372","","0.22","","1","","1","","***","","***","","***","","0",""
"2021100000","2021年度","43512","熊本県 山江村","","12,119","","***","","2,796,626","","394","","589","","0.15","","2","","1","","***","","***","","***","","0",""
"2021100000","2021年度","43513","熊本県 球磨村","","20,758","","***","","1,963,649","","560","","264","","0.15","","2","","1","","***","","***","","***","","0",""
"2021100000","2021年度","43514","熊本県 あさぎり町","","15,956","","***","","14,291,993","","2,910","","18,593","","0.23","","5","","1","","***","","***","","***","","1",""
"2021100000","2021年度","43531","熊本県 苓北町","","6,758","","***","","6,395,314","","619","","1,501","","0.45","","4","","1","","***","","***","","***","","3",""
"2020100000","2020年度","43100","熊本県 熊本市","","39,032","","***","","1,048,403,973","","11,200","","430,405","","0.71","","93","","52","","***","","***","","***","","95",""
"2020100000","2020年度","43101","熊本県 熊本市 中央区","","2,545","","***","","-","","-","","13,586","","-","","20","","18","","***","","***","","***","","39",""
"2020100000","2020年度","43102","熊本県 熊本市 東区","","5,019","","***","","-","","-","","83,919","","-","","18","","10","","***","","***","","***","","17",""
"2020100000","2020年度","43103","熊本県 熊本市 西区","","8,933","","***","","-","","-","","22,762","","-","","13","","7","","***","","***","","***","","8",""
"2020100000","2020年度","43104","熊本県 熊本市 南区","","11,001","","***","","-","","-","","132,946","","-","","21","","8","","***","","***","","***","","16",""
"2020100000","2020年度","43105","熊本県 熊本市 北区","","11,534","","***","","-","","-","","177,192","","-","","21","","9","","***","","***","","***","","15",""
"2020100000","2020年度","43202","熊本県 八代市","","68,136","","***","","137,540,481","","7,140","","269,371","","0.51","","24","","16","","***","","***","","***","","10",""
"2020100000","2020年度","43203","熊本県 人吉市","","21,055","","***","","35,020,267","","1,370","","17,628","","0.45","","6","","3","","***","","***","","***","","9",""
"2020100000","2020年度","43204","熊本県 荒尾市","","5,737","","***","","53,593,595","","1,340","","34,150","","0.49","","10","","3","","***","","***","","***","","5",""
"2020100000","2020年度","43205","熊本県 水俣市","","16,329","","***","","23,590,242","","888","","35,205","","0.39","","8","","5","","***","","***","","***","","7",""
"2020100000","2020年度","43206","熊本県 玉名市","","15,260","","***","","73,021,305","","6,290","","54,336","","0.45","","15","","7","","***","","***","","***","","5",""
"2020100000","2020年度","43208","熊本県 山鹿市","","29,969","","***","","50,593,871","","6,910","","67,040","","0.34","","10","","5","","***","","***","","***","","6",""
"2020100000","2020年度","43210","熊本県 菊池市","","27,685","","***","","50,072,834","","5,870","","201,754","","0.44","","10","","5","","***","","***","","***","","5",""
"2020100000","2020年度","43211","熊本県 宇土市","","7,430","","***","","41,495,897","","1,820","","112,295","","0.54","","7","","4","","***","","***","","***","","1",""
"2020100000","2020年度","43212","熊本県 上天草市","","12,694","","***","","24,594,675","","1,160","","10,800","","0.26","","11","","6","","***","","***","","***","","1",""
"2020100000","2020年度","43213","熊本県 宇城市","","18,861","","***","","62,211,873","","5,600","","151,078","","0.41","","13","","5","","***","","***","","***","","8",""
"2020100000","2020年度","43214","熊本県 阿蘇市","","37,630","","***","","26,908,879","","9,170","","80,185","","0.37","","5","","3","","***","","***","","***","","4",""
"2020100000","2020年度","43215","熊本県 天草市","","68,382","","***","","74,921,959","","4,940","","29,503","","0.27","","17","","13","","***","","***","","***","","14",""
"2020100000","2020年度","43216","熊本県 合志市","","5,319","","***","","80,918,998","","2,130","","404,748","","0.68","","7","","3","","***","","***","","***","","5",""
"2020100000","2020年度","43348","熊本県 美里町","","14,400","","***","","8,293,420","","1,170","","3,487","","0.24","","3","","2","","***","","***","","***","","2",""
"2020100000","2020年度","43364","熊本県 玉東町","","2,433","","***","","4,847,429","","750","","3,680","","0.32","","2","","1","","***","","***","","***","","0",""
"2020100000","2020年度","43367","熊本県 南関町","","6,892","","***","","8,671,408","","1,420","","105,146","","0.41","","4","","1","","***","","***","","***","","0",""
"2020100000","2020年度","43368","熊本県 長洲町","","1,944","","***","","16,125,746","","680","","144,352","","0.55","","4","","2","","***","","***","","***","","1",""
"2020100000","2020年度","43369","熊本県 和水町","","9,878","","***","","8,789,475","","1,950","","24,403","","0.25","","2","","2","","***","","***","","***","","1",""
"2020100000","2020年度","43403","熊本県 大津町","","9,910","","***","","45,636,623","","2,190","","211,780","","0.77","","7","","2","","***","","***","","***","","1",""
"2020100000","2020年度","43404","熊本県 菊陽町","","3,746","","***","","62,962,392","","1,430","","170,400","","1.00","","6","","2","","***","","***","","***","","5",""
"2020100000","2020年度","43423","熊本県 南小国町","","11,590","","***","","3,763,183","","1,010","","921","","0.22","","3","","1","","***","","***","","***","","0",""
"2020100000","2020年度","43424","熊本県 小国町","","13,694","","***","","6,438,500","","1,520","","2,591","","0.25","","1","","1","","***","","***","","***","","1",""
"2020100000","2020年度","43425","熊本県 産山村","","6,081","","***","","1,214,576","","927","","0","","0.17","","0","","0","","***","","***","","***","","0",""
"2020100000","2020年度","43428","熊本県 高森町","","17,506","","***","","5,680,707","","2,400","","7,665","","0.25","","1","","1","","***","","***","","***","","0",""
"2020100000","2020年度","43432","熊本県 西原村","","7,722","","***","","7,269,050","","1,140","","37,075","","0.39","","2","","1","","***","","***","","***","","0",""
"2020100000","2020年度","43433","熊本県 南阿蘇村","","13,732","","***","","9,320,947","","3,180","","4,853","","0.25","","5","","1","","***","","***","","***","","1",""
"2020100000","2020年度","43441","熊本県 御船町","","9,903","","***","","16,730,802","","1,400","","11,562","","0.37","","6","","1","","***","","***","","***","","1",""
"2020100000","2020年度","43442","熊本県 嘉島町","","1,665","","***","","12,174,679","","787","","33,753","","0.70","","2","","1","","***","","***","","***","","2",""
"2020100000","2020年度","43443","熊本県 益城町","","6,568","","***","","36,993,779","","2,240","","64,768","","0.56","","5","","2","","***","","***","","***","","3",""
"2020100000","2020年度","43444","熊本県 甲佐町","","5,793","","***","","9,212,298","","1,200","","11,249","","0.32","","4","","1","","***","","***","","***","","2",""
"2020100000","2020年度","43447","熊本県 山都町","","54,467","","***","","11,352,001","","4,970","","6,175","","0.22","","6","","3","","***","","***","","***","","4",""
"2020100000","2020年度","43468","熊本県 氷川町","","3,336","","***","","11,006,206","","1,560","","643","","0.29","","3","","2","","***","","***","","***","","1",""
"2020100000","2020年度","43482","熊本県 芦北町","","23,401","","***","","14,195,373","","1,440","","11,910","","0.35","","9","","3","","***","","***","","***","","3",""
"2020100000","2020年度","43484","熊本県 津奈木町","","3,408","","***","","3,512,277","","289","","2,495","","0.23","","1","","1","","***","","***","","***","","0",""
"2020100000","2020年度","43501","熊本県 錦町","","8,504","","***","","9,762,590","","1,620","","27,312","","0.40","","3","","1","","***","","***","","***","","0",""
"2020100000","2020年度","43505","熊本県 多良木町","","16,586","","***","","8,754,008","","1,650","","5,342","","0.24","","6","","1","","***","","***","","***","","1",""
"2020100000","2020年度","43506","熊本県 湯前町","","4,837","","***","","2,925,845","","577","","2,560","","0.17","","1","","1","","***","","***","","***","","0",""
"2020100000","2020年度","43507","熊本県 水上村","","19,096","","***","","1,615,239","","369","","1,393","","0.16","","2","","1","","***","","***","","***","","0",""
"2020100000","2020年度","43510","熊本県 相良村","","9,454","","***","","3,752,983","","764","","9,527","","0.20","","2","","1","","***","","***","","***","","0",""
"2020100000","2020年度","43511","熊本県 五木村","","25,292","","***","","961,538","","76","","325","","0.22","","1","","1","","***","","***","","***","","0",""
"2020100000","2020年度","43512","熊本県 山江村","","12,119","","***","","2,722,085","","416","","563","","0.15","","2","","1","","***","","***","","***","","0",""
"2020100000","2020年度","43513","熊本県 球磨村","","20,758","","***","","2,602,467","","562","","201","","0.15","","2","","1","","***","","***","","***","","0",""
"2020100000","2020年度","43514","熊本県 あさぎり町","","15,956","","***","","13,837,452","","2,930","","13,402","","0.24","","5","","1","","***","","***","","***","","1",""
"2020100000","2020年度","43531","熊本県 苓北町","","6,758","","***","","6,534,477","","630","","1,518","","0.48","","4","","1","","***","","***","","***","","3",""
"2019100000","2019年度","43100","熊本県 熊本市","","39,032","","6,326","","1,034,810,683","","11,400","","458,054","","0.70","","93","","53","","***","","***","","***","","95",""
"2019100000","2019年度","43101","熊本県 熊本市 中央区","","2,545","","193","","-","","-","","13,843","","-","","20","","19","","***","","***","","***","","39",""
"2019100000","2019年度","43102","熊本県 熊本市 東区","","5,019","","243","","-","","-","","84,851","","-","","18","","10","","***","","***","","***","","17",""
"2019100000","2019年度","43103","熊本県 熊本市 西区","","8,933","","2,315","","-","","-","","22,512","","-","","13","","7","","***","","***","","***","","8",""
"2019100000","2019年度","43104","熊本県 熊本市 南区","","11,001","","950","","-","","-","","145,368","","-","","21","","8","","***","","***","","***","","16",""
"2019100000","2019年度","43105","熊本県 熊本市 北区","","11,534","","2,625","","-","","-","","191,481","","-","","21","","9","","***","","***","","***","","15",""
"2019100000","2019年度","43202","熊本県 八代市","","68,136","","49,820","","136,733,260","","7,260","","275,322","","0.50","","25","","16","","***","","***","","***","","10",""
"2019100000","2019年度","43203","熊本県 人吉市","","21,055","","15,782","","34,922,651","","1,500","","19,058","","0.44","","6","","3","","***","","***","","***","","11",""
"2019100000","2019年度","43204","熊本県 荒尾市","","5,737","","912","","52,562,126","","1,420","","38,348","","0.49","","10","","3","","***","","***","","***","","5",""
"2019100000","2019年度","43205","熊本県 水俣市","","16,329","","12,065","","23,949,465","","930","","42,129","","0.38","","8","","5","","***","","***","","***","","8",""
"2019100000","2019年度","43206","熊本県 玉名市","","15,260","","2,580","","72,143,314","","6,340","","57,806","","0.44","","16","","7","","***","","***","","***","","5",""
"2019100000","2019年度","43208","熊本県 山鹿市","","29,969","","15,440","","50,675,073","","6,960","","73,211","","0.34","","12","","5","","***","","***","","***","","6",""
"2019100000","2019年度","43210","熊本県 菊池市","","27,685","","15,079","","49,482,192","","5,900","","201,520","","0.43","","10","","5","","***","","***","","***","","5",""
"2019100000","2019年度","43211","熊本県 宇土市","","7,430","","2,844","","40,258,870","","1,840","","75,230","","0.52","","7","","4","","***","","***","","***","","1",""
"2019100000","2019年度","43212","熊本県 上天草市","","12,694","","7,605","","24,366,847","","1,190","","12,116","","0.25","","11","","6","","***","","***","","***","","1",""
"2019100000","2019年度","43213","熊本県 宇城市","","18,861","","5,949","","61,448,008","","5,620","","130,226","","0.41","","13","","5","","***","","***","","***","","8",""
"2019100000","2019年度","43214","熊本県 阿蘇市","","37,630","","21,109","","27,124,389","","9,260","","90,257","","0.36","","5","","3","","***","","***","","***","","4",""
"2019100000","2019年度","43215","熊本県 天草市","","68,382","","46,202","","75,348,927","","5,070","","29,854","","0.27","","17","","13","","***","","***","","***","","14",""
"2019100000","2019年度","43216","熊本県 合志市","","5,319","","630","","79,723,407","","2,160","","432,026","","0.68","","7","","3","","***","","***","","***","","5",""
"2019100000","2019年度","43348","熊本県 美里町","","14,400","","10,402","","8,373,186","","1,210","","3,501","","0.24","","3","","2","","***","","***","","***","","2",""
"2019100000","2019年度","43364","熊本県 玉東町","","2,433","","761","","4,992,917","","767","","2,232","","0.31","","2","","1","","***","","***","","***","","0",""
"2019100000","2019年度","43367","熊本県 南関町","","6,892","","3,382","","8,748,063","","1,460","","82,423","","0.41","","4","","1","","***","","***","","***","","0",""
"2019100000","2019年度","43368","熊本県 長洲町","","1,944","","34","","15,810,775","","677","","159,690","","0.55","","4","","2","","***","","***","","***","","1",""
"2019100000","2019年度","43369","熊本県 和水町","","9,878","","5,160","","9,071,690","","1,960","","25,676","","0.25","","5","","2","","***","","***","","***","","1",""
"2019100000","2019年度","43403","熊本県 大津町","","9,910","","4,634","","44,605,649","","2,190","","239,477","","0.77","","7","","2","","***","","***","","***","","2",""
"2019100000","2019年度","43404","熊本県 菊陽町","","3,746","","427","","62,577,226","","1,430","","149,671","","0.98","","6","","2","","***","","***","","***","","4",""
"2019100000","2019年度","43423","熊本県 南小国町","","11,590","","9,273","","3,625,308","","1,040","","790","","0.21","","3","","1","","***","","***","","***","","0",""
"2019100000","2019年度","43424","熊本県 小国町","","13,694","","10,596","","6,495,682","","1,550","","2,045","","0.24","","1","","1","","***","","***","","***","","1",""
"2019100000","2019年度","43425","熊本県 産山村","","6,081","","4,220","","1,195,544","","938","","0","","0.16","","0","","0","","***","","***","","***","","0",""
"2019100000","2019年度","43428","熊本県 高森町","","17,506","","11,714","","5,722,841","","2,420","","6,246","","0.24","","1","","1","","***","","***","","***","","0",""
"2019100000","2019年度","43432","熊本県 西原村","","7,722","","4,253","","9,210,467","","1,130","","34,075","","0.42","","2","","1","","***","","***","","***","","0",""
"2019100000","2019年度","43433","熊本県 南阿蘇村","","13,732","","7,417","","9,318,588","","3,180","","4,754","","0.26","","5","","1","","***","","***","","***","","1",""
"2019100000","2019年度","43441","熊本県 御船町","","9,903","","5,554","","16,331,915","","1,450","","10,235","","0.37","","6","","1","","***","","***","","***","","1",""
"2019100000","2019年度","43442","熊本県 嘉島町","","1,665","","0","","11,919,106","","806","","37,537","","0.69","","2","","1","","***","","***","","***","","2",""
"2019100000","2019年度","43443","熊本県 益城町","","6,568","","1,976","","33,430,929","","2,240","","63,018","","0.56","","5","","2","","***","","***","","***","","3",""
"2019100000","2019年度","43444","熊本県 甲佐町","","5,793","","2,551","","9,022,118","","1,210","","12,106","","0.31","","4","","1","","***","","***","","***","","2",""
"2019100000","2019年度","43447","熊本県 山都町","","54,467","","39,032","","11,870,969","","5,030","","4,878","","0.22","","6","","3","","***","","***","","***","","4",""
"2019100000","2019年度","43468","熊本県 氷川町","","3,336","","333","","11,163,393","","1,570","","719","","0.29","","3","","2","","***","","***","","***","","1",""
"2019100000","2019年度","43482","熊本県 芦北町","","23,400","","18,268","","14,228,181","","1,520","","15,263","","0.34","","9","","3","","***","","***","","***","","3",""
"2019100000","2019年度","43484","熊本県 津奈木町","","3,408","","2,181","","3,417,321","","300","","2,303","","0.23","","1","","1","","***","","***","","***","","0",""
"2019100000","2019年度","43501","熊本県 錦町","","8,504","","4,804","","9,613,102","","1,660","","33,296","","0.40","","3","","1","","***","","***","","***","","0",""
"2019100000","2019年度","43505","熊本県 多良木町","","16,586","","13,148","","8,964,123","","1,670","","5,979","","0.24","","6","","1","","***","","***","","***","","1",""
"2019100000","2019年度","43506","熊本県 湯前町","","4,837","","3,545","","3,031,145","","581","","2,345","","0.17","","1","","1","","***","","***","","***","","0",""
"2019100000","2019年度","43507","熊本県 水上村","","19,096","","17,516","","1,582,965","","380","","1,380","","0.15","","2","","1","","***","","***","","***","","0",""
"2019100000","2019年度","43510","熊本県 相良村","","9,454","","6,928","","3,675,348","","795","","1,670","","0.20","","2","","1","","***","","***","","***","","0",""
"2019100000","2019年度","43511","熊本県 五木村","","25,292","","23,833","","962,902","","78","","428","","0.22","","1","","1","","***","","***","","***","","0",""
"2019100000","2019年度","43512","熊本県 山江村","","12,119","","10,487","","2,682,459","","438","","854","","0.15","","2","","1","","***","","***","","***","","0",""
"2019100000","2019年度","43513","熊本県 球磨村","","20,758","","18,135","","2,639,087","","603","","382","","0.14","","2","","1","","***","","***","","***","","0",""
"2019100000","2019年度","43514","熊本県 あさぎり町","","15,956","","10,571","","16,037,386","","2,940","","12,207","","0.23","","5","","1","","***","","***","","***","","1",""
"2019100000","2019年度","43531","熊本県 苓北町","","6,758","","4,157","","6,486,200","","641","","1,973","","0.50","","4","","1","","***","","***","","***","","3",""
"2018100000","2018年度","43100","熊本県 熊本市","","39,032","","***","","1,003,646,903","","11,500","","458,763","","0.71","","93","","53","","***","","***","","***","","95",""
"2018100000","2018年度","43101","熊本県 熊本市 中央区","","2,545","","***","","-","","-","","13,257","","-","","20","","19","","***","","***","","***","","39",""
"2018100000","2018年度","43102","熊本県 熊本市 東区","","5,019","","***","","-","","-","","87,966","","-","","18","","10","","***","","***","","***","","17",""
"2018100000","2018年度","43103","熊本県 熊本市 西区","","8,933","","***","","-","","-","","22,872","","-","","13","","7","","***","","***","","***","","8",""
"2018100000","2018年度","43104","熊本県 熊本市 南区","","11,001","","***","","-","","-","","141,367","","-","","21","","8","","***","","***","","***","","16",""
"2018100000","2018年度","43105","熊本県 熊本市 北区","","11,534","","***","","-","","-","","193,300","","-","","21","","9","","***","","***","","***","","15",""
"2018100000","2018年度","43202","熊本県 八代市","","68,136","","***","","135,391,005","","7,350","","268,873","","0.50","","25","","16","","***","","***","","***","","11",""
"2018100000","2018年度","43203","熊本県 人吉市","","21,055","","***","","34,681,277","","1,520","","20,035","","0.44","","6","","3","","***","","***","","***","","11",""
"2018100000","2018年度","43204","熊本県 荒尾市","","5,737","","***","","52,655,754","","1,420","","38,650","","0.48","","10","","3","","***","","***","","***","","5",""
"2018100000","2018年度","43205","熊本県 水俣市","","16,329","","***","","23,739,604","","953","","43,338","","0.37","","8","","5","","***","","***","","***","","8",""
"2018100000","2018年度","43206","熊本県 玉名市","","15,260","","***","","72,318,525","","6,410","","59,939","","0.44","","16","","7","","***","","***","","***","","5",""
"2018100000","2018年度","43208","熊本県 山鹿市","","29,969","","***","","51,131,898","","6,980","","74,410","","0.33","","12","","6","","***","","***","","***","","6",""
"2018100000","2018年度","43210","熊本県 菊池市","","27,685","","***","","48,973,536","","5,940","","195,001","","0.44","","10","","5","","***","","***","","***","","5",""
"2018100000","2018年度","43211","熊本県 宇土市","","7,430","","***","","40,304,431","","1,850","","79,289","","0.52","","7","","4","","***","","***","","***","","1",""
"2018100000","2018年度","43212","熊本県 上天草市","","12,694","","***","","24,452,242","","1,210","","12,433","","0.25","","11","","6","","***","","***","","***","","1",""
"2018100000","2018年度","43213","熊本県 宇城市","","18,861","","***","","59,715,367","","5,640","","121,322","","0.40","","13","","5","","***","","***","","***","","8",""
"2018100000","2018年度","43214","熊本県 阿蘇市","","37,630","","***","","26,412,925","","9,240","","88,719","","0.36","","6","","3","","***","","***","","***","","4",""
"2018100000","2018年度","43215","熊本県 天草市","","68,387","","***","","73,824,853","","5,170","","29,821","","0.27","","17","","13","","***","","***","","***","","14",""
"2018100000","2018年度","43216","熊本県 合志市","","5,319","","***","","77,087,375","","2,190","","405,944","","0.67","","7","","3","","***","","***","","***","","5",""
"2018100000","2018年度","43348","熊本県 美里町","","14,400","","***","","8,303,260","","1,210","","3,700","","0.24","","3","","2","","***","","***","","***","","3",""
"2018100000","2018年度","43364","熊本県 玉東町","","2,433","","***","","4,848,832","","769","","2,409","","0.29","","2","","1","","***","","***","","***","","0",""
"2018100000","2018年度","43367","熊本県 南関町","","6,892","","***","","8,655,925","","1,460","","90,746","","0.40","","4","","1","","***","","***","","***","","0",""
"2018100000","2018年度","43368","熊本県 長洲町","","1,944","","***","","16,560,615","","675","","152,062","","0.55","","4","","2","","***","","***","","***","","1",""
"2018100000","2018年度","43369","熊本県 和水町","","9,878","","***","","8,832,174","","1,980","","25,034","","0.24","","5","","2","","***","","***","","***","","1",""
"2018100000","2018年度","43403","熊本県 大津町","","9,910","","***","","42,575,730","","2,190","","272,488","","0.74","","7","","2","","***","","***","","***","","2",""
"2018100000","2018年度","43404","熊本県 菊陽町","","3,746","","***","","59,220,772","","1,440","","141,516","","0.96","","6","","2","","***","","***","","***","","4",""
"2018100000","2018年度","43423","熊本県 南小国町","","11,590","","***","","3,498,540","","1,040","","868","","0.21","","3","","1","","***","","***","","***","","0",""
"2018100000","2018年度","43424","熊本県 小国町","","13,694","","***","","12,315,818","","1,570","","1,656","","0.24","","1","","1","","***","","***","","***","","1",""
"2018100000","2018年度","43425","熊本県 産山村","","6,081","","***","","1,136,544","","936","","X","","0.16","","0","","0","","***","","***","","***","","0",""
"2018100000","2018年度","43428","熊本県 高森町","","17,506","","***","","5,540,121","","2,430","","8,005","","0.24","","1","","1","","***","","***","","***","","0",""
"2018100000","2018年度","43432","熊本県 西原村","","7,722","","***","","7,604,553","","1,130","","38,475","","0.42","","2","","1","","***","","***","","***","","0",""
"2018100000","2018年度","43433","熊本県 南阿蘇村","","13,732","","***","","8,660,978","","3,150","","5,297","","0.27","","5","","1","","***","","***","","***","","1",""
"2018100000","2018年度","43441","熊本県 御船町","","9,903","","***","","15,440,478","","1,450","","10,848","","0.38","","6","","1","","***","","***","","***","","1",""
"2018100000","2018年度","43442","熊本県 嘉島町","","1,665","","***","","10,975,410","","812","","35,977","","0.68","","2","","1","","***","","***","","***","","2",""
"2018100000","2018年度","43443","熊本県 益城町","","6,568","","***","","30,521,415","","2,260","","63,656","","0.56","","5","","2","","***","","***","","***","","4",""
"2018100000","2018年度","43444","熊本県 甲佐町","","5,793","","***","","8,637,703","","1,190","","12,398","","0.31","","4","","1","","***","","***","","***","","2",""
"2018100000","2018年度","43447","熊本県 山都町","","54,467","","***","","11,432,720","","5,070","","4,833","","0.21","","7","","3","","***","","***","","***","","4",""
"2018100000","2018年度","43468","熊本県 氷川町","","3,336","","***","","10,987,697","","1,600","","869","","0.28","","3","","2","","***","","***","","***","","1",""
"2018100000","2018年度","43482","熊本県 芦北町","","23,400","","***","","13,993,566","","1,560","","17,539","","0.33","","9","","3","","***","","***","","***","","3",""
"2018100000","2018年度","43484","熊本県 津奈木町","","3,408","","***","","3,403,811","","305","","2,249","","0.22","","1","","1","","***","","***","","***","","0",""
"2018100000","2018年度","43501","熊本県 錦町","","8,504","","***","","9,468,344","","1,700","","29,303","","0.40","","3","","1","","***","","***","","***","","0",""
"2018100000","2018年度","43505","熊本県 多良木町","","16,586","","***","","8,734,050","","1,690","","6,378","","0.23","","6","","1","","***","","***","","***","","1",""
"2018100000","2018年度","43506","熊本県 湯前町","","4,837","","***","","3,008,374","","593","","2,542","","0.17","","1","","1","","***","","***","","***","","0",""
"2018100000","2018年度","43507","熊本県 水上村","","19,096","","***","","1,554,487","","392","","1,415","","0.15","","2","","1","","***","","***","","***","","0",""
"2018100000","2018年度","43510","熊本県 相良村","","9,454","","***","","3,644,837","","797","","1,703","","0.19","","2","","1","","***","","***","","***","","0",""
"2018100000","2018年度","43511","熊本県 五木村","","25,292","","***","","1,028,610","","90","","406","","0.20","","1","","1","","***","","***","","***","","0",""
"2018100000","2018年度","43512","熊本県 山江村","","12,119","","***","","2,586,920","","469","","798","","0.14","","2","","1","","***","","***","","***","","0",""
"2018100000","2018年度","43513","熊本県 球磨村","","20,758","","***","","2,623,794","","639","","X","","0.14","","2","","1","","***","","***","","***","","0",""
"2018100000","2018年度","43514","熊本県 あさぎり町","","15,956","","***","","13,773,607","","2,970","","12,433","","0.23","","5","","1","","***","","***","","***","","1",""
"2018100000","2018年度","43531","熊本県 苓北町","","6,758","","***","","6,557,253","","649","","2,512","","0.50","","4","","1","","***","","***","","***","","3",""
"2017100000","2017年度","43100","熊本県 熊本市","","39,032","","***","","933,759,310","","11,500","","467,396","","0.72","","94","","53","","***","","***","","***","","94",""
"2017100000","2017年度","43101","熊本県 熊本市 中央区","","2,545","","***","","-","","-","","13,761","","-","","20","","19","","***","","***","","***","","39",""
"2017100000","2017年度","43102","熊本県 熊本市 東区","","5,019","","***","","-","","-","","85,471","","-","","18","","10","","***","","***","","***","","17",""
"2017100000","2017年度","43103","熊本県 熊本市 西区","","8,933","","***","","-","","-","","26,640","","-","","14","","7","","***","","***","","***","","7",""
"2017100000","2017年度","43104","熊本県 熊本市 南区","","11,001","","***","","-","","-","","137,071","","-","","21","","8","","***","","***","","***","","16",""
"2017100000","2017年度","43105","熊本県 熊本市 北区","","11,534","","***","","-","","-","","204,454","","-","","21","","9","","***","","***","","***","","15",""
"2017100000","2017年度","43202","熊本県 八代市","","68,136","","***","","132,764,354","","7,390","","264,440","","0.49","","26","","16","","***","","***","","***","","11",""
"2017100000","2017年度","43203","熊本県 人吉市","","21,055","","***","","33,928,469","","1,540","","19,886","","0.43","","6","","3","","***","","***","","***","","11",""
"2017100000","2017年度","43204","熊本県 荒尾市","","5,737","","***","","51,372,391","","1,440","","37,439","","0.47","","10","","3","","***","","***","","***","","5",""
"2017100000","2017年度","43205","熊本県 水俣市","","16,329","","***","","23,641,407","","960","","71,206","","0.37","","8","","5","","***","","***","","***","","8",""
"2017100000","2017年度","43206","熊本県 玉名市","","15,260","","***","","71,104,301","","6,400","","58,522","","0.44","","21","","7","","***","","***","","***","","5",""
"2017100000","2017年度","43208","熊本県 山鹿市","","29,969","","***","","49,131,121","","6,970","","79,983","","0.33","","12","","6","","***","","***","","***","","6",""
"2017100000","2017年度","43210","熊本県 菊池市","","27,685","","***","","48,052,070","","5,940","","164,924","","0.43","","10","","5","","***","","***","","***","","5",""
"2017100000","2017年度","43211","熊本県 宇土市","","7,430","","***","","37,911,532","","1,870","","74,466","","0.51","","7","","4","","***","","***","","***","","1",""
"2017100000","2017年度","43212","熊本県 上天草市","","12,694","","***","","23,997,077","","1,220","","10,624","","0.25","","11","","7","","***","","***","","***","","1",""
"2017100000","2017年度","43213","熊本県 宇城市","","18,861","","***","","57,421,302","","5,660","","127,267","","0.39","","13","","5","","***","","***","","***","","8",""
"2017100000","2017年度","43214","熊本県 阿蘇市","","37,630","","***","","24,860,172","","9,190","","100,156","","0.35","","6","","3","","***","","***","","***","","4",""
"2017100000","2017年度","43215","熊本県 天草市","","68,386","","***","","72,766,752","","5,270","","30,220","","0.27","","21","","13","","***","","***","","***","","14",""
"2017100000","2017年度","43216","熊本県 合志市","","5,319","","***","","71,874,316","","2,200","","378,429","","0.66","","7","","3","","***","","***","","***","","5",""
"2017100000","2017年度","43348","熊本県 美里町","","14,400","","***","","7,869,807","","1,210","","3,605","","0.24","","3","","2","","***","","***","","***","","3",""
"2017100000","2017年度","43364","熊本県 玉東町","","2,433","","***","","4,666,649","","769","","2,366","","0.29","","2","","1","","***","","***","","***","","0",""
"2017100000","2017年度","43367","熊本県 南関町","","6,892","","***","","8,520,832","","1,460","","85,649","","0.38","","4","","1","","***","","***","","***","","0",""
"2017100000","2017年度","43368","熊本県 長洲町","","1,943","","***","","15,853,234","","676","","173,113","","0.54","","4","","2","","***","","***","","***","","1",""
"2017100000","2017年度","43369","熊本県 和水町","","9,878","","***","","8,745,110","","1,960","","23,738","","0.23","","5","","2","","***","","***","","***","","1",""
"2017100000","2017年度","43403","熊本県 大津町","","9,910","","***","","39,710,898","","2,190","","244,282","","0.72","","7","","2","","***","","***","","***","","2",""
"2017100000","2017年度","43404","熊本県 菊陽町","","3,746","","***","","56,366,185","","1,440","","181,547","","0.93","","6","","2","","***","","***","","***","","4",""
"2017100000","2017年度","43423","熊本県 南小国町","","11,590","","***","","3,385,178","","1,050","","846","","0.21","","3","","1","","***","","***","","***","","0",""
"2017100000","2017年度","43424","熊本県 小国町","","13,694","","***","","5,961,073","","1,570","","2,017","","0.22","","1","","1","","***","","***","","***","","1",""
"2017100000","2017年度","43425","熊本県 産山村","","6,081","","***","","1,097,803","","937","","X","","0.14","","1","","1","","***","","***","","***","","0",""
"2017100000","2017年度","43428","熊本県 高森町","","17,506","","***","","5,434,729","","2,430","","6,829","","0.23","","1","","1","","***","","***","","***","","0",""
"2017100000","2017年度","43432","熊本県 西原村","","7,722","","***","","5,197,366","","1,110","","38,369","","0.42","","2","","1","","***","","***","","***","","0",""
"2017100000","2017年度","43433","熊本県 南阿蘇村","","13,732","","***","","7,877,044","","3,150","","4,540","","0.28","","5","","1","","***","","***","","***","","1",""
"2017100000","2017年度","43441","熊本県 御船町","","9,903","","***","","14,266,091","","1,410","","9,549","","0.38","","6","","1","","***","","***","","***","","1",""
"2017100000","2017年度","43442","熊本県 嘉島町","","1,665","","***","","9,477,952","","813","","30,284","","0.67","","2","","1","","***","","***","","***","","2",""
"2017100000","2017年度","43443","熊本県 益城町","","6,568","","***","","24,917,098","","2,270","","61,902","","0.56","","5","","2","","***","","***","","***","","4",""
"2017100000","2017年度","43444","熊本県 甲佐町","","5,793","","***","","7,689,741","","1,150","","12,099","","0.30","","4","","1","","***","","***","","***","","2",""
"2017100000","2017年度","43447","熊本県 山都町","","54,467","","***","","11,618,846","","5,100","","5,244","","0.20","","7","","3","","***","","***","","***","","4",""
"2017100000","2017年度","43468","熊本県 氷川町","","3,336","","***","","10,547,924","","1,610","","616","","0.29","","3","","2","","***","","***","","***","","1",""
"2017100000","2017年度","43482","熊本県 芦北町","","23,400","","***","","13,827,444","","1,580","","15,112","","0.32","","9","","3","","***","","***","","***","","3",""
"2017100000","2017年度","43484","熊本県 津奈木町","","3,407","","***","","3,302,603","","306","","1,806","","0.21","","1","","1","","***","","***","","***","","0",""
"2017100000","2017年度","43501","熊本県 錦町","","8,504","","***","","9,438,340","","1,710","","22,536","","0.39","","3","","1","","***","","***","","***","","0",""
"2017100000","2017年度","43505","熊本県 多良木町","","16,586","","***","","8,690,175","","1,710","","6,567","","0.23","","6","","1","","***","","***","","***","","1",""
"2017100000","2017年度","43506","熊本県 湯前町","","4,837","","***","","2,955,818","","596","","2,527","","0.16","","1","","1","","***","","***","","***","","0",""
"2017100000","2017年度","43507","熊本県 水上村","","19,096","","***","","1,530,030","","401","","1,403","","0.14","","2","","1","","***","","***","","***","","0",""
"2017100000","2017年度","43510","熊本県 相良村","","9,454","","***","","3,566,736","","800","","1,523","","0.18","","2","","1","","***","","***","","***","","0",""
"2017100000","2017年度","43511","熊本県 五木村","","25,292","","***","","1,033,337","","95","","X","","0.19","","1","","1","","***","","***","","***","","0",""
"2017100000","2017年度","43512","熊本県 山江村","","12,119","","***","","2,550,974","","481","","676","","0.14","","2","","1","","***","","***","","***","","0",""
"2017100000","2017年度","43513","熊本県 球磨村","","20,758","","***","","2,494,141","","654","","X","","0.13","","2","","1","","***","","***","","***","","0",""
"2017100000","2017年度","43514","熊本県 あさぎり町","","15,956","","***","","13,366,742","","2,980","","12,027","","0.23","","5","","1","","***","","***","","***","","1",""
"2017100000","2017年度","43531","熊本県 苓北町","","6,758","","***","","6,437,136","","655","","2,692","","0.51","","4","","1","","***","","***","","***","","3",""
"2016100000","2016年度","43100","熊本県 熊本市","","39,032","","***","","973,168,782","","11,600","","411,067","","0.72","","97","","53","","***","","***","","***","","94",""
"2016100000","2016年度","43101","熊本県 熊本市 中央区","","2,545","","***","","-","","-","","14,460","","-","","20","","19","","***","","***","","***","","39",""
"2016100000","2016年度","43102","熊本県 熊本市 東区","","5,019","","***","","-","","-","","80,179","","-","","18","","10","","***","","***","","***","","17",""
"2016100000","2016年度","43103","熊本県 熊本市 西区","","8,933","","***","","-","","-","","27,344","","-","","17","","7","","***","","***","","***","","7",""
"2016100000","2016年度","43104","熊本県 熊本市 南区","","11,001","","***","","-","","-","","121,765","","-","","21","","8","","***","","***","","***","","16",""
"2016100000","2016年度","43105","熊本県 熊本市 北区","","11,534","","***","","-","","-","","167,318","","-","","21","","9","","***","","***","","***","","15",""
"2016100000","2016年度","43202","熊本県 八代市","","68,136","","***","","129,246,284","","7,420","","246,380","","0.49","","27","","16","","***","","***","","***","","11",""
"2016100000","2016年度","43203","熊本県 人吉市","","21,055","","***","","33,936,147","","1,550","","20,223","","0.43","","6","","3","","***","","***","","***","","11",""
"2016100000","2016年度","43204","熊本県 荒尾市","","5,737","","***","","50,786,256","","1,470","","34,706","","0.46","","10","","3","","***","","***","","***","","5",""
"2016100000","2016年度","43205","熊本県 水俣市","","16,329","","***","","23,543,158","","976","","72,713","","0.36","","8","","5","","***","","***","","***","","8",""
"2016100000","2016年度","43206","熊本県 玉名市","","15,260","","***","","69,095,614","","6,410","","57,599","","0.44","","21","","7","","***","","***","","***","","5",""
"2016100000","2016年度","43208","熊本県 山鹿市","","29,969","","***","","48,014,386","","6,980","","79,025","","0.33","","15","","6","","***","","***","","***","","6",""
"2016100000","2016年度","43210","熊本県 菊池市","","27,685","","***","","46,384,494","","5,950","","157,288","","0.43","","10","","5","","***","","***","","***","","5",""
"2016100000","2016年度","43211","熊本県 宇土市","","7,430","","***","","37,794,260","","1,890","","63,303","","0.51","","7","","4","","***","","***","","***","","1",""
"2016100000","2016年度","43212","熊本県 上天草市","","12,691","","***","","23,616,496","","1,240","","11,828","","0.25","","11","","7","","***","","***","","***","","1",""
"2016100000","2016年度","43213","熊本県 宇城市","","18,861","","***","","57,693,441","","5,700","","112,647","","0.39","","13","","5","","***","","***","","***","","8",""
"2016100000","2016年度","43214","熊本県 阿蘇市","","37,630","","***","","25,586,690","","9,170","","97,877","","0.36","","6","","3","","***","","***","","***","","4",""
"2016100000","2016年度","43215","熊本県 天草市","","68,386","","***","","71,918,107","","5,400","","29,785","","0.27","","22","","13","","***","","***","","***","","14",""
"2016100000","2016年度","43216","熊本県 合志市","","5,319","","***","","71,471,882","","2,220","","328,678","","0.64","","7","","3","","***","","***","","***","","5",""
"2016100000","2016年度","43348","熊本県 美里町","","14,400","","***","","7,800,646","","1,210","","3,330","","0.25","","3","","2","","***","","***","","***","","3",""
"2016100000","2016年度","43364","熊本県 玉東町","","2,433","","***","","4,611,730","","785","","2,354","","0.27","","2","","1","","***","","***","","***","","0",""
"2016100000","2016年度","43367","熊本県 南関町","","6,892","","***","","8,248,963","","1,490","","75,112","","0.37","","4","","1","","***","","***","","***","","0",""
"2016100000","2016年度","43368","熊本県 長洲町","","1,943","","***","","15,514,498","","680","","181,511","","0.54","","4","","2","","***","","***","","***","","1",""
"2016100000","2016年度","43369","熊本県 和水町","","9,878","","***","","9,343,145","","1,970","","25,878","","0.23","","5","","2","","***","","***","","***","","1",""
"2016100000","2016年度","43403","熊本県 大津町","","9,910","","***","","40,158,821","","2,110","","201,934","","0.70","","7","","2","","***","","***","","***","","2",""
"2016100000","2016年度","43404","熊本県 菊陽町","","3,746","","***","","54,828,836","","1,430","","257,524","","0.92","","6","","2","","***","","***","","***","","4",""
"2016100000","2016年度","43423","熊本県 南小国町","","11,590","","***","","3,417,151","","1,040","","885","","0.21","","3","","1","","***","","***","","***","","0",""
"2016100000","2016年度","43424","熊本県 小国町","","13,694","","***","","5,856,959","","1,590","","1,804","","0.22","","1","","1","","***","","***","","***","","1",""
"2016100000","2016年度","43425","熊本県 産山村","","6,081","","***","","1,063,016","","946","","X","","0.14","","1","","1","","***","","***","","***","","0",""
"2016100000","2016年度","43428","熊本県 高森町","","17,506","","***","","5,231,196","","2,440","","6,374","","0.23","","2","","2","","***","","***","","***","","0",""
"2016100000","2016年度","43432","熊本県 西原村","","7,722","","***","","7,662,250","","1,110","","21,868","","0.41","","2","","1","","***","","***","","***","","0",""
"2016100000","2016年度","43433","熊本県 南阿蘇村","","13,732","","***","","9,596,641","","2,940","","3,841","","0.29","","5","","1","","***","","***","","***","","0",""
"2016100000","2016年度","43441","熊本県 御船町","","9,903","","***","","15,671,355","","1,400","","9,960","","0.37","","6","","1","","***","","***","","***","","1",""
"2016100000","2016年度","43442","熊本県 嘉島町","","1,665","","***","","10,658,682","","813","","18,132","","0.68","","2","","1","","***","","***","","***","","2",""
"2016100000","2016年度","43443","熊本県 益城町","","6,568","","***","","35,331,474","","2,120","","59,303","","0.56","","5","","2","","***","","***","","***","","4",""
"2016100000","2016年度","43444","熊本県 甲佐町","","5,793","","***","","8,341,912","","1,170","","11,303","","0.30","","4","","1","","***","","***","","***","","2",""
"2016100000","2016年度","43447","熊本県 山都町","","54,467","","***","","11,515,864","","5,030","","4,473","","0.20","","7","","3","","***","","***","","***","","4",""
"2016100000","2016年度","43468","熊本県 氷川町","","3,336","","***","","10,835,103","","1,620","","594","","0.28","","3","","2","","***","","***","","***","","1",""
"2016100000","2016年度","43482","熊本県 芦北町","","23,398","","***","","13,646,411","","1,600","","14,277","","0.30","","9","","3","","***","","***","","***","","3",""
"2016100000","2016年度","43484","熊本県 津奈木町","","3,409","","***","","3,249,079","","315","","1,680","","0.20","","1","","1","","***","","***","","***","","0",""
"2016100000","2016年度","43501","熊本県 錦町","","8,504","","***","","9,377,998","","1,720","","20,639","","0.37","","3","","1","","***","","***","","***","","0",""
"2016100000","2016年度","43505","熊本県 多良木町","","16,586","","***","","8,518,786","","1,710","","5,046","","0.22","","6","","1","","***","","***","","***","","1",""
"2016100000","2016年度","43506","熊本県 湯前町","","4,837","","***","","2,863,888","","598","","2,690","","0.16","","1","","1","","***","","***","","***","","0",""
"2016100000","2016年度","43507","熊本県 水上村","","19,096","","***","","1,506,341","","416","","1,445","","0.13","","2","","1","","***","","***","","***","","0",""
"2016100000","2016年度","43510","熊本県 相良村","","9,454","","***","","3,429,685","","805","","1,480","","0.18","","2","","1","","***","","***","","***","","0",""
"2016100000","2016年度","43511","熊本県 五木村","","25,292","","***","","1,000,630","","108","","X","","0.17","","1","","1","","***","","***","","***","","0",""
"2016100000","2016年度","43512","熊本県 山江村","","12,119","","***","","2,421,684","","503","","872","","0.13","","2","","1","","***","","***","","***","","0",""
"2016100000","2016年度","43513","熊本県 球磨村","","20,758","","***","","2,432,184","","684","","X","","0.13","","2","","1","","***","","***","","***","","0",""
"2016100000","2016年度","43514","熊本県 あさぎり町","","15,956","","***","","13,024,777","","2,980","","11,071","","0.23","","5","","1","","***","","***","","***","","1",""
"2016100000","2016年度","43531","熊本県 苓北町","","6,758","","***","","6,516,489","","661","","2,929","","0.52","","4","","1","","***","","***","","***","","3",""
"2015100000","2015年度","43100","熊本県 熊本市","","39,032","","***","","929,438,785","","11,700","","391,066","","0.71","","96","","53","","***","","***","","***","","94",""
"2015100000","2015年度","43101","熊本県 熊本市 中央区","","2,545","","***","","-","","-","","13,958","","-","","20","","19","","***","","***","","***","","39",""
"2015100000","2015年度","43102","熊本県 熊本市 東区","","5,019","","***","","-","","-","","81,413","","-","","18","","10","","***","","***","","***","","17",""
"2015100000","2015年度","43103","熊本県 熊本市 西区","","8,933","","***","","-","","-","","20,916","","-","","17","","7","","***","","***","","***","","7",""
"2015100000","2015年度","43104","熊本県 熊本市 南区","","11,001","","***","","-","","-","","122,376","","-","","21","","8","","***","","***","","***","","16",""
"2015100000","2015年度","43105","熊本県 熊本市 北区","","11,534","","***","","-","","-","","152,403","","-","","20","","9","","***","","***","","***","","15",""
"2015100000","2015年度","43202","熊本県 八代市","","68,136","","***","","127,825,346","","7,450","","246,241","","0.48","","27","","16","","***","","***","","***","","12",""
"2015100000","2015年度","43203","熊本県 人吉市","","21,055","","***","","33,361,685","","1,570","","17,228","","0.42","","6","","3","","***","","***","","***","","11",""
"2015100000","2015年度","43204","熊本県 荒尾市","","5,737","","***","","49,617,730","","1,470","","37,298","","0.46","","10","","3","","***","","***","","***","","5",""
"2015100000","2015年度","43205","熊本県 水俣市","","16,329","","***","","23,461,240","","985","","78,141","","0.35","","8","","5","","***","","***","","***","","8",""
"2015100000","2015年度","43206","熊本県 玉名市","","15,260","","***","","66,316,658","","6,440","","76,111","","0.43","","21","","7","","***","","***","","***","","5",""
"2015100000","2015年度","43208","熊本県 山鹿市","","29,969","","***","","47,762,247","","7,000","","80,140","","0.33","","19","","6","","***","","***","","***","","6",""
"2015100000","2015年度","43210","熊本県 菊池市","","27,685","","***","","45,048,312","","5,980","","155,485","","0.43","","10","","5","","***","","***","","***","","5",""
"2015100000","2015年度","43211","熊本県 宇土市","","7,430","","***","","37,159,657","","1,910","","96,832","","0.49","","7","","4","","***","","***","","***","","1",""
"2015100000","2015年度","43212","熊本県 上天草市","","12,691","","***","","23,384,033","","1,260","","11,160","","0.25","","11","","7","","***","","***","","***","","1",""
"2015100000","2015年度","43213","熊本県 宇城市","","18,861","","***","","56,660,482","","5,770","","114,045","","0.40","","13","","5","","***","","***","","***","","8",""
"2015100000","2015年度","43214","熊本県 阿蘇市","","37,630","","***","","24,899,838","","9,390","","64,573","","0.36","","9","","3","","***","","***","","***","","4",""
"2015100000","2015年度","43215","熊本県 天草市","","68,378","","***","","70,430,857","","5,530","","26,800","","0.27","","22","","13","","***","","***","","***","","14",""
"2015100000","2015年度","43216","熊本県 合志市","","5,319","","***","","67,067,697","","2,230","","311,044","","0.64","","7","","3","","***","","***","","***","","5",""
"2015100000","2015年度","43348","熊本県 美里町","","14,400","","***","","7,883,022","","1,250","","3,400","","0.25","","3","","2","","***","","***","","***","","3",""
"2015100000","2015年度","43364","熊本県 玉東町","","2,433","","***","","4,474,108","","792","","4,465","","0.25","","2","","1","","***","","***","","***","","0",""
"2015100000","2015年度","43367","熊本県 南関町","","6,892","","***","","8,200,998","","1,500","","65,914","","0.37","","4","","1","","***","","***","","***","","0",""
"2015100000","2015年度","43368","熊本県 長洲町","","1,943","","***","","15,248,870","","684","","171,038","","0.56","","4","","2","","***","","***","","***","","1",""
"2015100000","2015年度","43369","熊本県 和水町","","9,878","","***","","8,137,002","","1,980","","25,589","","0.23","","5","","2","","***","","***","","***","","1",""
"2015100000","2015年度","43403","熊本県 大津町","","9,910","","***","","38,482,713","","2,200","","197,983","","0.70","","7","","2","","***","","***","","***","","2",""
"2015100000","2015年度","43404","熊本県 菊陽町","","3,746","","***","","52,118,615","","1,450","","292,430","","0.92","","6","","2","","***","","***","","***","","4",""
"2015100000","2015年度","43423","熊本県 南小国町","","11,590","","***","","3,296,794","","1,060","","749","","0.20","","3","","1","","***","","***","","***","","0",""
"2015100000","2015年度","43424","熊本県 小国町","","13,694","","***","","5,766,898","","1,590","","1,942","","0.21","","1","","1","","***","","***","","***","","1",""
"2015100000","2015年度","43425","熊本県 産山村","","6,081","","***","","1,053,780","","957","","X","","0.13","","1","","1","","***","","***","","***","","0",""
"2015100000","2015年度","43428","熊本県 高森町","","17,506","","***","","5,145,162","","2,450","","6,338","","0.22","","2","","2","","***","","***","","***","","0",""
"2015100000","2015年度","43432","熊本県 西原村","","7,722","","***","","7,044,889","","1,200","","39,827","","0.39","","2","","1","","***","","***","","***","","0",""
"2015100000","2015年度","43433","熊本県 南阿蘇村","","13,732","","***","","9,553,045","","3,380","","1,567","","0.30","","5","","3","","***","","***","","***","","1",""
"2015100000","2015年度","43441","熊本県 御船町","","9,903","","***","","15,336,834","","1,550","","8,780","","0.37","","6","","1","","***","","***","","***","","1",""
"2015100000","2015年度","43442","熊本県 嘉島町","","1,665","","***","","10,243,286","","815","","36,239","","0.68","","2","","1","","***","","***","","***","","2",""
"2015100000","2015年度","43443","熊本県 益城町","","6,568","","***","","34,258,185","","2,310","","65,697","","0.56","","5","","2","","***","","***","","***","","4",""
"2015100000","2015年度","43444","熊本県 甲佐町","","5,793","","***","","8,328,861","","1,240","","10,725","","0.29","","4","","1","","***","","***","","***","","2",""
"2015100000","2015年度","43447","熊本県 山都町","","54,467","","***","","10,930,595","","5,200","","5,086","","0.20","","7","","3","","***","","***","","***","","4",""
"2015100000","2015年度","43468","熊本県 氷川町","","3,336","","***","","10,593,449","","1,620","","449","","0.28","","3","","2","","***","","***","","***","","1",""
"2015100000","2015年度","43482","熊本県 芦北町","","23,398","","***","","13,641,384","","1,620","","14,364","","0.29","","9","","3","","***","","***","","***","","3",""
"2015100000","2015年度","43484","熊本県 津奈木町","","3,409","","***","","3,139,352","","326","","1,847","","0.19","","2","","1","","***","","***","","***","","0",""
"2015100000","2015年度","43501","熊本県 錦町","","8,504","","***","","8,978,289","","1,720","","21,912","","0.35","","3","","1","","***","","***","","***","","0",""
"2015100000","2015年度","43505","熊本県 多良木町","","16,586","","***","","8,438,526","","1,710","","3,640","","0.22","","6","","1","","***","","***","","***","","1",""
"2015100000","2015年度","43506","熊本県 湯前町","","4,837","","***","","2,852,080","","598","","2,245","","0.16","","1","","1","","***","","***","","***","","0",""
"2015100000","2015年度","43507","熊本県 水上村","","19,096","","***","","1,500,200","","423","","1,384","","0.13","","2","","1","","***","","***","","***","","0",""
"2015100000","2015年度","43510","熊本県 相良村","","9,454","","***","","3,355,559","","813","","7,657","","0.17","","2","","1","","***","","***","","***","","0",""
"2015100000","2015年度","43511","熊本県 五木村","","25,292","","***","","1,049,728","","121","","X","","0.16","","1","","1","","***","","***","","***","","0",""
"2015100000","2015年度","43512","熊本県 山江村","","12,119","","***","","2,339,042","","525","","704","","0.13","","2","","1","","***","","***","","***","","0",""
"2015100000","2015年度","43513","熊本県 球磨村","","20,758","","***","","2,462,459","","706","","490","","0.12","","2","","1","","***","","***","","***","","0",""
"2015100000","2015年度","43514","熊本県 あさぎり町","","15,956","","***","","12,695,342","","2,980","","11,197","","0.22","","5","","1","","***","","***","","***","","1",""
"2015100000","2015年度","43531","熊本県 苓北町","","6,757","","***","","6,552,995","","665","","2,109","","0.55","","4","","1","","***","","***","","***","","3",""
"2014100000","2014年度","43100","熊本県 熊本市","","39,032","","6,188","","914,625,397","","11,900","","391,349","","0.70","","96","","53","","***","","***","","***","","94",""
"2014100000","2014年度","43101","熊本県 熊本市 中央区","","2,545","","42","","-","","-","","16,489","","-","","20","","19","","***","","***","","***","","39",""
"2014100000","2014年度","43102","熊本県 熊本市 東区","","5,019","","216","","-","","-","","72,978","","-","","18","","10","","***","","***","","***","","17",""
"2014100000","2014年度","43103","熊本県 熊本市 西区","","8,933","","2,404","","-","","-","","29,430","","-","","17","","7","","***","","***","","***","","7",""
"2014100000","2014年度","43104","熊本県 熊本市 南区","","11,001","","1,069","","-","","-","","108,722","","-","","21","","8","","***","","***","","***","","16",""
"2014100000","2014年度","43105","熊本県 熊本市 北区","","11,534","","2,457","","-","","-","","163,730","","-","","20","","9","","***","","***","","***","","15",""
"2014100000","2014年度","43202","熊本県 八代市","","68,136","","49,910","","125,377,498","","7,490","","240,686","","0.48","","27","","16","","***","","***","","***","","12",""
"2014100000","2014年度","43203","熊本県 人吉市","","21,055","","15,814","","32,591,307","","1,580","","20,198","","0.42","","6","","3","","***","","***","","***","","11",""
"2014100000","2014年度","43204","熊本県 荒尾市","","5,737","","917","","50,041,219","","1,500","","29,039","","0.46","","10","","3","","***","","***","","***","","5",""
"2014100000","2014年度","43205","熊本県 水俣市","","16,329","","12,108","","23,614,458","","986","","68,643","","0.33","","8","","5","","***","","***","","***","","8",""
"2014100000","2014年度","43206","熊本県 玉名市","","15,260","","2,665","","66,651,207","","6,490","","47,700","","0.43","","21","","7","","***","","***","","***","","5",""
"2014100000","2014年度","43208","熊本県 山鹿市","","29,969","","15,431","","47,108,162","","7,040","","73,115","","0.33","","19","","6","","***","","***","","***","","6",""
"2014100000","2014年度","43210","熊本県 菊池市","","27,685","","15,067","","44,694,544","","5,990","","151,678","","0.43","","10","","5","","***","","***","","***","","5",""
"2014100000","2014年度","43211","熊本県 宇土市","","7,430","","2,845","","36,262,220","","1,920","","78,615","","0.48","","7","","4","","***","","***","","***","","1",""
"2014100000","2014年度","43212","熊本県 上天草市","","12,691","","7,585","","23,272,738","","1,270","","10,519","","0.25","","11","","7","","***","","***","","***","","1",""
"2014100000","2014年度","43213","熊本県 宇城市","","18,860","","5,946","","55,620,660","","5,860","","112,721","","0.40","","13","","5","","***","","***","","***","","8",""
"2014100000","2014年度","43214","熊本県 阿蘇市","","37,630","","15,048","","25,016,281","","9,410","","69,354","","0.36","","9","","3","","***","","***","","***","","4",""
"2014100000","2014年度","43215","熊本県 天草市","","68,378","","46,373","","70,613,912","","5,630","","28,123","","0.27","","22","","13","","***","","***","","***","","14",""
"2014100000","2014年度","43216","熊本県 合志市","","5,319","","612","","64,836,688","","2,240","","238,426","","0.61","","7","","3","","***","","***","","***","","5",""
"2014100000","2014年度","43348","熊本県 美里町","","14,400","","10,387","","7,793,827","","1,270","","3,211","","0.24","","3","","2","","***","","***","","***","","3",""
"2014100000","2014年度","43364","熊本県 玉東町","","2,433","","754","","4,443,038","","793","","2,700","","0.24","","2","","1","","***","","***","","***","","0",""
"2014100000","2014年度","43367","熊本県 南関町","","6,892","","3,382","","8,158,282","","1,530","","55,630","","0.36","","4","","1","","***","","***","","***","","0",""
"2014100000","2014年度","43368","熊本県 長洲町","","1,943","","34","","15,517,925","","688","","172,279","","0.58","","4","","2","","***","","***","","***","","1",""
"2014100000","2014年度","43369","熊本県 和水町","","9,878","","5,159","","8,279,566","","2,000","","27,145","","0.23","","5","","2","","***","","***","","***","","1",""
"2014100000","2014年度","43403","熊本県 大津町","","9,910","","4,370","","36,960,528","","2,220","","202,615","","0.71","","7","","2","","***","","***","","***","","2",""
"2014100000","2014年度","43404","熊本県 菊陽町","","3,746","","359","","49,602,032","","1,460","","213,895","","0.93","","6","","2","","***","","***","","***","","4",""
"2014100000","2014年度","43423","熊本県 南小国町","","11,590","","7,868","","3,304,836","","1,060","","921","","0.19","","3","","1","","***","","***","","***","","0",""
"2014100000","2014年度","43424","熊本県 小国町","","13,694","","10,185","","5,700,405","","1,590","","1,779","","0.21","","1","","1","","***","","***","","***","","1",""
"2014100000","2014年度","43425","熊本県 産山村","","6,081","","3,543","","980,549","","958","","X","","0.12","","1","","1","","***","","***","","***","","0",""
"2014100000","2014年度","43428","熊本県 高森町","","17,506","","11,709","","5,167,663","","2,460","","7,040","","0.22","","2","","2","","***","","***","","***","","0",""
"2014100000","2014年度","43432","熊本県 西原村","","7,722","","4,244","","6,668,666","","1,200","","35,119","","0.37","","2","","1","","***","","***","","***","","0",""
"2014100000","2014年度","43433","熊本県 南阿蘇村","","13,732","","6,177","","9,475,005","","3,390","","2,518","","0.30","","5","","3","","***","","***","","***","","1",""
"2014100000","2014年度","43441","熊本県 御船町","","9,903","","5,552","","15,055,310","","1,560","","9,777","","0.36","","6","","1","","***","","***","","***","","1",""
"2014100000","2014年度","43442","熊本県 嘉島町","","1,665","","0","","9,982,400","","817","","32,964","","0.69","","2","","1","","***","","***","","***","","2",""
"2014100000","2014年度","43443","熊本県 益城町","","6,568","","1,915","","33,452,597","","2,320","","59,582","","0.55","","5","","2","","***","","***","","***","","4",""
"2014100000","2014年度","43444","熊本県 甲佐町","","5,793","","2,550","","8,299,558","","1,250","","11,026","","0.28","","4","","1","","***","","***","","***","","2",""
"2014100000","2014年度","43447","熊本県 山都町","","54,467","","38,732","","11,341,175","","5,260","","5,536","","0.19","","7","","3","","***","","***","","***","","4",""
"2014100000","2014年度","43468","熊本県 氷川町","","3,336","","340","","10,622,303","","1,630","","558","","0.27","","3","","2","","***","","***","","***","","1",""
"2014100000","2014年度","43482","熊本県 芦北町","","23,397","","18,243","","13,529,666","","1,620","","13,833","","0.27","","9","","3","","***","","***","","***","","3",""
"2014100000","2014年度","43484","熊本県 津奈木町","","3,409","","2,174","","3,131,245","","326","","1,881","","0.18","","2","","1","","***","","***","","***","","0",""
"2014100000","2014年度","43501","熊本県 錦町","","8,504","","4,876","","8,770,439","","1,740","","27,580","","0.33","","3","","1","","***","","***","","***","","0",""
"2014100000","2014年度","43505","熊本県 多良木町","","16,586","","13,273","","8,540,595","","1,720","","6,048","","0.21","","6","","1","","***","","***","","***","","1",""
"2014100000","2014年度","43506","熊本県 湯前町","","4,837","","3,516","","2,773,010","","602","","2,437","","0.15","","1","","1","","***","","***","","***","","0",""
"2014100000","2014年度","43507","熊本県 水上村","","19,096","","17,425","","1,473,923","","432","","1,521","","0.13","","2","","1","","***","","***","","***","","0",""
"2014100000","2014年度","43510","熊本県 相良村","","9,454","","6,952","","3,217,740","","829","","1,791","","0.16","","2","","1","","***","","***","","***","","0",""
"2014100000","2014年度","43511","熊本県 五木村","","25,292","","24,123","","998,386","","131","","1,145","","0.15","","1","","1","","***","","***","","***","","0",""
"2014100000","2014年度","43512","熊本県 山江村","","12,119","","10,487","","2,359,551","","525","","776","","0.13","","2","","1","","***","","***","","***","","0",""
"2014100000","2014年度","43513","熊本県 球磨村","","20,758","","18,120","","2,400,450","","716","","X","","0.12","","2","","1","","***","","***","","***","","0",""
"2014100000","2014年度","43514","熊本県 あさぎり町","","15,956","","10,503","","12,648,596","","2,990","","9,838","","0.22","","5","","1","","***","","***","","***","","1",""
"2014100000","2014年度","43531","熊本県 苓北町","","6,755","","4,149","","6,574,441","","672","","2,387","","0.57","","4","","3","","***","","***","","***","","3",""
"2013100000","2013年度","43100","熊本県 熊本市","","38,954","","***","","898,703,316","","12,000","","373,841","","0.68","","95","","53","","***","","***","","***","","94",""
"2013100000","2013年度","43101","熊本県 熊本市 中央区","","2,546","","***","","-","","-","","13,986","","-","","20","","19","","***","","***","","***","","39",""
"2013100000","2013年度","43102","熊本県 熊本市 東区","","5,007","","***","","-","","-","","66,834","","-","","18","","10","","***","","***","","***","","17",""
"2013100000","2013年度","43103","熊本県 熊本市 西区","","8,880","","***","","-","","-","","26,842","","-","","17","","7","","***","","***","","***","","7",""
"2013100000","2013年度","43104","熊本県 熊本市 南区","","10,986","","***","","-","","-","","105,521","","-","","20","","8","","***","","***","","***","","16",""
"2013100000","2013年度","43105","熊本県 熊本市 北区","","11,535","","***","","-","","-","","160,657","","-","","20","","9","","***","","***","","***","","15",""
"2013100000","2013年度","43202","熊本県 八代市","","68,060","","***","","126,080,146","","7,550","","229,288","","0.47","","30","","16","","***","","***","","***","","12",""
"2013100000","2013年度","43203","熊本県 人吉市","","21,048","","***","","34,325,057","","1,590","","19,890","","0.42","","9","","3","","***","","***","","***","","11",""
"2013100000","2013年度","43204","熊本県 荒尾市","","5,715","","***","","49,813,150","","1,530","","29,585","","0.45","","10","","3","","***","","***","","***","","5",""
"2013100000","2013年度","43205","熊本県 水俣市","","16,290","","***","","23,625,739","","988","","62,867","","0.35","","8","","5","","***","","***","","***","","8",""
"2013100000","2013年度","43206","熊本県 玉名市","","15,259","","***","","67,439,299","","6,540","","52,820","","0.42","","21","","7","","***","","***","","***","","5",""
"2013100000","2013年度","43208","熊本県 山鹿市","","29,967","","***","","47,140,679","","7,070","","72,577","","0.33","","19","","6","","***","","***","","***","","6",""
"2013100000","2013年度","43210","熊本県 菊池市","","27,666","","***","","44,649,032","","6,020","","147,545","","0.43","","10","","5","","***","","***","","***","","5",""
"2013100000","2013年度","43211","熊本県 宇土市","","7,420","","***","","36,206,045","","1,930","","79,444","","0.47","","7","","4","","***","","***","","***","","1",""
"2013100000","2013年度","43212","熊本県 上天草市","","12,615","","***","","23,165,768","","1,290","","10,167","","0.25","","11","","8","","***","","***","","***","","1",""
"2013100000","2013年度","43213","熊本県 宇城市","","18,860","","***","","55,759,137","","5,900","","104,500","","0.40","","13","","5","","***","","***","","***","","8",""
"2013100000","2013年度","43214","熊本県 阿蘇市","","37,625","","***","","24,290,428","","9,360","","73,730","","0.35","","9","","3","","***","","***","","***","","4",""
"2013100000","2013年度","43215","熊本県 天草市","","68,332","","***","","70,291,980","","5,740","","27,205","","0.27","","29","","13","","***","","***","","***","","14",""
"2013100000","2013年度","43216","熊本県 合志市","","5,317","","***","","64,236,367","","2,240","","224,054","","0.60","","7","","3","","***","","***","","***","","5",""
"2013100000","2013年度","43348","熊本県 美里町","","14,403","","***","","7,776,558","","1,290","","3,020","","0.24","","3","","2","","***","","***","","***","","3",""
"2013100000","2013年度","43364","熊本県 玉東町","","2,440","","***","","4,385,418","","796","","2,744","","0.22","","2","","1","","***","","***","","***","","0",""
"2013100000","2013年度","43367","熊本県 南関町","","6,896","","***","","8,132,745","","1,550","","55,242","","0.35","","4","","1","","***","","***","","***","","0",""
"2013100000","2013年度","43368","熊本県 長洲町","","1,944","","***","","15,648,254","","701","","164,436","","0.55","","4","","2","","***","","***","","***","","1",""
"2013100000","2013年度","43369","熊本県 和水町","","9,875","","***","","8,462,873","","2,030","","35,722","","0.24","","8","","2","","***","","***","","***","","1",""
"2013100000","2013年度","43403","熊本県 大津町","","9,909","","***","","35,976,624","","2,220","","216,185","","0.73","","7","","2","","***","","***","","***","","2",""
"2013100000","2013年度","43404","熊本県 菊陽町","","3,757","","***","","47,836,079","","1,460","","170,863","","0.93","","6","","2","","***","","***","","***","","4",""
"2013100000","2013年度","43423","熊本県 南小国町","","11,590","","***","","3,213,274","","1,070","","939","","0.19","","3","","1","","***","","***","","***","","0",""
"2013100000","2013年度","43424","熊本県 小国町","","13,696","","***","","5,622,055","","1,590","","1,699","","0.20","","1","","1","","***","","***","","***","","1",""
"2013100000","2013年度","43425","熊本県 産山村","","6,080","","***","","949,925","","957","","X","","0.12","","1","","1","","***","","***","","***","","0",""
"2013100000","2013年度","43428","熊本県 高森町","","17,490","","***","","5,078,139","","2,470","","7,085","","0.21","","2","","2","","***","","***","","***","","0",""
"2013100000","2013年度","43432","熊本県 西原村","","7,723","","***","","6,376,099","","1,200","","31,642","","0.36","","2","","1","","***","","***","","***","","0",""
"2013100000","2013年度","43433","熊本県 南阿蘇村","","13,730","","***","","9,554,700","","3,400","","2,150","","0.30","","5","","3","","***","","***","","***","","1",""
"2013100000","2013年度","43441","熊本県 御船町","","9,900","","***","","15,078,896","","1,570","","8,272","","0.36","","6","","1","","***","","***","","***","","1",""
"2013100000","2013年度","43442","熊本県 嘉島町","","1,666","","***","","9,620,979","","818","","34,160","","0.68","","2","","1","","***","","***","","***","","2",""
"2013100000","2013年度","43443","熊本県 益城町","","6,567","","***","","32,630,964","","2,330","","58,228","","0.55","","5","","2","","***","","***","","***","","4",""
"2013100000","2013年度","43444","熊本県 甲佐町","","5,787","","***","","8,220,091","","1,250","","10,134","","0.28","","4","","1","","***","","***","","***","","2",""
"2013100000","2013年度","43447","熊本県 山都町","","54,483","","***","","11,077,440","","5,350","","5,565","","0.19","","7","","3","","***","","***","","***","","4",""
"2013100000","2013年度","43468","熊本県 氷川町","","3,329","","***","","10,467,451","","1,630","","567","","0.27","","3","","2","","***","","***","","***","","1",""
"2013100000","2013年度","43482","熊本県 芦北町","","23,381","","***","","13,709,015","","1,640","","12,749","","0.27","","9","","4","","***","","***","","***","","3",""
"2013100000","2013年度","43484","熊本県 津奈木町","","3,398","","***","","3,129,940","","329","","1,801","","0.18","","2","","1","","***","","***","","***","","0",""
"2013100000","2013年度","43501","熊本県 錦町","","8,493","","***","","8,747,665","","1,750","","28,812","","0.34","","3","","1","","***","","***","","***","","0",""
"2013100000","2013年度","43505","熊本県 多良木町","","16,586","","***","","8,350,677","","1,720","","5,296","","0.21","","6","","1","","***","","***","","***","","1",""
"2013100000","2013年度","43506","熊本県 湯前町","","4,842","","***","","2,787,666","","602","","2,509","","0.15","","1","","1","","***","","***","","***","","0",""
"2013100000","2013年度","43507","熊本県 水上村","","19,096","","***","","1,428,738","","448","","1,502","","0.14","","2","","1","","***","","***","","***","","0",""
"2013100000","2013年度","43510","熊本県 相良村","","9,454","","***","","3,181,268","","834","","1,613","","0.16","","2","","1","","***","","***","","***","","0",""
"2013100000","2013年度","43511","熊本県 五木村","","25,294","","***","","1,016,096","","134","","698","","0.15","","1","","1","","***","","***","","***","","0",""
"2013100000","2013年度","43512","熊本県 山江村","","12,121","","***","","2,289,951","","528","","743","","0.13","","2","","1","","***","","***","","***","","0",""
"2013100000","2013年度","43513","熊本県 球磨村","","20,773","","***","","2,345,195","","715","","X","","0.12","","2","","1","","***","","***","","***","","0",""
"2013100000","2013年度","43514","熊本県 あさぎり町","","15,949","","***","","12,675,279","","2,990","","10,043","","0.22","","5","","1","","***","","***","","***","","1",""
"2013100000","2013年度","43531","熊本県 苓北町","","6,709","","***","","6,640,502","","674","","2,790","","0.59","","4","","3","","***","","***","","***","","3",""
"2012100000","2012年度","43100","熊本県 熊本市","","38,954","","***","","890,325,037","","12,000","","372,418","","0.66","","94","","53","","***","","***","","***","","94",""
"2012100000","2012年度","43101","熊本県 熊本市 中央区","","2,546","","***","","-","","-","","18,801","","-","","20","","19","","***","","***","","***","","38",""
"2012100000","2012年度","43102","熊本県 熊本市 東区","","5,007","","***","","-","","-","","67,300","","-","","18","","10","","***","","***","","***","","18",""
"2012100000","2012年度","43103","熊本県 熊本市 西区","","8,880","","***","","-","","-","","34,245","","-","","17","","7","","***","","***","","***","","7",""
"2012100000","2012年度","43104","熊本県 熊本市 南区","","10,986","","***","","-","","-","","106,416","","-","","19","","8","","***","","***","","***","","16",""
"2012100000","2012年度","43105","熊本県 熊本市 北区","","11,535","","***","","-","","-","","145,656","","-","","20","","9","","***","","***","","***","","15",""
"2012100000","2012年度","43202","熊本県 八代市","","68,060","","***","","123,228,754","","7,580","","233,788","","0.46","","32","","16","","***","","***","","***","","12",""
"2012100000","2012年度","43203","熊本県 人吉市","","21,048","","***","","32,824,264","","1,600","","22,495","","0.41","","9","","3","","***","","***","","***","","11",""
"2012100000","2012年度","43204","熊本県 荒尾市","","5,715","","***","","50,775,722","","1,550","","31,183","","0.45","","10","","3","","***","","***","","***","","5",""
"2012100000","2012年度","43205","熊本県 水俣市","","16,290","","***","","23,932,148","","987","","60,195","","0.35","","8","","5","","***","","***","","***","","8",""
"2012100000","2012年度","43206","熊本県 玉名市","","15,256","","***","","66,325,942","","6,570","","64,112","","0.41","","21","","7","","***","","***","","***","","5",""
"2012100000","2012年度","43208","熊本県 山鹿市","","29,967","","***","","47,577,391","","7,090","","35,441","","0.33","","22","","6","","***","","***","","***","","6",""
"2012100000","2012年度","43210","熊本県 菊池市","","27,666","","***","","44,748,718","","6,050","","150,459","","0.42","","14","","5","","***","","***","","***","","5",""
"2012100000","2012年度","43211","熊本県 宇土市","","7,420","","***","","35,727,707","","1,950","","72,931","","0.47","","7","","4","","***","","***","","***","","1",""
"2012100000","2012年度","43212","熊本県 上天草市","","12,615","","***","","23,138,641","","1,300","","9,733","","0.25","","11","","8","","***","","***","","***","","1",""
"2012100000","2012年度","43213","熊本県 宇城市","","18,860","","***","","55,602,951","","5,940","","108,820","","0.40","","13","","5","","***","","***","","***","","8",""
"2012100000","2012年度","43214","熊本県 阿蘇市","","37,625","","***","","25,989,853","","9,200","","76,623","","0.34","","11","","3","","***","","***","","***","","4",""
"2012100000","2012年度","43215","熊本県 天草市","","68,331","","***","","70,305,267","","5,790","","25,230","","0.27","","35","","13","","***","","***","","***","","14",""
"2012100000","2012年度","43216","熊本県 合志市","","5,317","","***","","64,416,404","","2,250","","221,305","","0.57","","7","","3","","***","","***","","***","","5",""
"2012100000","2012年度","43348","熊本県 美里町","","14,403","","***","","7,819,628","","1,300","","3,014","","0.24","","3","","2","","***","","***","","***","","3",""
"2012100000","2012年度","43364","熊本県 玉東町","","2,440","","***","","4,459,335","","797","","3,462","","0.21","","2","","1","","***","","***","","***","","0",""
"2012100000","2012年度","43367","熊本県 南関町","","6,896","","***","","8,071,725","","1,590","","56,225","","0.35","","4","","1","","***","","***","","***","","0",""
"2012100000","2012年度","43368","熊本県 長洲町","","1,944","","***","","16,073,419","","706","","69,041","","0.54","","4","","2","","***","","***","","***","","1",""
"2012100000","2012年度","43369","熊本県 和水町","","9,875","","***","","8,584,203","","2,060","","48,810","","0.23","","8","","2","","***","","***","","***","","1",""
"2012100000","2012年度","43403","熊本県 大津町","","9,909","","***","","35,848,988","","2,210","","294,601","","0.75","","6","","2","","***","","***","","***","","2",""
"2012100000","2012年度","43404","熊本県 菊陽町","","3,757","","***","","47,394,772","","1,420","","297,595","","0.91","","6","","2","","***","","***","","***","","4",""
"2012100000","2012年度","43423","熊本県 南小国町","","11,590","","***","","3,369,889","","1,070","","1,014","","0.19","","3","","1","","***","","***","","***","","0",""
"2012100000","2012年度","43424","熊本県 小国町","","13,696","","***","","5,628,020","","1,600","","1,556","","0.20","","1","","1","","***","","***","","***","","1",""
"2012100000","2012年度","43425","熊本県 産山村","","6,080","","***","","1,001,773","","941","","X","","0.13","","1","","1","","***","","***","","***","","0",""
"2012100000","2012年度","43428","熊本県 高森町","","17,490","","***","","5,009,705","","2,470","","6,866","","0.21","","2","","2","","***","","***","","***","","0",""
"2012100000","2012年度","43432","熊本県 西原村","","7,723","","***","","6,560,580","","1,210","","29,151","","0.35","","2","","1","","***","","***","","***","","0",""
"2012100000","2012年度","43433","熊本県 南阿蘇村","","13,730","","***","","9,727,155","","3,380","","1,801","","0.30","","5","","3","","***","","***","","***","","1",""
"2012100000","2012年度","43441","熊本県 御船町","","9,900","","***","","15,048,811","","1,580","","7,686","","0.36","","6","","1","","***","","***","","***","","1",""
"2012100000","2012年度","43442","熊本県 嘉島町","","1,666","","***","","9,484,005","","823","","34,116","","0.68","","2","","1","","***","","***","","***","","2",""
"2012100000","2012年度","43443","熊本県 益城町","","6,567","","***","","32,640,668","","2,340","","57,527","","0.55","","6","","3","","***","","***","","***","","4",""
"2012100000","2012年度","43444","熊本県 甲佐町","","5,787","","***","","8,281,361","","1,260","","9,928","","0.28","","4","","1","","***","","***","","***","","2",""
"2012100000","2012年度","43447","熊本県 山都町","","54,483","","***","","11,457,552","","5,380","","7,134","","0.19","","7","","3","","***","","***","","***","","4",""
"2012100000","2012年度","43468","熊本県 氷川町","","3,329","","***","","10,506,445","","1,650","","650","","0.26","","3","","2","","***","","***","","***","","1",""
"2012100000","2012年度","43482","熊本県 芦北町","","23,381","","***","","13,870,353","","1,640","","16,259","","0.27","","9","","4","","***","","***","","***","","3",""
"2012100000","2012年度","43484","熊本県 津奈木町","","3,398","","***","","3,116,836","","343","","1,431","","0.18","","2","","1","","***","","***","","***","","0",""
"2012100000","2012年度","43501","熊本県 錦町","","8,493","","***","","8,706,515","","1,750","","34,320","","0.34","","3","","1","","***","","***","","***","","0",""
"2012100000","2012年度","43505","熊本県 多良木町","","16,586","","***","","8,299,241","","1,730","","4,878","","0.21","","6","","1","","***","","***","","***","","1",""
"2012100000","2012年度","43506","熊本県 湯前町","","4,842","","***","","2,881,312","","602","","2,236","","0.16","","1","","1","","***","","***","","***","","0",""
"2012100000","2012年度","43507","熊本県 水上村","","19,096","","***","","1,427,436","","450","","1,312","","0.14","","2","","1","","***","","***","","***","","0",""
"2012100000","2012年度","43510","熊本県 相良村","","9,454","","***","","3,186,060","","836","","1,182","","0.16","","2","","1","","***","","***","","***","","0",""
"2012100000","2012年度","43511","熊本県 五木村","","25,294","","***","","979,142","","134","","678","","0.16","","1","","1","","***","","***","","***","","0",""
"2012100000","2012年度","43512","熊本県 山江村","","12,121","","***","","2,298,408","","531","","640","","0.13","","2","","1","","***","","***","","***","","0",""
"2012100000","2012年度","43513","熊本県 球磨村","","20,773","","***","","2,401,786","","716","","X","","0.13","","2","","1","","***","","***","","***","","0",""
"2012100000","2012年度","43514","熊本県 あさぎり町","","15,949","","***","","12,843,802","","3,000","","9,278","","0.22","","5","","1","","***","","***","","***","","1",""
"2012100000","2012年度","43531","熊本県 苓北町","","6,709","","***","","6,593,300","","679","","2,814","","0.62","","4","","3","","***","","***","","***","","3",""
"2011100000","2011年度","43100","熊本県 熊本市","","38,954","","***","","878,560,350","","12,200","","373,178","","0.67","","94","","52","","***","","***","","***","","96",""
"2011100000","2011年度","43101","熊本県 熊本市 中央区","","-","","***","","-","","-","","-","","-","","-","","-","","***","","***","","***","","-",""
"2011100000","2011年度","43102","熊本県 熊本市 東区","","-","","***","","-","","-","","-","","-","","-","","-","","***","","***","","***","","-",""
"2011100000","2011年度","43103","熊本県 熊本市 西区","","-","","***","","-","","-","","-","","-","","-","","-","","***","","***","","***","","-",""
"2011100000","2011年度","43104","熊本県 熊本市 南区","","-","","***","","-","","-","","-","","-","","-","","-","","***","","***","","***","","-",""
"2011100000","2011年度","43105","熊本県 熊本市 北区","","-","","***","","-","","-","","-","","-","","-","","-","","***","","***","","***","","-",""
"2011100000","2011年度","43202","熊本県 八代市","","68,060","","***","","121,228,628","","7,590","","214,713","","0.47","","32","","16","","***","","***","","***","","12",""
"2011100000","2011年度","43203","熊本県 人吉市","","21,048","","***","","33,010,181","","1,600","","19,748","","0.42","","9","","3","","***","","***","","***","","10",""
"2011100000","2011年度","43204","熊本県 荒尾市","","5,715","","***","","50,681,056","","1,550","","28,965","","0.46","","10","","3","","***","","***","","***","","5",""
"2011100000","2011年度","43205","熊本県 水俣市","","16,290","","***","","23,867,665","","992","","54,054","","0.36","","8","","5","","***","","***","","***","","8",""
"2011100000","2011年度","43206","熊本県 玉名市","","15,255","","***","","66,339,780","","6,610","","44,580","","0.42","","21","","7","","***","","***","","***","","5",""
"2011100000","2011年度","43208","熊本県 山鹿市","","29,967","","***","","47,264,903","","7,120","","88,277","","0.33","","22","","6","","***","","***","","***","","6",""
"2011100000","2011年度","43210","熊本県 菊池市","","27,666","","***","","44,228,854","","6,070","","156,598","","0.43","","14","","5","","***","","***","","***","","5",""
"2011100000","2011年度","43211","熊本県 宇土市","","7,420","","***","","36,287,300","","1,960","","50,084","","0.46","","7","","4","","***","","***","","***","","1",""
"2011100000","2011年度","43212","熊本県 上天草市","","12,615","","***","","23,138,479","","1,310","","8,458","","0.26","","12","","8","","***","","***","","***","","1",""
"2011100000","2011年度","43213","熊本県 宇城市","","18,858","","***","","55,545,311","","5,970","","110,367","","0.40","","13","","5","","***","","***","","***","","8",""
"2011100000","2011年度","43214","熊本県 阿蘇市","","37,625","","***","","25,555,095","","9,460","","78,000","","0.35","","11","","4","","***","","***","","***","","4",""
"2011100000","2011年度","43215","熊本県 天草市","","68,328","","***","","70,098,523","","5,860","","24,426","","0.27","","41","","15","","***","","***","","***","","14",""
"2011100000","2011年度","43216","熊本県 合志市","","5,317","","***","","62,575,950","","2,250","","231,459","","0.62","","7","","3","","***","","***","","***","","5",""
"2011100000","2011年度","43348","熊本県 美里町","","14,403","","***","","7,804,936","","1,310","","3,117","","0.25","","3","","2","","***","","***","","***","","3",""
"2011100000","2011年度","43364","熊本県 玉東町","","2,440","","***","","4,397,447","","808","","4,116","","0.21","","2","","1","","***","","***","","***","","0",""
"2011100000","2011年度","43367","熊本県 南関町","","6,896","","***","","7,972,923","","1,610","","45,984","","0.36","","4","","1","","***","","***","","***","","0",""
"2011100000","2011年度","43368","熊本県 長洲町","","1,944","","***","","15,918,581","","709","","177,299","","0.52","","4","","2","","***","","***","","***","","1",""
"2011100000","2011年度","43369","熊本県 和水町","","9,875","","***","","8,209,787","","2,070","","86,576","","0.24","","8","","2","","***","","***","","***","","1",""
"2011100000","2011年度","43403","熊本県 大津町","","9,909","","***","","34,525,118","","2,250","","265,760","","0.79","","6","","2","","***","","***","","***","","2",""
"2011100000","2011年度","43404","熊本県 菊陽町","","3,757","","***","","45,238,794","","1,470","","249,469","","0.92","","6","","2","","***","","***","","***","","4",""
"2011100000","2011年度","43423","熊本県 南小国町","","11,590","","***","","3,377,272","","1,080","","832","","0.20","","3","","1","","***","","***","","***","","0",""
"2011100000","2011年度","43424","熊本県 小国町","","13,696","","***","","5,607,908","","1,610","","1,629","","0.20","","1","","1","","***","","***","","***","","1",""
"2011100000","2011年度","43425","熊本県 産山村","","6,080","","***","","962,487","","967","","X","","0.13","","1","","1","","***","","***","","***","","0",""
"2011100000","2011年度","43428","熊本県 高森町","","17,490","","***","","5,084,972","","2,480","","6,337","","0.22","","2","","2","","***","","***","","***","","0",""
"2011100000","2011年度","43432","熊本県 西原村","","7,723","","***","","6,209,983","","1,220","","27,217","","0.35","","2","","1","","***","","***","","***","","0",""
"2011100000","2011年度","43433","熊本県 南阿蘇村","","13,730","","***","","9,392,028","","3,410","","1,581","","0.30","","7","","3","","***","","***","","***","","1",""
"2011100000","2011年度","43441","熊本県 御船町","","9,900","","***","","14,949,723","","1,580","","9,383","","0.36","","6","","1","","***","","***","","***","","1",""
"2011100000","2011年度","43442","熊本県 嘉島町","","1,666","","***","","9,180,011","","827","","48,362","","0.70","","2","","1","","***","","***","","***","","2",""
"2011100000","2011年度","43443","熊本県 益城町","","6,567","","***","","31,976,218","","2,350","","49,711","","0.57","","6","","3","","***","","***","","***","","4",""
"2011100000","2011年度","43444","熊本県 甲佐町","","5,787","","***","","8,175,322","","1,260","","8,554","","0.29","","4","","1","","***","","***","","***","","2",""
"2011100000","2011年度","43447","熊本県 山都町","","54,483","","***","","11,666,114","","5,390","","5,979","","0.19","","9","","3","","***","","***","","***","","4",""
"2011100000","2011年度","43468","熊本県 氷川町","","3,329","","***","","10,176,327","","1,650","","518","","0.27","","3","","2","","***","","***","","***","","1",""
"2011100000","2011年度","43482","熊本県 芦北町","","23,381","","***","","13,945,465","","1,660","","19,131","","0.27","","10","","4","","***","","***","","***","","3",""
"2011100000","2011年度","43484","熊本県 津奈木町","","3,398","","***","","3,218,975","","345","","985","","0.19","","2","","1","","***","","***","","***","","0",""
"2011100000","2011年度","43501","熊本県 錦町","","8,493","","***","","8,732,584","","1,760","","38,092","","0.36","","3","","1","","***","","***","","***","","0",""
"2011100000","2011年度","43505","熊本県 多良木町","","16,586","","***","","8,159,057","","1,730","","5,393","","0.23","","6","","1","","***","","***","","***","","1",""
"2011100000","2011年度","43506","熊本県 湯前町","","4,842","","***","","2,754,467","","604","","2,772","","0.16","","1","","1","","***","","***","","***","","0",""
"2011100000","2011年度","43507","熊本県 水上村","","19,096","","***","","1,456,704","","452","","1,256","","0.15","","2","","1","","***","","***","","***","","1",""
"2011100000","2011年度","43510","熊本県 相良村","","9,454","","***","","3,266,046","","837","","1,064","","0.17","","2","","1","","***","","***","","***","","0",""
"2011100000","2011年度","43511","熊本県 五木村","","25,294","","***","","1,178,156","","134","","624","","0.17","","1","","1","","***","","***","","***","","0",""
"2011100000","2011年度","43512","熊本県 山江村","","12,121","","***","","2,378,291","","533","","804","","0.13","","2","","1","","***","","***","","***","","0",""
"2011100000","2011年度","43513","熊本県 球磨村","","20,773","","***","","2,473,821","","717","","X","","0.13","","2","","1","","***","","***","","***","","0",""
"2011100000","2011年度","43514","熊本県 あさぎり町","","15,949","","***","","12,543,077","","3,000","","9,664","","0.23","","5","","5","","***","","***","","***","","1",""
"2011100000","2011年度","43531","熊本県 苓北町","","6,709","","***","","6,325,829","","683","","3,021","","0.64","","4","","3","","***","","***","","***","","3",""
"2010100000","2010年度","43100","熊本県 熊本市","","38,953","","***","","873,797,596","","12,200","","363,138","","0.68","","94","","50","","***","","***","","***","","97",""
"2010100000","2010年度","43101","熊本県 熊本市 中央区","","-","","***","","-","","-","","-","","-","","-","","-","","***","","***","","***","","-",""
"2010100000","2010年度","43102","熊本県 熊本市 東区","","-","","***","","-","","-","","-","","-","","-","","-","","***","","***","","***","","-",""
"2010100000","2010年度","43103","熊本県 熊本市 西区","","-","","***","","-","","-","","-","","-","","-","","-","","***","","***","","***","","-",""
"2010100000","2010年度","43104","熊本県 熊本市 南区","","-","","***","","-","","-","","-","","-","","-","","-","","***","","***","","***","","-",""
"2010100000","2010年度","43105","熊本県 熊本市 北区","","-","","***","","-","","-","","-","","-","","-","","-","","***","","***","","***","","-",""
"2010100000","2010年度","43202","熊本県 八代市","","68,060","","***","","119,529,213","","7,610","","216,419","","0.49","","34","","16","","***","","***","","***","","12",""
"2010100000","2010年度","43203","熊本県 人吉市","","21,048","","***","","33,192,721","","1,600","","22,780","","0.44","","10","","3","","***","","***","","***","","10",""
"2010100000","2010年度","43204","熊本県 荒尾市","","5,715","","***","","50,418,880","","1,550","","31,169","","0.48","","11","","3","","***","","***","","***","","5",""
"2010100000","2010年度","43205","熊本県 水俣市","","16,290","","***","","24,194,395","","989","","83,982","","0.36","","8","","8","","***","","***","","***","","8",""
"2010100000","2010年度","43206","熊本県 玉名市","","15,255","","***","","65,818,442","","6,610","","59,598","","0.44","","21","","6","","***","","***","","***","","5",""
"2010100000","2010年度","43208","熊本県 山鹿市","","29,967","","***","","46,819,742","","7,130","","67,315","","0.34","","22","","6","","***","","***","","***","","6",""
"2010100000","2010年度","43210","熊本県 菊池市","","27,666","","***","","44,041,240","","6,070","","148,504","","0.46","","14","","5","","***","","***","","***","","5",""
"2010100000","2010年度","43211","熊本県 宇土市","","7,420","","***","","35,738,572","","1,960","","73,607","","0.48","","7","","4","","***","","***","","***","","1",""
"2010100000","2010年度","43212","熊本県 上天草市","","12,615","","***","","23,505,469","","1,320","","7,864","","0.27","","14","","9","","***","","***","","***","","1",""
"2010100000","2010年度","43213","熊本県 宇城市","","18,856","","***","","54,545,111","","5,980","","106,526","","0.41","","13","","5","","***","","***","","***","","8",""
"2010100000","2010年度","43214","熊本県 阿蘇市","","37,625","","***","","24,421,044","","9,480","","76,762","","0.36","","11","","4","","***","","***","","***","","4",""
"2010100000","2010年度","43215","熊本県 天草市","","68,326","","***","","70,697,845","","5,950","","24,065","","0.28","","42","","15","","***","","***","","***","","14",""
"2010100000","2010年度","43216","熊本県 合志市","","5,317","","***","","61,225,667","","2,260","","220,450","","0.69","","7","","3","","***","","***","","***","","5",""
"2010100000","2010年度","43348","熊本県 美里町","","14,403","","***","","7,903,586","","1,310","","4,114","","0.26","","3","","2","","***","","***","","***","","3",""
"2010100000","2010年度","43364","熊本県 玉東町","","2,440","","***","","4,039,413","","807","","2,717","","0.22","","2","","1","","***","","***","","***","","0",""
"2010100000","2010年度","43367","熊本県 南関町","","6,896","","***","","8,084,105","","1,610","","35,108","","0.38","","4","","1","","***","","***","","***","","0",""
"2010100000","2010年度","43368","熊本県 長洲町","","1,944","","***","","15,718,069","","710","","201,113","","0.53","","4","","2","","***","","***","","***","","1",""
"2010100000","2010年度","43369","熊本県 和水町","","9,875","","***","","8,306,462","","2,070","","86,717","","0.25","","8","","2","","***","","***","","***","","1",""
"2010100000","2010年度","43403","熊本県 大津町","","9,909","","***","","32,963,561","","2,260","","256,697","","0.91","","6","","2","","***","","***","","***","","2",""
"2010100000","2010年度","43404","熊本県 菊陽町","","3,757","","***","","42,568,593","","1,470","","177,941","","0.94","","6","","2","","***","","***","","***","","4",""
"2010100000","2010年度","43423","熊本県 南小国町","","11,590","","***","","3,406,467","","1,100","","957","","0.21","","3","","1","","***","","***","","***","","0",""
"2010100000","2010年度","43424","熊本県 小国町","","13,696","","***","","5,765,016","","1,630","","1,601","","0.21","","1","","1","","***","","***","","***","","1",""
"2010100000","2010年度","43425","熊本県 産山村","","6,080","","***","","963,729","","971","","X","","0.14","","1","","1","","***","","***","","***","","0",""
"2010100000","2010年度","43428","熊本県 高森町","","17,490","","***","","4,910,457","","2,490","","6,493","","0.22","","2","","2","","***","","***","","***","","0",""
"2010100000","2010年度","43432","熊本県 西原村","","7,723","","***","","6,062,694","","1,230","","23,887","","0.37","","2","","1","","***","","***","","***","","0",""
"2010100000","2010年度","43433","熊本県 南阿蘇村","","13,730","","***","","9,175,198","","3,430","","1,449","","0.31","","7","","3","","***","","***","","***","","1",""
"2010100000","2010年度","43441","熊本県 御船町","","9,900","","***","","14,938,744","","1,580","","9,495","","0.36","","6","","1","","***","","***","","***","","1",""
"2010100000","2010年度","43442","熊本県 嘉島町","","1,666","","***","","9,190,725","","828","","54,282","","0.73","","2","","1","","***","","***","","***","","2",""
"2010100000","2010年度","43443","熊本県 益城町","","6,567","","***","","31,625,368","","2,350","","53,596","","0.58","","6","","3","","***","","***","","***","","4",""
"2010100000","2010年度","43444","熊本県 甲佐町","","5,787","","***","","8,109,302","","1,260","","9,164","","0.30","","4","","1","","***","","***","","***","","2",""
"2010100000","2010年度","43447","熊本県 山都町","","54,483","","***","","11,391,836","","5,390","","6,870","","0.20","","9","","3","","***","","***","","***","","4",""
"2010100000","2010年度","43468","熊本県 氷川町","","3,329","","***","","9,855,427","","1,660","","527","","0.28","","3","","2","","***","","***","","***","","1",""
"2010100000","2010年度","43482","熊本県 芦北町","","23,381","","***","","13,952,303","","1,680","","18,078","","0.28","","10","","4","","***","","***","","***","","3",""
"2010100000","2010年度","43484","熊本県 津奈木町","","3,398","","***","","3,162,149","","350","","1,808","","0.20","","2","","1","","***","","***","","***","","0",""
"2010100000","2010年度","43501","熊本県 錦町","","8,493","","***","","8,339,592","","1,760","","41,838","","0.37","","3","","1","","***","","***","","***","","0",""
"2010100000","2010年度","43505","熊本県 多良木町","","16,586","","***","","8,278,823","","1,730","","5,693","","0.24","","6","","1","","***","","***","","***","","1",""
"2010100000","2010年度","43506","熊本県 湯前町","","4,842","","***","","2,758,590","","606","","2,257","","0.16","","1","","1","","***","","***","","***","","0",""
"2010100000","2010年度","43507","熊本県 水上村","","19,096","","***","","1,499,409","","452","","1,353","","0.16","","2","","1","","***","","***","","***","","1",""
"2010100000","2010年度","43510","熊本県 相良村","","9,454","","***","","3,117,659","","837","","1,055","","0.18","","2","","1","","***","","***","","***","","0",""
"2010100000","2010年度","43511","熊本県 五木村","","25,294","","***","","1,017,242","","135","","495","","0.18","","2","","1","","***","","***","","***","","0",""
"2010100000","2010年度","43512","熊本県 山江村","","12,121","","***","","2,314,858","","535","","706","","0.14","","2","","1","","***","","***","","***","","0",""
"2010100000","2010年度","43513","熊本県 球磨村","","20,773","","***","","2,507,400","","720","","X","","0.14","","2","","1","","***","","***","","***","","0",""
"2010100000","2010年度","43514","熊本県 あさぎり町","","15,949","","***","","12,452,146","","3,010","","9,469","","0.24","","6","","5","","***","","***","","***","","1",""
"2010100000","2010年度","43531","熊本県 苓北町","","6,708","","***","","6,272,709","","691","","2,945","","0.69","","4","","3","","***","","***","","***","","4",""
"2009100000","2009年度","43100","熊本県 熊本市","","38,953","","6,336","","919,368,257","","12,260","","358,655","","0.70","","94","","50","","***","","***","","***","","97",""
"2009100000","2009年度","43101","熊本県 熊本市 中央区","","-","","-","","-","","-","","-","","-","","-","","-","","***","","***","","***","","-",""
"2009100000","2009年度","43102","熊本県 熊本市 東区","","-","","-","","-","","-","","-","","-","","-","","-","","***","","***","","***","","-",""
"2009100000","2009年度","43103","熊本県 熊本市 西区","","-","","-","","-","","-","","-","","-","","-","","-","","***","","***","","***","","-",""
"2009100000","2009年度","43104","熊本県 熊本市 南区","","-","","-","","-","","-","","-","","-","","-","","-","","***","","***","","***","","-",""
"2009100000","2009年度","43105","熊本県 熊本市 北区","","-","","-","","-","","-","","-","","-","","-","","-","","***","","***","","***","","-",""
"2009100000","2009年度","43202","熊本県 八代市","","68,060","","50,259","","126,835,070","","7,630","","205,456","","0.52","","35","","16","","***","","***","","***","","12",""
"2009100000","2009年度","43203","熊本県 人吉市","","21,048","","15,883","","35,294,140","","1,610","","23,557","","0.46","","10","","3","","***","","***","","***","","10",""
"2009100000","2009年度","43204","熊本県 荒尾市","","5,715","","968","","53,810,607","","1,560","","28,590","","0.49","","11","","4","","***","","***","","***","","5",""
"2009100000","2009年度","43205","熊本県 水俣市","","16,289","","12,152","","25,797,071","","997","","67,560","","0.39","","8","","8","","***","","***","","***","","8",""
"2009100000","2009年度","43206","熊本県 玉名市","","15,255","","2,695","","71,017,275","","6,630","","52,084","","0.46","","21","","6","","***","","***","","***","","5",""
"2009100000","2009年度","43208","熊本県 山鹿市","","29,967","","15,476","","50,326,132","","7,140","","62,907","","0.36","","22","","6","","***","","***","","***","","6",""
"2009100000","2009年度","43210","熊本県 菊池市","","27,666","","15,245","","47,902,928","","6,080","","143,442","","0.48","","14","","5","","***","","***","","***","","5",""
"2009100000","2009年度","43211","熊本県 宇土市","","7,419","","2,854","","37,507,302","","1,960","","65,565","","0.49","","7","","4","","***","","***","","***","","1",""
"2009100000","2009年度","43212","熊本県 上天草市","","12,614","","7,604","","24,895,478","","1,330","","8,304","","0.28","","16","","9","","***","","***","","***","","1",""
"2009100000","2009年度","43213","熊本県 宇城市","","18,856","","6,119","","57,684,662","","5,990","","110,673","","0.43","","13","","5","","***","","***","","***","","8",""
"2009100000","2009年度","43214","熊本県 阿蘇市","","37,625","","14,826","","26,247,741","","9,500","","46,510","","0.38","","11","","4","","***","","***","","***","","4",""
"2009100000","2009年度","43215","熊本県 天草市","","68,325","","46,440","","73,656,704","","6,000","","24,255","","0.30","","42","","17","","***","","***","","***","","14",""
"2009100000","2009年度","43216","熊本県 合志市","","5,317","","639","","65,474,815","","2,270","","152,337","","0.72","","7","","3","","***","","***","","***","","5",""
"2009100000","2009年度","43348","熊本県 美里町","","14,403","","10,745","","8,639,180","","1,310","","4,237","","0.27","","3","","2","","***","","***","","***","","3",""
"2009100000","2009年度","43364","熊本県 玉東町","","2,440","","764","","4,604,202","","807","","2,478","","0.23","","2","","1","","***","","***","","***","","0",""
"2009100000","2009年度","43367","熊本県 南関町","","6,896","","3,416","","8,763,166","","1,610","","31,560","","0.39","","4","","1","","***","","***","","***","","0",""
"2009100000","2009年度","43368","熊本県 長洲町","","1,944","","34","","17,112,309","","711","","170,309","","0.53","","4","","2","","***","","***","","***","","1",""
"2009100000","2009年度","43369","熊本県 和水町","","9,875","","5,163","","8,995,961","","2,070","","81,977","","0.27","","8","","2","","***","","***","","***","","1",""
"2009100000","2009年度","43403","熊本県 大津町","","9,909","","4,893","","35,871,556","","2,260","","281,724","","1.02","","6","","2","","***","","***","","***","","2",""
"2009100000","2009年度","43404","熊本県 菊陽町","","3,757","","423","","44,810,487","","1,480","","155,176","","0.95","","6","","2","","***","","***","","***","","4",""
"2009100000","2009年度","43423","熊本県 南小国町","","11,590","","7,879","","3,704,720","","1,110","","961","","0.23","","3","","1","","***","","***","","***","","0",""
"2009100000","2009年度","43424","熊本県 小国町","","13,696","","10,199","","6,077,189","","1,650","","1,660","","0.23","","1","","1","","***","","***","","***","","1",""
"2009100000","2009年度","43425","熊本県 産山村","","6,080","","3,548","","1,026,678","","979","","X","","0.15","","1","","1","","***","","***","","***","","0",""
"2009100000","2009年度","43428","熊本県 高森町","","17,490","","12,043","","5,280,103","","2,490","","5,519","","0.23","","2","","2","","***","","***","","***","","0",""
"2009100000","2009年度","43432","熊本県 西原村","","7,723","","4,251","","6,369,111","","1,250","","20,017","","0.38","","2","","1","","***","","***","","***","","0",""
"2009100000","2009年度","43433","熊本県 南阿蘇村","","13,730","","6,668","","9,836,727","","3,440","","1,691","","0.33","","7","","3","","***","","***","","***","","1",""
"2009100000","2009年度","43441","熊本県 御船町","","9,900","","5,576","","15,897,314","","1,590","","10,502","","0.37","","6","","1","","***","","***","","***","","1",""
"2009100000","2009年度","43442","熊本県 嘉島町","","1,666","","0","","9,545,121","","833","","55,209","","0.77","","2","","1","","***","","***","","***","","2",""
"2009100000","2009年度","43443","熊本県 益城町","","6,567","","2,129","","33,837,999","","2,360","","52,271","","0.58","","6","","3","","***","","***","","***","","4",""
"2009100000","2009年度","43444","熊本県 甲佐町","","5,787","","2,595","","8,759,002","","1,260","","12,687","","0.32","","4","","1","","***","","***","","***","","2",""
"2009100000","2009年度","43447","熊本県 山都町","","54,483","","39,098","","11,948,545","","5,400","","6,198","","0.21","","9","","3","","***","","***","","***","","4",""
"2009100000","2009年度","43468","熊本県 氷川町","","3,329","","338","","10,382,203","","1,660","","631","","0.30","","3","","2","","***","","***","","***","","1",""
"2009100000","2009年度","43482","熊本県 芦北町","","23,381","","18,354","","15,171,273","","1,730","","15,186","","0.30","","10","","4","","***","","***","","***","","3",""
"2009100000","2009年度","43484","熊本県 津奈木町","","3,398","","2,193","","3,420,528","","354","","1,864","","0.21","","3","","1","","***","","***","","***","","0",""
"2009100000","2009年度","43501","熊本県 錦町","","8,493","","4,942","","9,015,316","","1,760","","35,694","","0.39","","3","","1","","***","","***","","***","","0",""
"2009100000","2009年度","43505","熊本県 多良木町","","16,586","","13,323","","8,666,211","","1,730","","5,651","","0.25","","6","","1","","***","","***","","***","","1",""
"2009100000","2009年度","43506","熊本県 湯前町","","4,842","","3,564","","2,932,850","","606","","2,086","","0.16","","1","","1","","***","","***","","***","","0",""
"2009100000","2009年度","43507","熊本県 水上村","","19,211","","18,514","","1,541,008","","457","","1,264","","0.17","","2","","1","","***","","***","","***","","1",""
"2009100000","2009年度","43510","熊本県 相良村","","9,454","","7,143","","3,420,771","","833","","1,530","","0.19","","2","","1","","***","","***","","***","","0",""
"2009100000","2009年度","43511","熊本県 五木村","","25,294","","24,210","","1,048,049","","135","","547","","0.19","","2","","1","","***","","***","","***","","0",""
"2009100000","2009年度","43512","熊本県 山江村","","12,121","","10,660","","2,466,521","","535","","394","","0.14","","2","","1","","***","","***","","***","","0",""
"2009100000","2009年度","43513","熊本県 球磨村","","20,773","","18,447","","2,640,858","","720","","X","","0.15","","5","","1","","***","","***","","***","","0",""
"2009100000","2009年度","43514","熊本県 あさぎり町","","15,949","","10,812","","13,069,625","","3,010","","8,994","","0.25","","6","","5","","***","","***","","***","","1",""
"2009100000","2009年度","43531","熊本県 苓北町","","6,708","","4,145","","6,643,890","","695","","3,098","","0.76","","4","","3","","***","","***","","***","","4",""
"2008100000","2008年度","43100","熊本県 熊本市","","38,951","","***","","942,331,554","","12,352","","413,849","","-","","94","","50","","***","","***","","***","","96",""
"2008100000","2008年度","43101","熊本県 熊本市 中央区","","-","","***","","-","","-","","-","","-","","-","","-","","***","","***","","***","","-",""
"2008100000","2008年度","43102","熊本県 熊本市 東区","","-","","***","","-","","-","","-","","-","","-","","-","","***","","***","","***","","-",""
"2008100000","2008年度","43103","熊本県 熊本市 西区","","-","","***","","-","","-","","-","","-","","-","","-","","***","","***","","***","","-",""
"2008100000","2008年度","43104","熊本県 熊本市 南区","","-","","***","","-","","-","","-","","-","","-","","-","","***","","***","","***","","-",""
"2008100000","2008年度","43105","熊本県 熊本市 北区","","-","","***","","-","","-","","-","","-","","-","","-","","***","","***","","***","","-",""
"2008100000","2008年度","43202","熊本県 八代市","","68,059","","***","","130,116,753","","7,640","","254,434","","0.54","","36","","15","","***","","***","","***","","12",""
"2008100000","2008年度","43203","熊本県 人吉市","","21,049","","***","","36,532,743","","1,620","","26,510","","0.48","","10","","3","","***","","***","","***","","10",""
"2008100000","2008年度","43204","熊本県 荒尾市","","5,715","","***","","55,352,569","","1,560","","34,471","","0.50","","11","","4","","***","","***","","***","","5",""
"2008100000","2008年度","43205","熊本県 水俣市","","16,289","","***","","26,801,959","","999","","79,619","","0.40","","9","","8","","***","","***","","***","","8",""
"2008100000","2008年度","43206","熊本県 玉名市","","15,255","","***","","73,010,127","","6,640","","72,845","","0.47","","21","","6","","***","","***","","***","","5",""
"2008100000","2008年度","43208","熊本県 山鹿市","","29,967","","***","","51,962,753","","7,160","","70,828","","0.37","","22","","6","","***","","***","","***","","6",""
"2008100000","2008年度","43210","熊本県 菊池市","","27,666","","***","","49,239,484","","6,090","","176,441","","0.49","","14","","5","","***","","***","","***","","5",""
"2008100000","2008年度","43211","熊本県 宇土市","","7,419","","***","","38,391,957","","2,000","","83,159","","0.50","","7","","3","","***","","***","","***","","1",""
"2008100000","2008年度","43212","熊本県 上天草市","","12,614","","***","","26,526,698","","1,330","","12,311","","0.29","","16","","9","","***","","***","","***","","1",""
"2008100000","2008年度","43213","熊本県 宇城市","","18,856","","***","","59,964,113","","6,010","","124,981","","0.44","","13","","5","","***","","***","","***","","8",""
"2008100000","2008年度","43214","熊本県 阿蘇市","","37,625","","***","","27,651,548","","9,530","","62,963","","0.38","","11","","4","","***","","***","","***","","4",""
"2008100000","2008年度","43215","熊本県 天草市","","68,324","","***","","76,152,947","","6,080","","29,711","","0.31","","43","","17","","***","","***","","***","","14",""
"2008100000","2008年度","43216","熊本県 合志市","","5,317","","***","","66,439,691","","2,270","","198,227","","0.72","","7","","3","","***","","***","","***","","5",""
"2008100000","2008年度","43348","熊本県 美里町","","14,403","","***","","8,893,597","","1,320","","4,534","","0.27","","3","","2","","***","","***","","***","","3",""
"2008100000","2008年度","43364","熊本県 玉東町","","2,440","","***","","4,631,042","","808","","2,926","","0.23","","2","","1","","***","","***","","***","","0",""
"2008100000","2008年度","43367","熊本県 南関町","","6,896","","***","","9,101,753","","1,610","","47,972","","0.38","","4","","1","","***","","***","","***","","0",""
"2008100000","2008年度","43368","熊本県 長洲町","","1,944","","***","","17,540,139","","714","","177,616","","0.53","","4","","2","","***","","***","","***","","1",""
"2008100000","2008年度","43369","熊本県 和水町","","9,875","","***","","9,254,506","","2,080","","112,295","","0.28","","8","","2","","***","","***","","***","","1",""
"2008100000","2008年度","43403","熊本県 大津町","","9,909","","***","","35,940,372","","2,270","","401,467","","1.07","","6","","2","","***","","***","","***","","2",""
"2008100000","2008年度","43404","熊本県 菊陽町","","3,757","","***","","43,860,554","","1,480","","157,894","","0.89","","6","","2","","***","","***","","***","","4",""
"2008100000","2008年度","43423","熊本県 南小国町","","11,590","","***","","3,928,685","","1,120","","987","","0.23","","3","","1","","***","","***","","***","","0",""
"2008100000","2008年度","43424","熊本県 小国町","","13,696","","***","","6,342,732","","1,670","","2,108","","0.24","","6","","1","","***","","***","","***","","1",""
"2008100000","2008年度","43425","熊本県 産山村","","6,080","","***","","1,058,948","","986","","39","","0.17","","1","","1","","***","","***","","***","","0",""
"2008100000","2008年度","43428","熊本県 高森町","","17,490","","***","","5,603,999","","2,510","","6,087","","0.23","","2","","2","","***","","***","","***","","0",""
"2008100000","2008年度","43432","熊本県 西原村","","7,723","","***","","6,445,863","","1,270","","29,939","","0.39","","2","","1","","***","","***","","***","","0",""
"2008100000","2008年度","43433","熊本県 南阿蘇村","","13,730","","***","","10,084,308","","3,460","","1,761","","0.34","","7","","3","","***","","***","","***","","1",""
"2008100000","2008年度","43441","熊本県 御船町","","9,900","","***","","16,169,026","","1,590","","11,967","","0.38","","6","","1","","***","","***","","***","","1",""
"2008100000","2008年度","43442","熊本県 嘉島町","","1,666","","***","","9,508,796","","853","","54,282","","0.79","","2","","1","","***","","***","","***","","2",""
"2008100000","2008年度","43443","熊本県 益城町","","6,567","","***","","34,457,390","","2,390","","55,823","","0.57","","6","","3","","***","","***","","***","","4",""
"2008100000","2008年度","43444","熊本県 甲佐町","","5,787","","***","","9,060,290","","1,270","","14,632","","0.33","","5","","1","","***","","***","","***","","2",""
"2008100000","2008年度","43447","熊本県 山都町","","54,483","","***","","12,555,517","","5,400","","6,770","","0.21","","9","","3","","***","","***","","***","","4",""
"2008100000","2008年度","43468","熊本県 氷川町","","3,329","","***","","10,533,214","","1,660","","741","","0.32","","3","","2","","***","","***","","***","","1",""
"2008100000","2008年度","43482","熊本県 芦北町","","23,381","","***","","15,544,656","","1,740","","22,107","","0.30","","10","","4","","***","","***","","***","","3",""
"2008100000","2008年度","43484","熊本県 津奈木町","","3,398","","***","","3,707,681","","355","","2,040","","0.22","","3","","1","","***","","***","","***","","0",""
"2008100000","2008年度","43501","熊本県 錦町","","8,493","","***","","9,428,166","","1,760","","53,094","","0.41","","3","","1","","***","","***","","***","","0",""
"2008100000","2008年度","43505","熊本県 多良木町","","16,587","","***","","9,148,443","","1,730","","6,877","","0.25","","6","","1","","***","","***","","***","","1",""
"2008100000","2008年度","43506","熊本県 湯前町","","4,841","","***","","3,026,389","","606","","2,532","","0.17","","1","","1","","***","","***","","***","","0",""
"2008100000","2008年度","43507","熊本県 水上村","","19,211","","***","","1,621,712","","460","","1,481","","0.18","","2","","1","","***","","***","","***","","1",""
"2008100000","2008年度","43510","熊本県 相良村","","9,454","","***","","3,551,481","","836","","2,076","","0.20","","2","","1","","***","","***","","***","","0",""
"2008100000","2008年度","43511","熊本県 五木村","","25,294","","***","","1,090,863","","137","","572","","0.20","","3","","1","","***","","***","","***","","0",""
"2008100000","2008年度","43512","熊本県 山江村","","12,120","","***","","2,580,040","","535","","480","","0.15","","2","","1","","***","","***","","***","","0",""
"2008100000","2008年度","43513","熊本県 球磨村","","20,773","","***","","2,799,315","","721","","589","","0.15","","5","","1","","***","","***","","***","","0",""
"2008100000","2008年度","43514","熊本県 あさぎり町","","15,949","","***","","13,316,721","","3,020","","9,325","","0.26","","6","","5","","***","","***","","***","","1",""
"2008100000","2008年度","43531","熊本県 苓北町","","6,708","","***","","6,877,385","","695","","3,869","","0.84","","4","","3","","***","","***","","***","","4",""
"2007100000","2007年度","43100","熊本県 熊本市","","38,951","","***","","935,955,076","","12,494","","430,917","","-","","94","","50","","***","","***","","***","","98",""
"2007100000","2007年度","43101","熊本県 熊本市 中央区","","-","","***","","-","","-","","-","","-","","-","","-","","***","","***","","***","","-",""
"2007100000","2007年度","43102","熊本県 熊本市 東区","","-","","***","","-","","-","","-","","-","","-","","-","","***","","***","","***","","-",""
"2007100000","2007年度","43103","熊本県 熊本市 西区","","-","","***","","-","","-","","-","","-","","-","","-","","***","","***","","***","","-",""
"2007100000","2007年度","43104","熊本県 熊本市 南区","","-","","***","","-","","-","","-","","-","","-","","-","","***","","***","","***","","-",""
"2007100000","2007年度","43105","熊本県 熊本市 北区","","-","","***","","-","","-","","-","","-","","-","","-","","***","","***","","***","","-",""
"2007100000","2007年度","43202","熊本県 八代市","","68,059","","***","","129,858,945","","7,660","","249,339","","0.54","","37","","15","","***","","***","","***","","12",""
"2007100000","2007年度","43203","熊本県 人吉市","","21,055","","***","","36,890,444","","1,620","","27,171","","0.49","","10","","3","","***","","***","","***","","10",""
"2007100000","2007年度","43204","熊本県 荒尾市","","5,715","","***","","54,966,348","","1,570","","31,378","","0.48","","11","","5","","***","","***","","***","","5",""
"2007100000","2007年度","43205","熊本県 水俣市","","16,288","","***","","27,265,463","","1,000","","76,839","","0.41","","11","","8","","***","","***","","***","","8",""
"2007100000","2007年度","43206","熊本県 玉名市","","15,255","","***","","72,140,083","","6,660","","77,463","","0.45","","21","","6","","***","","***","","***","","5",""
"2007100000","2007年度","43208","熊本県 山鹿市","","29,967","","***","","51,680,588","","7,190","","71,125","","0.37","","22","","6","","***","","***","","***","","6",""
"2007100000","2007年度","43210","熊本県 菊池市","","27,666","","***","","48,801,096","","6,110","","177,611","","0.48","","14","","5","","***","","***","","***","","5",""
"2007100000","2007年度","43211","熊本県 宇土市","","7,419","","***","","37,883,905","","2,010","","78,221","","0.48","","7","","3","","***","","***","","***","","1",""
"2007100000","2007年度","43212","熊本県 上天草市","","12,613","","***","","25,998,937","","1,340","","12,157","","0.28","","17","","9","","***","","***","","***","","1",""
"2007100000","2007年度","43213","熊本県 宇城市","","18,856","","***","","58,927,209","","6,030","","118,864","","0.44","","13","","5","","***","","***","","***","","8",""
"2007100000","2007年度","43214","熊本県 阿蘇市","","37,625","","***","","26,564,668","","9,560","","61,253","","0.38","","11","","4","","***","","***","","***","","4",""
"2007100000","2007年度","43215","熊本県 天草市","","68,317","","***","","76,246,382","","6,120","","30,976","","0.30","","45","","17","","***","","***","","***","","14",""
"2007100000","2007年度","43216","熊本県 合志市","","5,317","","***","","66,069,930","","2,280","","295,056","","0.65","","7","","3","","***","","***","","***","","5",""
"2007100000","2007年度","43348","熊本県 美里町","","14,403","","***","","8,636,968","","1,330","","4,322","","0.27","","3","","2","","***","","***","","***","","3",""
"2007100000","2007年度","43364","熊本県 玉東町","","2,440","","***","","4,786,632","","809","","3,046","","0.23","","2","","1","","***","","***","","***","","0",""
"2007100000","2007年度","43367","熊本県 南関町","","6,896","","***","","9,140,470","","1,620","","48,852","","0.37","","4","","1","","***","","***","","***","","0",""
"2007100000","2007年度","43368","熊本県 長洲町","","1,944","","***","","17,523,586","","719","","175,926","","0.57","","4","","2","","***","","***","","***","","1",""
"2007100000","2007年度","43369","熊本県 和水町","","9,875","","***","","9,316,118","","2,090","","127,960","","0.28","","8","","2","","***","","***","","***","","1",""
"2007100000","2007年度","43403","熊本県 大津町","","9,909","","***","","34,569,198","","2,280","","419,746","","1.05","","6","","2","","***","","***","","***","","2",""
"2007100000","2007年度","43404","熊本県 菊陽町","","3,757","","***","","41,666,215","","1,480","","148,638","","0.81","","6","","2","","***","","***","","***","","4",""
"2007100000","2007年度","43423","熊本県 南小国町","","11,586","","***","","4,270,178","","1,150","","1,019","","0.24","","3","","1","","***","","***","","***","","0",""
"2007100000","2007年度","43424","熊本県 小国町","","13,700","","***","","6,452,159","","1,710","","2,342","","0.24","","6","","1","","***","","***","","***","","1",""
"2007100000","2007年度","43425","熊本県 産山村","","6,080","","***","","1,021,097","","1,010","","X","","0.18","","1","","1","","***","","***","","***","","0",""
"2007100000","2007年度","43428","熊本県 高森町","","17,490","","***","","5,663,447","","2,550","","6,017","","0.24","","2","","2","","***","","***","","***","","0",""
"2007100000","2007年度","43432","熊本県 西原村","","7,723","","***","","6,329,177","","1,310","","32,750","","0.38","","2","","1","","***","","***","","***","","0",""
"2007100000","2007年度","43433","熊本県 南阿蘇村","","13,730","","***","","9,854,899","","3,500","","1,792","","0.34","","7","","3","","***","","***","","***","","1",""
"2007100000","2007年度","43441","熊本県 御船町","","9,900","","***","","16,137,726","","1,600","","11,829","","0.37","","6","","1","","***","","***","","***","","1",""
"2007100000","2007年度","43442","熊本県 嘉島町","","1,666","","***","","9,169,302","","854","","50,245","","0.76","","2","","1","","***","","***","","***","","2",""
"2007100000","2007年度","43443","熊本県 益城町","","6,567","","***","","35,323,229","","2,400","","54,333","","0.55","","6","","3","","***","","***","","***","","4",""
"2007100000","2007年度","43444","熊本県 甲佐町","","5,787","","***","","9,188,844","","1,280","","15,185","","0.34","","5","","1","","***","","***","","***","","2",""
"2007100000","2007年度","43447","熊本県 山都町","","54,483","","***","","12,251,212","","5,410","","7,901","","0.21","","9","","3","","***","","***","","***","","4",""
"2007100000","2007年度","43468","熊本県 氷川町","","3,329","","***","","10,880,231","","1,670","","688","","0.31","","3","","2","","***","","***","","***","","1",""
"2007100000","2007年度","43482","熊本県 芦北町","","23,380","","***","","15,827,949","","1,760","","21,837","","0.33","","12","","4","","***","","***","","***","","2",""
"2007100000","2007年度","43484","熊本県 津奈木町","","3,397","","***","","3,666,270","","361","","1,901","","0.27","","3","","1","","***","","***","","***","","0",""
"2007100000","2007年度","43501","熊本県 錦町","","8,487","","***","","9,609,996","","1,760","","52,575","","0.41","","3","","1","","***","","***","","***","","0",""
"2007100000","2007年度","43505","熊本県 多良木町","","16,587","","***","","9,390,445","","1,740","","7,282","","0.26","","6","","1","","***","","***","","***","","1",""
"2007100000","2007年度","43506","熊本県 湯前町","","4,841","","***","","3,072,761","","606","","2,751","","0.17","","1","","1","","***","","***","","***","","0",""
"2007100000","2007年度","43507","熊本県 水上村","","19,211","","***","","1,677,429","","463","","1,535","","0.18","","2","","1","","***","","***","","***","","1",""
"2007100000","2007年度","43510","熊本県 相良村","","9,454","","***","","3,651,628","","840","","2,293","","0.20","","2","","1","","***","","***","","***","","0",""
"2007100000","2007年度","43511","熊本県 五木村","","25,294","","***","","1,080,425","","147","","X","","0.21","","3","","1","","***","","***","","***","","0",""
"2007100000","2007年度","43512","熊本県 山江村","","12,120","","***","","2,673,476","","540","","495","","0.15","","2","","1","","***","","***","","***","","0",""
"2007100000","2007年度","43513","熊本県 球磨村","","20,773","","***","","2,853,600","","721","","592","","0.15","","5","","1","","***","","***","","***","","0",""
"2007100000","2007年度","43514","熊本県 あさぎり町","","15,949","","***","","13,424,004","","3,030","","9,844","","0.26","","6","","5","","***","","***","","***","","1",""
"2007100000","2007年度","43531","熊本県 苓北町","","6,708","","***","","6,801,110","","698","","3,152","","0.93","","4","","3","","***","","***","","***","","4",""
"2006100000","2006年度","43100","熊本県 熊本市","","38,950","","***","","930,702,968","","12,580","","408,289","","-","","94","","50","","7,005","","124","","11","","99",""
"2006100000","2006年度","43101","熊本県 熊本市 中央区","","-","","***","","-","","-","","-","","-","","-","","-","","-","","-","","-","","-",""
"2006100000","2006年度","43102","熊本県 熊本市 東区","","-","","***","","-","","-","","-","","-","","-","","-","","-","","-","","-","","-",""
"2006100000","2006年度","43103","熊本県 熊本市 西区","","-","","***","","-","","-","","-","","-","","-","","-","","-","","-","","-","","-",""
"2006100000","2006年度","43104","熊本県 熊本市 南区","","-","","***","","-","","-","","-","","-","","-","","-","","-","","-","","-","","-",""
"2006100000","2006年度","43105","熊本県 熊本市 北区","","-","","***","","-","","-","","-","","-","","-","","-","","-","","-","","-","","-",""
"2006100000","2006年度","43202","熊本県 八代市","","68,024","","***","","132,299,503","","7,700","","237,337","","0.51","","37","","15","","1,739","","9","","4","","12",""
"2006100000","2006年度","43203","熊本県 人吉市","","21,055","","***","","37,667,634","","1,630","","28,451","","0.49","","10","","3","","558","","6","","2","","10",""
"2006100000","2006年度","43204","熊本県 荒尾市","","5,715","","***","","54,830,146","","1,580","","28,669","","0.47","","12","","5","","525","","6","","0","","5",""
"2006100000","2006年度","43205","熊本県 水俣市","","16,288","","***","","27,776,818","","1,000","","67,160","","0.38","","11","","8","","339","","1","","1","","8",""
"2006100000","2006年度","43206","熊本県 玉名市","","15,255","","***","","72,518,543","","6,690","","79,092","","0.43","","21","","6","","744","","5","","1","","5",""
"2006100000","2006年度","43208","熊本県 山鹿市","","29,967","","***","","51,629,310","","7,220","","66,583","","0.34","","22","","6","","629","","8","","1","","6",""
"2006100000","2006年度","43210","熊本県 菊池市","","27,666","","***","","49,719,814","","6,160","","173,157","","0.45","","14","","5","","572","","8","","1","","5",""
"2006100000","2006年度","43211","熊本県 宇土市","","7,419","","***","","38,605,639","","2,030","","70,316","","0.46","","7","","3","","404","","4","","2","","1",""
"2006100000","2006年度","43212","熊本県 上天草市","","12,612","","***","","28,494,236","","1,360","","13,444","","0.27","","17","","9","","502","","2","","1","","1",""
"2006100000","2006年度","43213","熊本県 宇城市","","18,856","","***","","58,655,008","","6,050","","113,090","","0.42","","13","","5","","755","","5","","2","","8",""
"2006100000","2006年度","43214","熊本県 阿蘇市","","37,625","","***","","26,475,763","","9,580","","59,355","","0.37","","11","","4","","395","","2","","0","","4",""
"2006100000","2006年度","43215","熊本県 天草市","","68,315","","***","","78,771,973","","6,200","","28,884","","0.28","","45","","17","","1,589","","10","","2","","14",""
"2006100000","2006年度","43216","熊本県 合志市","","5,317","","***","","65,281,446","","2,290","","289,157","","0.61","","7","","3","","312","","2","","0","","5",""
"2006100000","2006年度","43348","熊本県 美里町","","14,403","","***","","8,792,460","","1,340","","4,308","","0.27","","3","","2","","148","","0","","0","","3",""
"2006100000","2006年度","43364","熊本県 玉東町","","2,440","","***","","4,580,802","","815","","2,552","","0.22","","2","","1","","66","","0","","0","","0",""
"2006100000","2006年度","43367","熊本県 南関町","","6,896","","***","","9,253,833","","1,620","","37,880","","0.37","","4","","1","","134","","1","","0","","0",""
"2006100000","2006年度","43368","熊本県 長洲町","","1,943","","***","","17,574,450","","721","","159,624","","0.55","","4","","2","","162","","1","","0","","1",""
"2006100000","2006年度","43369","熊本県 和水町","","9,875","","***","","9,566,687","","2,090","","103,103","","0.28","","8","","2","","125","","1","","0","","1",""
"2006100000","2006年度","43403","熊本県 大津町","","9,909","","***","","33,657,722","","2,300","","445,243","","0.99","","6","","2","","292","","5","","1","","2",""
"2006100000","2006年度","43404","熊本県 菊陽町","","3,757","","***","","40,255,607","","1,490","","136,823","","0.75","","6","","2","","332","","6","","2","","4",""
"2006100000","2006年度","43423","熊本県 南小国町","","11,586","","***","","4,372,356","","1,170","","1,002","","0.24","","3","","1","","61","","1","","0","","0",""
"2006100000","2006年度","43424","熊本県 小国町","","13,700","","***","","6,655,373","","1,730","","2,488","","0.24","","6","","1","","147","","1","","0","","1",""
"2006100000","2006年度","43425","熊本県 産山村","","6,072","","***","","1,039,794","","1,020","","X","","0.18","","2","","1","","16","","0","","0","","0",""
"2006100000","2006年度","43428","熊本県 高森町","","17,490","","***","","5,538,043","","2,570","","7,006","","0.24","","2","","2","","110","","2","","0","","0",""
"2006100000","2006年度","43432","熊本県 西原村","","7,723","","***","","5,948,634","","1,330","","29,261","","0.38","","2","","1","","73","","0","","0","","0",""
"2006100000","2006年度","43433","熊本県 南阿蘇村","","13,730","","***","","9,510,356","","3,540","","1,346","","0.32","","7","","3","","167","","0","","0","","1",""
"2006100000","2006年度","43441","熊本県 御船町","","9,900","","***","","16,388,749","","1,610","","11,311","","0.36","","8","","2","","174","","2","","0","","1",""
"2006100000","2006年度","43442","熊本県 嘉島町","","1,666","","***","","9,232,230","","858","","50,820","","0.72","","2","","1","","226","","5","","1","","2",""
"2006100000","2006年度","43443","熊本県 益城町","","6,567","","***","","34,644,751","","2,410","","54,214","","0.54","","6","","3","","208","","5","","0","","4",""
"2006100000","2006年度","43444","熊本県 甲佐町","","5,787","","***","","9,361,415","","1,290","","13,550","","0.34","","5","","1","","105","","0","","0","","2",""
"2006100000","2006年度","43447","熊本県 山都町","","54,483","","***","","12,643,222","","5,440","","8,216","","0.21","","9","","3","","253","","1","","0","","4",""
"2006100000","2006年度","43468","熊本県 氷川町","","3,329","","***","","11,137,287","","1,670","","703","","0.30","","3","","2","","113","","1","","0","","1",""
"2006100000","2006年度","43482","熊本県 芦北町","","23,380","","***","","16,712,566","","1,770","","17,138","","0.32","","12","","4","","254","","0","","0","","2",""
"2006100000","2006年度","43484","熊本県 津奈木町","","3,397","","***","","3,928,919","","369","","1,787","","0.27","","3","","1","","46","","0","","0","","0",""
"2006100000","2006年度","43501","熊本県 錦町","","8,487","","***","","9,624,865","","1,770","","55,196","","0.42","","3","","1","","134","","1","","0","","0",""
"2006100000","2006年度","43505","熊本県 多良木町","","16,587","","***","","9,686,054","","1,740","","6,917","","0.27","","6","","1","","129","","2","","0","","1",""
"2006100000","2006年度","43506","熊本県 湯前町","","4,841","","***","","3,211,275","","607","","2,814","","0.17","","1","","1","","75","","0","","0","","0",""
"2006100000","2006年度","43507","熊本県 水上村","","19,211","","***","","1,704,505","","489","","1,576","","0.18","","2","","1","","29","","0","","0","","1",""
"2006100000","2006年度","43510","熊本県 相良村","","9,454","","***","","3,821,475","","839","","2,318","","0.19","","2","","1","","38","","1","","0","","0",""
"2006100000","2006年度","43511","熊本県 五木村","","25,294","","***","","1,115,017","","147","","X","","0.22","","5","","1","","20","","0","","0","","0",""
"2006100000","2006年度","43512","熊本県 山江村","","12,120","","***","","2,628,663","","550","","151","","0.15","","2","","1","","13","","0","","0","","0",""
"2006100000","2006年度","43513","熊本県 球磨村","","20,773","","***","","2,905,662","","721","","524","","0.14","","5","","1","","44","","0","","0","","0",""
"2006100000","2006年度","43514","熊本県 あさぎり町","","15,949","","***","","14,086,587","","3,040","","8,613","","0.26","","6","","5","","179","","1","","0","","1",""
"2006100000","2006年度","43531","熊本県 苓北町","","6,708","","***","","7,076,839","","705","","3,060","","1.03","","4","","3","","120","","0","","0","","4",""
"2005100000","2005年度","43100","熊本県 熊本市","","38,936","","***","","895,594,636","","12,656","","398,188","","-","","94","","50","","***","","***","","***","","102",""
"2005100000","2005年度","43101","熊本県 熊本市 中央区","","-","","***","","-","","-","","-","","-","","-","","-","","***","","***","","***","","-",""
"2005100000","2005年度","43102","熊本県 熊本市 東区","","-","","***","","-","","-","","-","","-","","-","","-","","***","","***","","***","","-",""
"2005100000","2005年度","43103","熊本県 熊本市 西区","","-","","***","","-","","-","","-","","-","","-","","-","","***","","***","","***","","-",""
"2005100000","2005年度","43104","熊本県 熊本市 南区","","-","","***","","-","","-","","-","","-","","-","","-","","***","","***","","***","","-",""
"2005100000","2005年度","43105","熊本県 熊本市 北区","","-","","***","","-","","-","","-","","-","","-","","-","","***","","***","","***","","-",""
"2005100000","2005年度","43202","熊本県 八代市","","68,024","","***","","127,632,520","","7,740","","210,260","","0.48","","38","","15","","***","","***","","***","","12",""
"2005100000","2005年度","43203","熊本県 人吉市","","21,055","","***","","36,719,152","","1,630","","30,127","","0.48","","10","","3","","***","","***","","***","","10",""
"2005100000","2005年度","43204","熊本県 荒尾市","","5,715","","***","","51,427,494","","1,590","","24,135","","0.45","","12","","5","","***","","***","","***","","5",""
"2005100000","2005年度","43205","熊本県 水俣市","","16,288","","***","","26,615,962","","1,010","","48,690","","0.36","","11","","8","","***","","***","","***","","8",""
"2005100000","2005年度","43206","熊本県 玉名市","","15,255","","***","","69,979,170","","6,720","","76,383","","0.41","","21","","6","","***","","***","","***","","5",""
"2005100000","2005年度","43208","熊本県 山鹿市","","29,967","","***","","50,381,504","","7,240","","63,599","","0.32","","22","","6","","***","","***","","***","","6",""
"2005100000","2005年度","43210","熊本県 菊池市","","27,666","","***","","48,495,023","","6,180","","155,373","","0.42","","14","","5","","***","","***","","***","","5",""
"2005100000","2005年度","43211","熊本県 宇土市","","7,419","","***","","37,276,432","","2,050","","70,607","","0.43","","7","","3","","***","","***","","***","","2",""
"2005100000","2005年度","43212","熊本県 上天草市","","12,606","","***","","25,388,193","","1,370","","12,488","","0.25","","17","","9","","***","","***","","***","","1",""
"2005100000","2005年度","43213","熊本県 宇城市","","18,855","","***","","57,270,141","","6,070","","107,366","","0.40","","13","","5","","***","","***","","***","","7",""
"2005100000","2005年度","43214","熊本県 阿蘇市","","37,625","","***","","26,176,084","","9,590","","54,689","","0.36","","11","","4","","***","","***","","***","","4",""
"2005100000","2005年度","43215","熊本県 天草市","","68,307","","***","","76,587,540","","6,320","","-","","0.26","","46","","17","","***","","***","","***","","14",""
"2005100000","2005年度","43216","熊本県 合志市","","5,317","","***","","62,377,823","","2,300","","261,194","","0.55","","7","","3","","***","","***","","***","","5",""
"2005100000","2005年度","43348","熊本県 美里町","","14,403","","***","","8,453,701","","1,340","","4,116","","0.26","","3","","2","","***","","***","","***","","3",""
"2005100000","2005年度","43364","熊本県 玉東町","","2,440","","***","","4,613,358","","820","","2,455","","0.21","","2","","1","","***","","***","","***","","0",""
"2005100000","2005年度","43367","熊本県 南関町","","6,896","","***","","8,691,550","","1,630","","33,709","","0.37","","4","","1","","***","","***","","***","","0",""
"2005100000","2005年度","43368","熊本県 長洲町","","1,943","","***","","16,880,511","","726","","146,119","","0.55","","4","","2","","***","","***","","***","","1",""
"2005100000","2005年度","43369","熊本県 和水町","","9,875","","***","","9,354,655","","2,100","","101,480","","0.27","","8","","2","","***","","***","","***","","1",""
"2005100000","2005年度","43403","熊本県 大津町","","9,909","","***","","32,448,347","","2,310","","417,690","","0.90","","6","","3","","***","","***","","***","","2",""
"2005100000","2005年度","43404","熊本県 菊陽町","","3,757","","***","","36,997,371","","1,490","","106,560","","0.72","","6","","2","","***","","***","","***","","4",""
"2005100000","2005年度","43423","熊本県 南小国町","","11,586","","***","","4,040,820","","1,190","","1,038","","0.24","","3","","1","","***","","***","","***","","0",""
"2005100000","2005年度","43424","熊本県 小国町","","13,700","","***","","6,708,770","","1,750","","2,370","","0.24","","6","","1","","***","","***","","***","","1",""
"2005100000","2005年度","43425","熊本県 産山村","","6,072","","***","","1,116,998","","1,030","","X","","0.18","","2","","1","","***","","***","","***","","0",""
"2005100000","2005年度","43428","熊本県 高森町","","17,490","","***","","5,569,995","","2,580","","5,995","","0.23","","2","","2","","***","","***","","***","","0",""
"2005100000","2005年度","43432","熊本県 西原村","","7,723","","***","","5,944,493","","1,360","","24,332","","0.38","","2","","1","","***","","***","","***","","0",""
"2005100000","2005年度","43433","熊本県 南阿蘇村","","13,730","","***","","9,112,032","","3,550","","1,255","","0.30","","7","","3","","***","","***","","***","","1",""
"2005100000","2005年度","43441","熊本県 御船町","","9,900","","***","","15,569,317","","1,610","","11,370","","0.34","","8","","2","","***","","***","","***","","1",""
"2005100000","2005年度","43442","熊本県 嘉島町","","1,666","","***","","9,424,322","","860","","46,273","","0.62","","2","","1","","***","","***","","***","","2",""
"2005100000","2005年度","43443","熊本県 益城町","","6,567","","***","","32,905,432","","2,410","","53,845","","0.53","","6","","3","","***","","***","","***","","4",""
"2005100000","2005年度","43444","熊本県 甲佐町","","5,787","","***","","9,004,909","","1,290","","12,753","","0.33","","5","","1","","***","","***","","***","","2",""
"2005100000","2005年度","43447","熊本県 山都町","","54,483","","***","","12,741,452","","5,450","","8,029","","0.19","","11","","3","","***","","***","","***","","4",""
"2005100000","2005年度","43468","熊本県 氷川町","","3,329","","***","","10,762,622","","1,670","","736","","0.27","","3","","2","","***","","***","","***","","1",""
"2005100000","2005年度","43482","熊本県 芦北町","","23,371","","***","","16,027,555","","1,790","","18,506","","0.30","","14","","4","","***","","***","","***","","2",""
"2005100000","2005年度","43484","熊本県 津奈木町","","3,397","","***","","3,609,260","","374","","1,845","","0.26","","3","","1","","***","","***","","***","","0",""
"2005100000","2005年度","43501","熊本県 錦町","","8,487","","***","","9,681,687","","1,770","","49,450","","0.40","","3","","1","","***","","***","","***","","0",""
"2005100000","2005年度","43505","熊本県 多良木町","","16,587","","***","","9,584,136","","1,740","","7,416","","0.26","","7","","1","","***","","***","","***","","1",""
"2005100000","2005年度","43506","熊本県 湯前町","","4,841","","***","","3,090,718","","608","","3,080","","0.17","","1","","1","","***","","***","","***","","0",""
"2005100000","2005年度","43507","熊本県 水上村","","19,211","","***","","1,704,941","","492","","1,682","","0.17","","2","","1","","***","","***","","***","","1",""
"2005100000","2005年度","43510","熊本県 相良村","","9,454","","***","","3,870,924","","834","","2,776","","0.19","","2","","1","","***","","***","","***","","0",""
"2005100000","2005年度","43511","熊本県 五木村","","25,294","","***","","1,357,154","","147","","422","","0.22","","8","","1","","***","","***","","***","","0",""
"2005100000","2005年度","43512","熊本県 山江村","","12,120","","***","","2,563,977","","550","","149","","0.15","","2","","1","","***","","***","","***","","0",""
"2005100000","2005年度","43513","熊本県 球磨村","","20,773","","***","","2,896,240","","719","","592","","0.14","","5","","1","","***","","***","","***","","0",""
"2005100000","2005年度","43514","熊本県 あさぎり町","","15,949","","***","","13,746,714","","3,050","","9,056","","0.26","","6","","5","","***","","***","","***","","1",""
"2005100000","2005年度","43531","熊本県 苓北町","","6,708","","***","","7,147,725","","715","","3,256","","0.97","","4","","3","","***","","***","","***","","4",""
"2004100000","2004年度","43100","熊本県 熊本市","","38,936","","***","","882,837,997","","12,748","","393,283","","-","","94","","50","","***","","***","","***","","102",""
"2004100000","2004年度","43101","熊本県 熊本市 中央区","","-","","***","","-","","-","","-","","-","","-","","-","","***","","***","","***","","-",""
"2004100000","2004年度","43102","熊本県 熊本市 東区","","-","","***","","-","","-","","-","","-","","-","","-","","***","","***","","***","","-",""
"2004100000","2004年度","43103","熊本県 熊本市 西区","","-","","***","","-","","-","","-","","-","","-","","-","","***","","***","","***","","-",""
"2004100000","2004年度","43104","熊本県 熊本市 南区","","-","","***","","-","","-","","-","","-","","-","","-","","***","","***","","***","","-",""
"2004100000","2004年度","43105","熊本県 熊本市 北区","","-","","***","","-","","-","","-","","-","","-","","-","","***","","***","","***","","-",""
"2004100000","2004年度","43202","熊本県 八代市","","68,022","","***","","126,832,310","","7,750","","190,840","","-","","38","","15","","***","","***","","***","","12",""
"2004100000","2004年度","43203","熊本県 人吉市","","21,055","","***","","37,083,572","","1,660","","31,038","","0.47","","10","","4","","***","","***","","***","","10",""
"2004100000","2004年度","43204","熊本県 荒尾市","","5,715","","***","","50,090,354","","1,600","","24,717","","0.44","","12","","5","","***","","***","","***","","5",""
"2004100000","2004年度","43205","熊本県 水俣市","","16,287","","***","","25,834,616","","1,010","","45,381","","0.34","","11","","8","","***","","***","","***","","9",""
"2004100000","2004年度","43206","熊本県 玉名市","","15,253","","***","","69,537,022","","6,740","","82,446","","-","","21","","6","","***","","***","","***","","5",""
"2004100000","2004年度","43208","熊本県 山鹿市","","29,967","","***","","49,887,409","","7,270","","60,255","","0.29","","22","","6","","***","","***","","***","","6",""
"2004100000","2004年度","43210","熊本県 菊池市","","27,666","","***","","47,905,405","","6,210","","146,901","","0.39","","14","","5","","***","","***","","***","","5",""
"2004100000","2004年度","43211","熊本県 宇土市","","7,419","","***","","36,406,740","","2,080","","70,926","","0.42","","7","","3","","***","","***","","***","","2",""
"2004100000","2004年度","43212","熊本県 上天草市","","12,606","","***","","25,099,897","","1,380","","10,883","","0.24","","17","","9","","***","","***","","***","","1",""
"2004100000","2004年度","43213","熊本県 宇城市","","18,855","","***","","56,423,257","","6,090","","101,705","","0.38","","14","","5","","***","","***","","***","","7",""
"2004100000","2004年度","43214","熊本県 阿蘇市","","37,625","","***","","26,029,218","","9,590","","51,824","","0.35","","12","","4","","***","","***","","***","","4",""
"2004100000","2004年度","43215","熊本県 天草市","","68,296","","***","","76,714,918","","6,406","","28,775","","-","","52","","19","","***","","***","","***","","14",""
"2004100000","2004年度","43216","熊本県 合志市","","5,317","","***","","60,027,711","","2,320","","285,877","","-","","7","","3","","***","","***","","***","","5",""
"2004100000","2004年度","43348","熊本県 美里町","","14,403","","***","","8,377,469","","1,350","","4,147","","0.23","","3","","2","","***","","***","","***","","3",""
"2004100000","2004年度","43364","熊本県 玉東町","","2,440","","***","","4,313,185","","821","","3,458","","0.20","","2","","1","","***","","***","","***","","0",""
"2004100000","2004年度","43367","熊本県 南関町","","6,896","","***","","8,529,697","","1,640","","32,417","","0.37","","4","","1","","***","","***","","***","","0",""
"2004100000","2004年度","43368","熊本県 長洲町","","1,943","","***","","16,226,277","","732","","145,935","","0.52","","4","","2","","***","","***","","***","","1",""
"2004100000","2004年度","43369","熊本県 和水町","","9,875","","***","","9,207,426","","2,120","","103,248","","-","","8","","2","","***","","***","","***","","1",""
"2004100000","2004年度","43403","熊本県 大津町","","9,909","","***","","31,409,560","","2,330","","430,577","","0.76","","6","","3","","***","","***","","***","","2",""
"2004100000","2004年度","43404","熊本県 菊陽町","","3,757","","***","","34,401,624","","1,500","","69,623","","0.70","","6","","2","","***","","***","","***","","4",""
"2004100000","2004年度","43423","熊本県 南小国町","","11,586","","***","","4,071,686","","1,210","","1,082","","0.23","","3","","1","","***","","***","","***","","0",""
"2004100000","2004年度","43424","熊本県 小国町","","13,700","","***","","7,061,340","","1,780","","2,426","","0.24","","6","","1","","***","","***","","***","","1",""
"2004100000","2004年度","43425","熊本県 産山村","","6,072","","***","","1,155,339","","1,040","","X","","0.17","","2","","1","","***","","***","","***","","0",""
"2004100000","2004年度","43428","熊本県 高森町","","17,490","","***","","5,552,247","","2,600","","5,920","","0.23","","3","","3","","***","","***","","***","","0",""
"2004100000","2004年度","43432","熊本県 西原村","","7,723","","***","","5,716,074","","1,390","","25,040","","0.38","","2","","1","","***","","***","","***","","0",""
"2004100000","2004年度","43433","熊本県 南阿蘇村","","13,730","","***","","9,070,625","","3,560","","-","","0.27","","7","","3","","***","","***","","***","","1",""
"2004100000","2004年度","43441","熊本県 御船町","","9,900","","***","","15,468,774","","1,620","","13,319","","0.33","","10","","2","","***","","***","","***","","1",""
"2004100000","2004年度","43442","熊本県 嘉島町","","1,666","","***","","8,482,338","","861","","46,710","","0.57","","2","","1","","***","","***","","***","","2",""
"2004100000","2004年度","43443","熊本県 益城町","","6,567","","***","","32,044,974","","2,420","","49,292","","0.52","","6","","3","","***","","***","","***","","4",""
"2004100000","2004年度","43444","熊本県 甲佐町","","5,787","","***","","8,877,143","","1,290","","11,349","","0.31","","5","","1","","***","","***","","***","","2",""
"2004100000","2004年度","43447","熊本県 山都町","","54,483","","***","","12,693,291","","5,470","","9,716","","0.18","","20","","4","","***","","***","","***","","4",""
"2004100000","2004年度","43468","熊本県 氷川町","","3,329","","***","","11,785,121","","1,679","","758","","-","","3","","2","","***","","***","","***","","1",""
"2004100000","2004年度","43482","熊本県 芦北町","","23,371","","***","","15,957,833","","1,800","","17,905","","0.24","","16","","4","","***","","***","","***","","2",""
"2004100000","2004年度","43484","熊本県 津奈木町","","3,397","","***","","3,492,166","","375","","1,744","","0.21","","3","","1","","***","","***","","***","","0",""
"2004100000","2004年度","43501","熊本県 錦町","","8,487","","***","","9,573,360","","1,780","","53,996","","0.39","","3","","1","","***","","***","","***","","0",""
"2004100000","2004年度","43505","熊本県 多良木町","","16,587","","***","","9,764,316","","1,750","","7,976","","0.25","","7","","1","","***","","***","","***","","1",""
"2004100000","2004年度","43506","熊本県 湯前町","","4,841","","***","","3,133,274","","608","","3,054","","0.16","","1","","1","","***","","***","","***","","0",""
"2004100000","2004年度","43507","熊本県 水上村","","19,211","","***","","1,659,775","","508","","1,708","","0.16","","2","","1","","***","","***","","***","","1",""
"2004100000","2004年度","43510","熊本県 相良村","","9,454","","***","","3,815,804","","835","","2,828","","0.19","","2","","1","","***","","***","","***","","0",""
"2004100000","2004年度","43511","熊本県 五木村","","25,294","","***","","1,452,995","","150","","651","","0.22","","8","","1","","***","","***","","***","","0",""
"2004100000","2004年度","43512","熊本県 山江村","","12,120","","***","","2,539,305","","601","","122","","0.14","","2","","1","","***","","***","","***","","0",""
"2004100000","2004年度","43513","熊本県 球磨村","","20,773","","***","","2,823,437","","720","","639","","0.13","","5","","1","","***","","***","","***","","0",""
"2004100000","2004年度","43514","熊本県 あさぎり町","","15,949","","***","","13,685,170","","3,060","","10,012","","0.24","","6","","5","","***","","***","","***","","1",""
"2004100000","2004年度","43531","熊本県 苓北町","","6,707","","***","","6,993,364","","728","","3,087","","0.88","","4","","3","","***","","***","","***","","4",""
"2003100000","2003年度","43100","熊本県 熊本市","","38,934","","***","","898,208,252","","12,850","","391,006","","-","","94","","50","","***","","***","","***","","101",""
"2003100000","2003年度","43101","熊本県 熊本市 中央区","","-","","***","","-","","-","","-","","-","","-","","-","","***","","***","","***","","-",""
"2003100000","2003年度","43102","熊本県 熊本市 東区","","-","","***","","-","","-","","-","","-","","-","","-","","***","","***","","***","","-",""
"2003100000","2003年度","43103","熊本県 熊本市 西区","","-","","***","","-","","-","","-","","-","","-","","-","","***","","***","","***","","-",""
"2003100000","2003年度","43104","熊本県 熊本市 南区","","-","","***","","-","","-","","-","","-","","-","","-","","***","","***","","***","","-",""
"2003100000","2003年度","43105","熊本県 熊本市 北区","","-","","***","","-","","-","","-","","-","","-","","-","","***","","***","","***","","-",""
"2003100000","2003年度","43202","熊本県 八代市","","68,022","","***","","128,767,327","","7,816","","187,496","","-","","38","","15","","***","","***","","***","","12",""
"2003100000","2003年度","43203","熊本県 人吉市","","21,055","","***","","38,436,225","","1,670","","24,610","","0.46","","10","","4","","***","","***","","***","","11",""
"2003100000","2003年度","43204","熊本県 荒尾市","","5,715","","***","","51,225,131","","1,600","","22,929","","0.43","","12","","5","","***","","***","","***","","5",""
"2003100000","2003年度","43205","熊本県 水俣市","","16,287","","***","","26,725,147","","1,020","","43,219","","0.33","","11","","8","","***","","***","","***","","9",""
"2003100000","2003年度","43206","熊本県 玉名市","","15,253","","***","","70,618,870","","6,780","","81,590","","-","","21","","6","","***","","***","","***","","5",""
"2003100000","2003年度","43208","熊本県 山鹿市","","29,967","","***","","50,792,547","","7,310","","44,817","","-","","22","","6","","***","","***","","***","","6",""
"2003100000","2003年度","43210","熊本県 菊池市","","27,666","","***","","48,730,077","","6,230","","144,662","","-","","14","","5","","***","","***","","***","","5",""
"2003100000","2003年度","43211","熊本県 宇土市","","7,417","","***","","37,282,097","","2,090","","60,764","","0.41","","7","","3","","***","","***","","***","","2",""
"2003100000","2003年度","43212","熊本県 上天草市","","12,602","","***","","26,650,625","","1,390","","10,239","","0.23","","17","","9","","***","","***","","***","","1",""
"2003100000","2003年度","43213","熊本県 宇城市","","18,852","","***","","57,045,954","","6,121","","95,059","","-","","14","","5","","***","","***","","***","","7",""
"2003100000","2003年度","43214","熊本県 阿蘇市","","37,625","","***","","26,927,588","","9,620","","46,906","","-","","12","","4","","***","","***","","***","","4",""
"2003100000","2003年度","43215","熊本県 天草市","","68,290","","***","","80,488,924","","6,499","","28,718","","-","","54","","21","","***","","***","","***","","14",""
"2003100000","2003年度","43216","熊本県 合志市","","5,317","","***","","60,671,425","","2,340","","260,919","","-","","7","","3","","***","","***","","***","","5",""
"2003100000","2003年度","43348","熊本県 美里町","","14,403","","***","","8,786,617","","1,362","","4,493","","-","","3","","2","","***","","***","","***","","3",""
"2003100000","2003年度","43364","熊本県 玉東町","","2,440","","***","","4,571,212","","825","","3,429","","0.20","","2","","1","","***","","***","","***","","0",""
"2003100000","2003年度","43367","熊本県 南関町","","6,896","","***","","8,826,069","","1,650","","24,565","","0.35","","4","","1","","***","","***","","***","","0",""
"2003100000","2003年度","43368","熊本県 長洲町","","1,943","","***","","16,599,393","","743","","120,966","","0.51","","4","","2","","***","","***","","***","","1",""
"2003100000","2003年度","43369","熊本県 和水町","","9,875","","***","","9,508,428","","2,137","","84,181","","-","","8","","2","","***","","***","","***","","1",""
"2003100000","2003年度","43403","熊本県 大津町","","9,909","","***","","31,572,219","","2,340","","399,335","","0.65","","6","","3","","***","","***","","***","","2",""
"2003100000","2003年度","43404","熊本県 菊陽町","","3,757","","***","","32,288,301","","1,510","","60,709","","0.65","","6","","2","","***","","***","","***","","4",""
"2003100000","2003年度","43423","熊本県 南小国町","","11,586","","***","","4,306,938","","1,220","","999","","0.21","","5","","1","","***","","***","","***","","0",""
"2003100000","2003年度","43424","熊本県 小国町","","13,700","","***","","7,481,664","","1,800","","2,489","","0.23","","6","","1","","***","","***","","***","","1",""
"2003100000","2003年度","43425","熊本県 産山村","","6,072","","***","","1,235,177","","1,040","","125","","0.16","","2","","1","","***","","***","","***","","0",""
"2003100000","2003年度","43428","熊本県 高森町","","17,490","","***","","5,894,760","","2,610","","5,244","","0.22","","3","","3","","***","","***","","***","","0",""
"2003100000","2003年度","43432","熊本県 西原村","","7,723","","***","","5,603,682","","1,410","","21,080","","0.37","","2","","1","","***","","***","","***","","0",""
"2003100000","2003年度","43433","熊本県 南阿蘇村","","13,730","","***","","9,184,552","","3,572","","3,729","","-","","7","","3","","***","","***","","***","","1",""
"2003100000","2003年度","43441","熊本県 御船町","","9,900","","***","","15,764,066","","1,630","","7,240","","0.32","","10","","2","","***","","***","","***","","1",""
"2003100000","2003年度","43442","熊本県 嘉島町","","1,666","","***","","8,441,231","","863","","28,093","","0.48","","2","","1","","***","","***","","***","","2",""
"2003100000","2003年度","43443","熊本県 益城町","","6,567","","***","","32,517,023","","2,430","","51,677","","0.50","","6","","3","","***","","***","","***","","4",""
"2003100000","2003年度","43444","熊本県 甲佐町","","5,787","","***","","8,842,479","","1,310","","10,991","","0.31","","5","","1","","***","","***","","***","","2",""
"2003100000","2003年度","43447","熊本県 山都町","","54,483","","***","","13,787,932","","5,495","","10,265","","-","","20","","4","","***","","***","","***","","4",""
"2003100000","2003年度","43468","熊本県 氷川町","","3,329","","***","","10,866,657","","1,692","","730","","-","","3","","2","","***","","***","","***","","1",""
"2003100000","2003年度","43482","熊本県 芦北町","","23,354","","***","","16,958,413","","1,820","","16,263","","-","","19","","5","","***","","***","","***","","2",""
"2003100000","2003年度","43484","熊本県 津奈木町","","3,397","","***","","3,643,852","","384","","1,971","","0.20","","3","","1","","***","","***","","***","","0",""
"2003100000","2003年度","43501","熊本県 錦町","","8,487","","***","","9,553,529","","1,780","","48,699","","0.37","","3","","1","","***","","***","","***","","0",""
"2003100000","2003年度","43505","熊本県 多良木町","","16,587","","***","","9,886,777","","1,760","","15,036","","0.24","","7","","1","","***","","***","","***","","1",""
"2003100000","2003年度","43506","熊本県 湯前町","","4,841","","***","","3,107,812","","608","","2,841","","0.16","","1","","1","","***","","***","","***","","0",""
"2003100000","2003年度","43507","熊本県 水上村","","19,211","","***","","1,692,455","","509","","1,563","","0.15","","2","","1","","***","","***","","***","","1",""
"2003100000","2003年度","43510","熊本県 相良村","","9,454","","***","","4,012,686","","837","","2,912","","0.19","","2","","1","","***","","***","","***","","0",""
"2003100000","2003年度","43511","熊本県 五木村","","25,294","","***","","1,727,846","","155","","508","","0.21","","8","","1","","***","","***","","***","","0",""
"2003100000","2003年度","43512","熊本県 山江村","","12,120","","***","","2,566,805","","601","","103","","0.13","","2","","1","","***","","***","","***","","0",""
"2003100000","2003年度","43513","熊本県 球磨村","","20,773","","***","","2,875,906","","723","","633","","0.13","","9","","1","","***","","***","","***","","0",""
"2003100000","2003年度","43514","熊本県 あさぎり町","","15,949","","***","","14,177,283","","3,060","","9,954","","0.22","","6","","5","","***","","***","","***","","1",""
"2003100000","2003年度","43531","熊本県 苓北町","","6,706","","***","","7,495,604","","736","","2,968","","0.74","","4","","3","","***","","***","","***","","4",""
"2002100000","2002年度","43100","熊本県 熊本市","","38,934","","***","","924,387,680","","12,980","","462,059","","-","","94","","50","","***","","***","","***","","102",""
"2002100000","2002年度","43101","熊本県 熊本市 中央区","","-","","***","","-","","-","","-","","-","","-","","-","","***","","***","","***","","-",""
"2002100000","2002年度","43102","熊本県 熊本市 東区","","-","","***","","-","","-","","-","","-","","-","","-","","***","","***","","***","","-",""
"2002100000","2002年度","43103","熊本県 熊本市 西区","","-","","***","","-","","-","","-","","-","","-","","-","","***","","***","","***","","-",""
"2002100000","2002年度","43104","熊本県 熊本市 南区","","-","","***","","-","","-","","-","","-","","-","","-","","***","","***","","***","","-",""
"2002100000","2002年度","43105","熊本県 熊本市 北区","","-","","***","","-","","-","","-","","-","","-","","-","","***","","***","","***","","-",""
"2002100000","2002年度","43202","熊本県 八代市","","68,019","","***","","135,093,154","","7,875","","212,433","","-","","46","","15","","***","","***","","***","","12",""
"2002100000","2002年度","43203","熊本県 人吉市","","21,055","","***","","39,524,911","","1,680","","19,596","","0.46","","10","","4","","***","","***","","***","","11",""
"2002100000","2002年度","43204","熊本県 荒尾市","","5,715","","***","","52,419,753","","1,610","","21,849","","0.42","","12","","5","","***","","***","","***","","5",""
"2002100000","2002年度","43205","熊本県 水俣市","","16,287","","***","","28,363,835","","1,030","","52,221","","0.33","","11","","8","","***","","***","","***","","9",""
"2002100000","2002年度","43206","熊本県 玉名市","","15,253","","***","","72,759,778","","6,830","","77,304","","-","","21","","6","","***","","***","","***","","5",""
"2002100000","2002年度","43208","熊本県 山鹿市","","29,967","","***","","53,163,999","","7,320","","47,574","","-","","22","","6","","***","","***","","***","","7",""
"2002100000","2002年度","43210","熊本県 菊池市","","27,666","","***","","50,748,119","","6,260","","153,023","","-","","14","","5","","***","","***","","***","","5",""
"2002100000","2002年度","43211","熊本県 宇土市","","7,417","","***","","37,844,886","","2,100","","56,316","","0.40","","7","","3","","***","","***","","***","","2",""
"2002100000","2002年度","43212","熊本県 上天草市","","12,600","","***","","28,347,887","","1,433","","10,106","","-","","17","","9","","***","","***","","***","","1",""
"2002100000","2002年度","43213","熊本県 宇城市","","18,851","","***","","59,001,080","","6,165","","99,629","","-","","15","","5","","***","","***","","***","","7",""
"2002100000","2002年度","43214","熊本県 阿蘇市","","37,625","","***","","27,390,899","","9,640","","45,372","","-","","13","","4","","***","","***","","***","","4",""
"2002100000","2002年度","43215","熊本県 天草市","","68,285","","***","","85,287,157","","6,719","","28,332","","-","","55","","21","","***","","***","","***","","14",""
"2002100000","2002年度","43216","熊本県 合志市","","5,317","","***","","63,100,340","","2,340","","217,757","","-","","7","","3","","***","","***","","***","","6",""
"2002100000","2002年度","43348","熊本県 美里町","","14,403","","***","","9,123,973","","1,368","","4,479","","-","","3","","2","","***","","***","","***","","3",""
"2002100000","2002年度","43364","熊本県 玉東町","","2,440","","***","","4,704,472","","828","","3,802","","0.21","","2","","1","","***","","***","","***","","0",""
"2002100000","2002年度","43367","熊本県 南関町","","6,896","","***","","9,001,869","","1,660","","23,185","","0.33","","4","","1","","***","","***","","***","","0",""
"2002100000","2002年度","43368","熊本県 長洲町","","1,943","","***","","17,028,707","","756","","81,868","","0.50","","4","","2","","***","","***","","***","","1",""
"2002100000","2002年度","43369","熊本県 和水町","","9,875","","***","","10,021,613","","2,157","","97,414","","-","","8","","2","","***","","***","","***","","1",""
"2002100000","2002年度","43403","熊本県 大津町","","9,909","","***","","32,258,659","","2,350","","405,214","","0.65","","8","","3","","***","","***","","***","","2",""
"2002100000","2002年度","43404","熊本県 菊陽町","","3,757","","***","","33,180,582","","1,520","","17,549","","0.59","","6","","2","","***","","***","","***","","3",""
"2002100000","2002年度","43423","熊本県 南小国町","","11,586","","***","","4,213,375","","1,220","","956","","0.20","","5","","1","","***","","***","","***","","0",""
"2002100000","2002年度","43424","熊本県 小国町","","13,700","","***","","7,609,297","","1,810","","2,522","","0.23","","6","","1","","***","","***","","***","","1",""
"2002100000","2002年度","43425","熊本県 産山村","","6,072","","***","","1,236,683","","1,040","","X","","0.15","","2","","1","","***","","***","","***","","0",""
"2002100000","2002年度","43428","熊本県 高森町","","17,490","","***","","5,952,673","","2,630","","5,462","","0.21","","5","","3","","***","","***","","***","","0",""
"2002100000","2002年度","43432","熊本県 西原村","","7,723","","***","","5,612,069","","1,420","","21,557","","0.35","","2","","1","","***","","***","","***","","0",""
"2002100000","2002年度","43433","熊本県 南阿蘇村","","13,730","","***","","9,555,793","","3,586","","4,238","","-","","7","","3","","***","","***","","***","","1",""
"2002100000","2002年度","43441","熊本県 御船町","","9,900","","***","","16,469,633","","1,650","","7,674","","0.31","","10","","2","","***","","***","","***","","1",""
"2002100000","2002年度","43442","熊本県 嘉島町","","1,666","","***","","8,806,650","","867","","10,226","","0.44","","2","","1","","***","","***","","***","","2",""
"2002100000","2002年度","43443","熊本県 益城町","","6,567","","***","","33,299,574","","2,450","","50,131","","0.49","","6","","3","","***","","***","","***","","4",""
"2002100000","2002年度","43444","熊本県 甲佐町","","5,787","","***","","9,456,606","","1,330","","11,820","","0.30","","5","","1","","***","","***","","***","","2",""
"2002100000","2002年度","43447","熊本県 山都町","","54,483","","***","","14,009,872","","5,562","","7,799","","-","","20","","4","","***","","***","","***","","4",""
"2002100000","2002年度","43468","熊本県 氷川町","","3,329","","***","","11,087,035","","1,696","","662","","-","","3","","2","","***","","***","","***","","1",""
"2002100000","2002年度","43482","熊本県 芦北町","","23,348","","***","","17,551,532","","1,841","","17,942","","-","","19","","5","","***","","***","","***","","2",""
"2002100000","2002年度","43484","熊本県 津奈木町","","3,397","","***","","3,743,600","","388","","2,209","","0.19","","3","","1","","***","","***","","***","","0",""
"2002100000","2002年度","43501","熊本県 錦町","","8,487","","***","","10,040,107","","1,790","","46,089","","0.35","","3","","1","","***","","***","","***","","0",""
"2002100000","2002年度","43505","熊本県 多良木町","","16,587","","***","","10,432,326","","1,760","","19,773","","0.24","","7","","1","","***","","***","","***","","1",""
"2002100000","2002年度","43506","熊本県 湯前町","","4,841","","***","","3,415,396","","611","","2,368","","0.16","","1","","1","","***","","***","","***","","0",""
"2002100000","2002年度","43507","熊本県 水上村","","19,211","","***","","1,838,230","","510","","1,337","","0.14","","2","","1","","***","","***","","***","","1",""
"2002100000","2002年度","43510","熊本県 相良村","","9,454","","***","","4,059,162","","838","","3,127","","0.18","","2","","2","","***","","***","","***","","0",""
"2002100000","2002年度","43511","熊本県 五木村","","25,294","","***","","1,907,127","","158","","754","","0.19","","8","","1","","***","","***","","***","","0",""
"2002100000","2002年度","43512","熊本県 山江村","","12,120","","***","","2,670,479","","607","","122","","0.13","","2","","1","","***","","***","","***","","0",""
"2002100000","2002年度","43513","熊本県 球磨村","","20,773","","***","","3,226,553","","727","","623","","0.12","","9","","1","","***","","***","","***","","0",""
"2002100000","2002年度","43514","熊本県 あさぎり町","","15,949","","***","","14,980,820","","3,066","","-","","-","","6","","5","","***","","***","","***","","1",""
"2002100000","2002年度","43531","熊本県 苓北町","","6,706","","***","","7,891,560","","748","","3,766","","0.74","","5","","3","","***","","***","","***","","4",""
"2001100000","2001年度","43100","熊本県 熊本市","","38,905","","***","","872,503,275","","13,081","","516,412","","-","","94","","50","","7,907","","124","","16","","103",""
"2001100000","2001年度","43101","熊本県 熊本市 中央区","","-","","***","","-","","-","","-","","-","","-","","-","","-","","-","","-","","-",""
"2001100000","2001年度","43102","熊本県 熊本市 東区","","-","","***","","-","","-","","-","","-","","-","","-","","-","","-","","-","","-",""
"2001100000","2001年度","43103","熊本県 熊本市 西区","","-","","***","","-","","-","","-","","-","","-","","-","","-","","-","","-","","-",""
"2001100000","2001年度","43104","熊本県 熊本市 南区","","-","","***","","-","","-","","-","","-","","-","","-","","-","","-","","-","","-",""
"2001100000","2001年度","43105","熊本県 熊本市 北区","","-","","***","","-","","-","","-","","-","","-","","-","","-","","-","","-","","-",""
"2001100000","2001年度","43202","熊本県 八代市","","68,019","","***","","138,053,975","","7,964","","222,279","","-","","46","","15","","1,970","","14","","4","","12",""
"2001100000","2001年度","43203","熊本県 人吉市","","21,055","","***","","41,121,330","","1,690","","19,556","","0.45","","10","","4","","643","","5","","2","","11",""
"2001100000","2001年度","43204","熊本県 荒尾市","","5,715","","***","","52,841,559","","1,620","","23,716","","0.42","","12","","5","","621","","6","","3","","5",""
"2001100000","2001年度","43205","熊本県 水俣市","","16,287","","***","","30,160,177","","1,050","","72,594","","0.32","","11","","8","","398","","3","","2","","9",""
"2001100000","2001年度","43206","熊本県 玉名市","","15,253","","***","","75,917,242","","6,890","","83,304","","-","","21","","6","","872","","7","","1","","5",""
"2001100000","2001年度","43208","熊本県 山鹿市","","29,967","","***","","54,691,613","","7,340","","58,219","","-","","22","","6","","747","","9","","1","","7",""
"2001100000","2001年度","43210","熊本県 菊池市","","27,666","","***","","52,094,582","","6,280","","167,447","","-","","14","","5","","632","","6","","1","","5",""
"2001100000","2001年度","43211","熊本県 宇土市","","7,417","","***","","38,546,516","","2,110","","53,664","","0.39","","7","","3","","432","","2","","1","","2",""
"2001100000","2001年度","43212","熊本県 上天草市","","12,600","","***","","29,699,327","","1,460","","12,378","","-","","17","","9","","583","","2","","1","","1",""
"2001100000","2001年度","43213","熊本県 宇城市","","18,851","","***","","61,136,573","","6,197","","109,205","","-","","15","","6","","836","","6","","1","","7",""
"2001100000","2001年度","43214","熊本県 阿蘇市","","37,625","","***","","27,820,798","","9,660","","44,547","","-","","13","","4","","453","","2","","0","","4",""
"2001100000","2001年度","43215","熊本県 天草市","","68,282","","***","","88,072,773","","6,846","","31,183","","-","","56","","24","","1,816","","8","","3","","14",""
"2001100000","2001年度","43216","熊本県 合志市","","5,317","","***","","63,373,043","","2,340","","263,987","","-","","7","","3","","345","","2","","1","","5",""
"2001100000","2001年度","43348","熊本県 美里町","","14,403","","***","","9,583,638","","1,373","","4,529","","-","","3","","2","","181","","0","","0","","3",""
"2001100000","2001年度","43364","熊本県 玉東町","","2,440","","***","","5,239,419","","837","","4,098","","0.21","","2","","1","","65","","1","","0","","0",""
"2001100000","2001年度","43367","熊本県 南関町","","6,896","","***","","9,417,309","","1,670","","19,471","","0.31","","4","","1","","171","","0","","0","","0",""
"2001100000","2001年度","43368","熊本県 長洲町","","1,943","","***","","17,407,585","","765","","145,831","","0.48","","4","","2","","184","","1","","1","","1",""
"2001100000","2001年度","43369","熊本県 和水町","","9,875","","***","","10,171,210","","2,171","","98,980","","-","","8","","2","","145","","2","","0","","1",""
"2001100000","2001年度","43403","熊本県 大津町","","9,909","","***","","32,230,071","","2,360","","404,240","","0.70","","8","","3","","303","","5","","2","","2",""
"2001100000","2001年度","43404","熊本県 菊陽町","","3,757","","***","","33,373,767","","1,520","","19,798","","0.54","","6","","2","","222","","3","","1","","4",""
"2001100000","2001年度","43423","熊本県 南小国町","","11,586","","***","","3,971,374","","1,230","","966","","0.19","","5","","1","","66","","1","","0","","0",""
"2001100000","2001年度","43424","熊本県 小国町","","13,700","","***","","7,695,924","","1,820","","2,768","","0.22","","6","","1","","175","","2","","0","","1",""
"2001100000","2001年度","43425","熊本県 産山村","","6,072","","***","","1,253,845","","1,040","","129","","0.15","","2","","1","","16","","0","","0","","0",""
"2001100000","2001年度","43428","熊本県 高森町","","17,490","","***","","6,160,682","","2,640","","5,973","","0.20","","5","","3","","131","","1","","0","","0",""
"2001100000","2001年度","43432","熊本県 西原村","","7,723","","***","","5,717,725","","1,430","","25,227","","0.34","","2","","1","","63","","0","","0","","0",""
"2001100000","2001年度","43433","熊本県 南阿蘇村","","13,730","","***","","9,526,418","","3,605","","4,507","","-","","7","","3","","173","","0","","0","","1",""
"2001100000","2001年度","43441","熊本県 御船町","","9,900","","***","","17,360,207","","1,680","","7,822","","0.30","","10","","2","","181","","2","","1","","1",""
"2001100000","2001年度","43442","熊本県 嘉島町","","1,666","","***","","8,781,622","","874","","11,067","","0.39","","2","","1","","108","","2","","1","","2",""
"2001100000","2001年度","43443","熊本県 益城町","","6,567","","***","","34,175,805","","2,490","","54,382","","0.47","","6","","3","","229","","4","","2","","4",""
"2001100000","2001年度","43444","熊本県 甲佐町","","5,787","","***","","10,131,701","","1,350","","14,830","","0.29","","5","","1","","131","","0","","0","","2",""
"2001100000","2001年度","43447","熊本県 山都町","","54,483","","***","","14,661,108","","5,620","","11,277","","-","","21","","5","","322","","2","","0","","4",""
"2001100000","2001年度","43468","熊本県 氷川町","","3,329","","***","","11,365,102","","1,711","","806","","-","","3","","2","","156","","1","","0","","1",""
"2001100000","2001年度","43482","熊本県 芦北町","","23,347","","***","","18,222,804","","1,862","","20,625","","-","","20","","5","","302","","0","","0","","2",""
"2001100000","2001年度","43484","熊本県 津奈木町","","3,397","","***","","3,935,404","","396","","3,144","","0.18","","3","","1","","58","","0","","0","","0",""
"2001100000","2001年度","43501","熊本県 錦町","","8,487","","***","","10,274,587","","1,790","","47,127","","0.35","","3","","1","","141","","2","","1","","0",""
"2001100000","2001年度","43505","熊本県 多良木町","","16,587","","***","","10,642,740","","1,760","","18,585","","0.24","","7","","1","","157","","2","","1","","1",""
"2001100000","2001年度","43506","熊本県 湯前町","","4,841","","***","","3,597,617","","615","","2,423","","0.15","","1","","1","","84","","0","","0","","0",""
"2001100000","2001年度","43507","熊本県 水上村","","19,211","","***","","1,920,663","","512","","1,400","","0.13","","2","","1","","37","","0","","0","","1",""
"2001100000","2001年度","43510","熊本県 相良村","","9,454","","***","","4,180,451","","839","","3,530","","0.18","","2","","2","","46","","1","","0","","0",""
"2001100000","2001年度","43511","熊本県 五木村","","25,294","","***","","1,761,203","","158","","833","","0.18","","8","","1","","23","","0","","0","","0",""
"2001100000","2001年度","43512","熊本県 山江村","","12,120","","***","","2,792,551","","615","","147","","0.12","","2","","1","","14","","0","","0","","0",""
"2001100000","2001年度","43513","熊本県 球磨村","","20,773","","***","","3,335,555","","728","","758","","0.12","","9","","1","","56","","0","","0","","0",""
"2001100000","2001年度","43514","熊本県 あさぎり町","","15,949","","***","","15,352,037","","3,069","","-","","-","","6","","5","","210","","1","","0","","1",""
"2001100000","2001年度","43531","熊本県 苓北町","","6,706","","***","","8,219,112","","763","","4,130","","0.74","","5","","3","","134","","1","","0","","4",""
"2000100000","2000年度","43100","熊本県 熊本市","","38,905","","6,265","","933,442,033","","13,233","","538,640","","-","","94","","50","","***","","***","","***","","104",""
"2000100000","2000年度","43101","熊本県 熊本市 中央区","","-","","-","","-","","-","","-","","-","","-","","-","","***","","***","","***","","-",""
"2000100000","2000年度","43102","熊本県 熊本市 東区","","-","","-","","-","","-","","-","","-","","-","","-","","***","","***","","***","","-",""
"2000100000","2000年度","43103","熊本県 熊本市 西区","","-","","-","","-","","-","","-","","-","","-","","-","","***","","***","","***","","-",""
"2000100000","2000年度","43104","熊本県 熊本市 南区","","-","","-","","-","","-","","-","","-","","-","","-","","***","","***","","***","","-",""
"2000100000","2000年度","43105","熊本県 熊本市 北区","","-","","-","","-","","-","","-","","-","","-","","-","","***","","***","","***","","-",""
"2000100000","2000年度","43202","熊本県 八代市","","68,010","","50,131","","139,973,460","","8,117","","-","","-","","46","","15","","***","","***","","***","","12",""
"2000100000","2000年度","43203","熊本県 人吉市","","21,055","","15,928","","41,344,060","","1,700","","22,841","","0.45","","10","","4","","***","","***","","***","","12",""
"2000100000","2000年度","43204","熊本県 荒尾市","","5,715","","968","","53,766,448","","1,630","","25,218","","0.42","","12","","5","","***","","***","","***","","5",""
"2000100000","2000年度","43205","熊本県 水俣市","","16,287","","12,177","","30,639,753","","1,140","","95,760","","0.32","","11","","8","","***","","***","","***","","9",""
"2000100000","2000年度","43206","熊本県 玉名市","","15,253","","2,696","","75,865,219","","6,930","","98,412","","-","","21","","6","","***","","***","","***","","5",""
"2000100000","2000年度","43208","熊本県 山鹿市","","29,967","","15,490","","55,562,233","","7,410","","54,494","","-","","22","","6","","***","","***","","***","","7",""
"2000100000","2000年度","43210","熊本県 菊池市","","27,666","","15,254","","51,502,825","","6,350","","184,550","","-","","14","","5","","***","","***","","***","","5",""
"2000100000","2000年度","43211","熊本県 宇土市","","7,417","","2,858","","37,721,507","","2,130","","60,524","","0.40","","7","","3","","***","","***","","***","","2",""
"2000100000","2000年度","43212","熊本県 上天草市","","12,598","","7,595","","30,438,875","","1,552","","15,849","","-","","17","","9","","***","","***","","***","","1",""
"2000100000","2000年度","43213","熊本県 宇城市","","18,851","","6,116","","61,266,208","","6,271","","104,921","","-","","16","","6","","***","","***","","***","","7",""
"2000100000","2000年度","43214","熊本県 阿蘇市","","37,625","","14,911","","28,110,600","","9,680","","48,770","","-","","13","","4","","***","","***","","***","","4",""
"2000100000","2000年度","43215","熊本県 天草市","","68,282","","46,577","","90,359,924","","7,034","","33,145","","-","","60","","24","","***","","***","","***","","14",""
"2000100000","2000年度","43216","熊本県 合志市","","5,317","","706","","62,608,271","","2,370","","337,037","","-","","7","","3","","***","","***","","***","","5",""
"2000100000","2000年度","43348","熊本県 美里町","","14,403","","10,730","","9,399,093","","1,393","","6,359","","-","","3","","2","","***","","***","","***","","3",""
"2000100000","2000年度","43364","熊本県 玉東町","","2,440","","781","","5,035,870","","840","","4,219","","0.21","","2","","1","","***","","***","","***","","0",""
"2000100000","2000年度","43367","熊本県 南関町","","6,896","","3,424","","9,428,328","","1,680","","22,191","","0.30","","4","","1","","***","","***","","***","","0",""
"2000100000","2000年度","43368","熊本県 長洲町","","1,943","","34","","18,061,805","","770","","157,847","","0.49","","4","","2","","***","","***","","***","","1",""
"2000100000","2000年度","43369","熊本県 和水町","","9,875","","5,183","","10,157,367","","2,185","","69,825","","-","","8","","2","","***","","***","","***","","1",""
"2000100000","2000年度","43403","熊本県 大津町","","9,909","","4,645","","32,247,824","","2,370","","411,378","","0.78","","8","","3","","***","","***","","***","","2",""
"2000100000","2000年度","43404","熊本県 菊陽町","","3,757","","509","","32,735,632","","1,530","","20,354","","0.53","","6","","2","","***","","***","","***","","4",""
"2000100000","2000年度","43423","熊本県 南小国町","","11,586","","7,942","","3,879,708","","1,230","","873","","0.19","","5","","1","","***","","***","","***","","0",""
"2000100000","2000年度","43424","熊本県 小国町","","13,700","","10,263","","7,772,478","","1,820","","3,047","","0.22","","6","","1","","***","","***","","***","","1",""
"2000100000","2000年度","43425","熊本県 産山村","","6,072","","3,752","","1,249,749","","1,050","","111","","0.15","","2","","1","","***","","***","","***","","0",""
"2000100000","2000年度","43428","熊本県 高森町","","17,490","","11,743","","5,987,632","","2,650","","5,853","","0.20","","5","","3","","***","","***","","***","","0",""
"2000100000","2000年度","43432","熊本県 西原村","","7,723","","4,242","","5,507,609","","1,430","","44,278","","0.34","","2","","1","","***","","***","","***","","0",""
"2000100000","2000年度","43433","熊本県 南阿蘇村","","13,730","","6,719","","9,238,435","","3,611","","4,991","","-","","7","","3","","***","","***","","***","","1",""
"2000100000","2000年度","43441","熊本県 御船町","","9,900","","5,589","","17,089,280","","1,690","","9,284","","0.29","","10","","3","","***","","***","","***","","1",""
"2000100000","2000年度","43442","熊本県 嘉島町","","1,666","","0","","8,560,725","","893","","11,649","","0.37","","2","","1","","***","","***","","***","","2",""
"2000100000","2000年度","43443","熊本県 益城町","","6,567","","2,150","","35,327,467","","2,510","","37,555","","0.48","","6","","3","","***","","***","","***","","4",""
"2000100000","2000年度","43444","熊本県 甲佐町","","5,787","","2,596","","10,295,101","","1,360","","14,866","","0.29","","5","","1","","***","","***","","***","","2",""
"2000100000","2000年度","43447","熊本県 山都町","","54,483","","39,026","","15,012,376","","5,730","","15,934","","-","","21","","5","","***","","***","","***","","4",""
"2000100000","2000年度","43468","熊本県 氷川町","","3,329","","339","","11,554,103","","1,793","","1,077","","-","","3","","2","","***","","***","","***","","1",""
"2000100000","2000年度","43482","熊本県 芦北町","","23,347","","18,368","","18,998,417","","1,914","","21,830","","-","","20","","5","","***","","***","","***","","3",""
"2000100000","2000年度","43484","熊本県 津奈木町","","3,397","","2,190","","4,012,680","","422","","4,091","","0.18","","3","","1","","***","","***","","***","","0",""
"2000100000","2000年度","43501","熊本県 錦町","","8,487","","4,958","","10,266,732","","1,790","","61,804","","0.35","","3","","1","","***","","***","","***","","0",""
"2000100000","2000年度","43505","熊本県 多良木町","","16,587","","13,356","","10,772,910","","1,770","","18,409","","0.24","","7","","1","","***","","***","","***","","1",""
"2000100000","2000年度","43506","熊本県 湯前町","","4,841","","3,556","","3,663,818","","622","","2,388","","0.15","","1","","1","","***","","***","","***","","0",""
"2000100000","2000年度","43507","熊本県 水上村","","19,211","","17,655","","1,915,612","","520","","1,773","","0.13","","3","","1","","***","","***","","***","","1",""
"2000100000","2000年度","43510","熊本県 相良村","","9,454","","7,072","","4,394,413","","844","","3,754","","0.17","","2","","2","","***","","***","","***","","0",""
"2000100000","2000年度","43511","熊本県 五木村","","25,294","","24,339","","1,617,357","","161","","922","","0.17","","8","","1","","***","","***","","***","","0",""
"2000100000","2000年度","43512","熊本県 山江村","","12,120","","10,583","","2,818,587","","625","","590","","0.12","","2","","1","","***","","***","","***","","0",""
"2000100000","2000年度","43513","熊本県 球磨村","","20,773","","18,268","","3,439,153","","735","","998","","0.12","","9","","1","","***","","***","","***","","0",""
"2000100000","2000年度","43514","熊本県 あさぎり町","","15,949","","10,529","","15,328,632","","3,084","","-","","-","","6","","5","","***","","***","","***","","1",""
"2000100000","2000年度","43531","熊本県 苓北町","","6,704","","4,111","","8,379,131","","802","","4,525","","0.77","","5","","3","","***","","***","","***","","4",""
"1999100000","1999年度","43100","熊本県 熊本市","","38,901","","***","","948,137,896","","13,488","","518,430","","-","","94","","50","","***","","***","","***","","104",""
"1999100000","1999年度","43101","熊本県 熊本市 中央区","","-","","***","","-","","-","","-","","-","","-","","-","","***","","***","","***","","-",""
"1999100000","1999年度","43102","熊本県 熊本市 東区","","-","","***","","-","","-","","-","","-","","-","","-","","***","","***","","***","","-",""
"1999100000","1999年度","43103","熊本県 熊本市 西区","","-","","***","","-","","-","","-","","-","","-","","-","","***","","***","","***","","-",""
"1999100000","1999年度","43104","熊本県 熊本市 南区","","-","","***","","-","","-","","-","","-","","-","","-","","***","","***","","***","","-",""
"1999100000","1999年度","43105","熊本県 熊本市 北区","","-","","***","","-","","-","","-","","-","","-","","-","","***","","***","","***","","-",""
"1999100000","1999年度","43202","熊本県 八代市","","68,010","","***","","144,874,188","","8,195","","210,503","","-","","46","","15","","***","","***","","***","","12",""
"1999100000","1999年度","43203","熊本県 人吉市","","21,055","","***","","41,699,401","","1,720","","20,218","","0.46","","10","","4","","***","","***","","***","","12",""
"1999100000","1999年度","43204","熊本県 荒尾市","","5,715","","***","","55,302,384","","1,630","","25,540","","0.42","","12","","5","","***","","***","","***","","6",""
"1999100000","1999年度","43205","熊本県 水俣市","","16,286","","***","","31,504,572","","1,160","","82,870","","0.33","","11","","8","","***","","***","","***","","9",""
"1999100000","1999年度","43206","熊本県 玉名市","","15,253","","***","","80,103,412","","7,010","","97,304","","-","","21","","6","","***","","***","","***","","5",""
"1999100000","1999年度","43208","熊本県 山鹿市","","29,967","","***","","57,367,649","","7,530","","51,144","","-","","22","","6","","***","","***","","***","","7",""
"1999100000","1999年度","43210","熊本県 菊池市","","27,666","","***","","52,780,799","","6,400","","150,738","","-","","14","","6","","***","","***","","***","","5",""
"1999100000","1999年度","43211","熊本県 宇土市","","7,417","","***","","38,724,600","","2,170","","58,357","","0.41","","7","","3","","***","","***","","***","","2",""
"1999100000","1999年度","43212","熊本県 上天草市","","12,595","","***","","31,673,930","","1,593","","15,166","","-","","17","","9","","***","","***","","***","","1",""
"1999100000","1999年度","43213","熊本県 宇城市","","18,851","","***","","62,802,583","","6,368","","108,270","","-","","16","","6","","***","","***","","***","","7",""
"1999100000","1999年度","43214","熊本県 阿蘇市","","37,625","","***","","28,777,801","","9,770","","43,280","","-","","13","","4","","***","","***","","***","","4",""
"1999100000","1999年度","43215","熊本県 天草市","","68,278","","***","","91,160,898","","7,152","","34,979","","-","","61","","24","","***","","***","","***","","15",""
"1999100000","1999年度","43216","熊本県 合志市","","5,317","","***","","62,311,152","","2,420","","203,548","","-","","7","","3","","***","","***","","***","","6",""
"1999100000","1999年度","43348","熊本県 美里町","","14,403","","***","","9,820,394","","1,409","","5,885","","-","","3","","2","","***","","***","","***","","3",""
"1999100000","1999年度","43364","熊本県 玉東町","","2,440","","***","","5,898,881","","845","","4,298","","0.21","","2","","1","","***","","***","","***","","0",""
"1999100000","1999年度","43367","熊本県 南関町","","6,896","","***","","9,920,797","","1,690","","20,890","","0.29","","4","","1","","***","","***","","***","","0",""
"1999100000","1999年度","43368","熊本県 長洲町","","1,943","","***","","19,433,406","","774","","148,492","","0.50","","4","","2","","***","","***","","***","","1",""
"1999100000","1999年度","43369","熊本県 和水町","","9,875","","***","","10,558,193","","2,198","","52,131","","-","","8","","2","","***","","***","","***","","1",""
"1999100000","1999年度","43403","熊本県 大津町","","9,909","","***","","31,941,677","","2,390","","348,717","","0.75","","8","","3","","***","","***","","***","","2",""
"1999100000","1999年度","43404","熊本県 菊陽町","","3,757","","***","","32,878,352","","1,610","","21,964","","0.57","","6","","2","","***","","***","","***","","4",""
"1999100000","1999年度","43423","熊本県 南小国町","","11,586","","***","","4,087,279","","1,240","","849","","0.19","","5","","1","","***","","***","","***","","0",""
"1999100000","1999年度","43424","熊本県 小国町","","13,700","","***","","8,493,123","","1,830","","3,192","","0.23","","6","","1","","***","","***","","***","","1",""
"1999100000","1999年度","43425","熊本県 産山村","","6,072","","***","","1,358,825","","1,050","","112","","0.15","","2","","1","","***","","***","","***","","0",""
"1999100000","1999年度","43428","熊本県 高森町","","17,490","","***","","6,371,568","","2,660","","4,384","","0.20","","5","","3","","***","","***","","***","","0",""
"1999100000","1999年度","43432","熊本県 西原村","","7,723","","***","","5,640,894","","1,450","","38,471","","0.35","","2","","1","","***","","***","","***","","0",""
"1999100000","1999年度","43433","熊本県 南阿蘇村","","13,730","","***","","9,553,070","","3,632","","-","","-","","7","","3","","***","","***","","***","","1",""
"1999100000","1999年度","43441","熊本県 御船町","","9,900","","***","","17,310,993","","1,710","","9,294","","0.31","","10","","3","","***","","***","","***","","1",""
"1999100000","1999年度","43442","熊本県 嘉島町","","1,666","","***","","8,684,845","","905","","11,347","","0.37","","2","","1","","***","","***","","***","","2",""
"1999100000","1999年度","43443","熊本県 益城町","","6,567","","***","","35,188,461","","2,530","","35,521","","0.48","","6","","3","","***","","***","","***","","4",""
"1999100000","1999年度","43444","熊本県 甲佐町","","5,787","","***","","10,687,914","","1,370","","12,693","","0.29","","5","","1","","***","","***","","***","","2",""
"1999100000","1999年度","43447","熊本県 山都町","","54,483","","***","","15,577,490","","5,830","","26,347","","-","","21","","5","","***","","***","","***","","4",""
"1999100000","1999年度","43468","熊本県 氷川町","","3,329","","***","","11,925,565","","1,803","","974","","-","","3","","2","","***","","***","","***","","0",""
"1999100000","1999年度","43482","熊本県 芦北町","","23,347","","***","","18,956,570","","1,956","","19,473","","-","","20","","5","","***","","***","","***","","2",""
"1999100000","1999年度","43484","熊本県 津奈木町","","3,397","","***","","4,065,209","","442","","3,599","","0.18","","3","","1","","***","","***","","***","","0",""
"1999100000","1999年度","43501","熊本県 錦町","","8,487","","***","","10,227,096","","1,800","","56,443","","0.35","","3","","1","","***","","***","","***","","0",""
"1999100000","1999年度","43505","熊本県 多良木町","","16,587","","***","","11,203,265","","1,780","","15,771","","0.25","","7","","1","","***","","***","","***","","1",""
"1999100000","1999年度","43506","熊本県 湯前町","","4,841","","***","","3,819,145","","624","","2,451","","0.16","","1","","1","","***","","***","","***","","0",""
"1999100000","1999年度","43507","熊本県 水上村","","19,211","","***","","2,026,510","","533","","1,360","","0.13","","3","","1","","***","","***","","***","","1",""
"1999100000","1999年度","43510","熊本県 相良村","","9,454","","***","","4,349,784","","851","","3,319","","0.17","","2","","2","","***","","***","","***","","0",""
"1999100000","1999年度","43511","熊本県 五木村","","25,294","","***","","1,560,441","","161","","957","","0.17","","8","","1","","***","","***","","***","","0",""
"1999100000","1999年度","43512","熊本県 山江村","","12,120","","***","","2,838,725","","631","","592","","0.12","","2","","1","","***","","***","","***","","0",""
"1999100000","1999年度","43513","熊本県 球磨村","","20,773","","***","","3,454,430","","743","","869","","0.12","","10","","1","","***","","***","","***","","0",""
"1999100000","1999年度","43514","熊本県 あさぎり町","","15,949","","***","","15,721,815","","3,092","","-","","-","","6","","5","","***","","***","","***","","1",""
"1999100000","1999年度","43531","熊本県 苓北町","","6,699","","***","","8,423,760","","809","","4,739","","0.84","","5","","3","","***","","***","","***","","4",""
"1998100000","1998年度","43100","熊本県 熊本市","","38,859","","***","","958,446,592","","13,675","","627,830","","-","","94","","50","","***","","***","","***","","106",""
"1998100000","1998年度","43101","熊本県 熊本市 中央区","","-","","***","","-","","-","","-","","-","","-","","-","","***","","***","","***","","-",""
"1998100000","1998年度","43102","熊本県 熊本市 東区","","-","","***","","-","","-","","-","","-","","-","","-","","***","","***","","***","","-",""
"1998100000","1998年度","43103","熊本県 熊本市 西区","","-","","***","","-","","-","","-","","-","","-","","-","","***","","***","","***","","-",""
"1998100000","1998年度","43104","熊本県 熊本市 南区","","-","","***","","-","","-","","-","","-","","-","","-","","***","","***","","***","","-",""
"1998100000","1998年度","43105","熊本県 熊本市 北区","","-","","***","","-","","-","","-","","-","","-","","-","","***","","***","","***","","-",""
"1998100000","1998年度","43202","熊本県 八代市","","68,010","","***","","147,313,310","","8,236","","-","","-","","46","","15","","***","","***","","***","","11",""
"1998100000","1998年度","43203","熊本県 人吉市","","21,055","","***","","42,649,922","","1,730","","21,013","","0.47","","10","","4","","***","","***","","***","","12",""
"1998100000","1998年度","43204","熊本県 荒尾市","","5,715","","***","","55,715,527","","1,640","","26,489","","0.43","","12","","5","","***","","***","","***","","6",""
"1998100000","1998年度","43205","熊本県 水俣市","","16,261","","***","","32,053,321","","1,170","","97,068","","0.34","","14","","9","","***","","***","","***","","8",""
"1998100000","1998年度","43206","熊本県 玉名市","","15,253","","***","","77,100,425","","7,060","","97,606","","-","","21","","6","","***","","***","","***","","5",""
"1998100000","1998年度","43208","熊本県 山鹿市","","29,967","","***","","58,146,086","","7,580","","57,699","","-","","22","","6","","***","","***","","***","","7",""
"1998100000","1998年度","43210","熊本県 菊池市","","27,666","","***","","53,284,772","","6,460","","124,866","","-","","14","","6","","***","","***","","***","","5",""
"1998100000","1998年度","43211","熊本県 宇土市","","7,417","","***","","38,724,168","","2,190","","53,934","","0.42","","7","","3","","***","","***","","***","","2",""
"1998100000","1998年度","43212","熊本県 上天草市","","12,595","","***","","32,511,891","","1,667","","15,914","","-","","17","","9","","***","","***","","***","","1",""
"1998100000","1998年度","43213","熊本県 宇城市","","18,851","","***","","62,758,884","","6,505","","107,444","","-","","16","","6","","***","","***","","***","","7",""
"1998100000","1998年度","43214","熊本県 阿蘇市","","37,625","","***","","29,572,311","","9,840","","-","","-","","17","","4","","***","","***","","***","","4",""
"1998100000","1998年度","43215","熊本県 天草市","","68,265","","***","","93,147,848","","7,376","","36,732","","-","","62","","24","","***","","***","","***","","15",""
"1998100000","1998年度","43216","熊本県 合志市","","5,317","","***","","63,897,883","","2,430","","147,328","","-","","7","","3","","***","","***","","***","","6",""
"1998100000","1998年度","43348","熊本県 美里町","","14,403","","***","","10,194,514","","1,453","","6,879","","-","","6","","2","","***","","***","","***","","3",""
"1998100000","1998年度","43364","熊本県 玉東町","","2,440","","***","","5,342,232","","850","","3,869","","0.22","","2","","1","","***","","***","","***","","0",""
"1998100000","1998年度","43367","熊本県 南関町","","6,896","","***","","10,022,129","","1,700","","22,066","","0.28","","4","","1","","***","","***","","***","","0",""
"1998100000","1998年度","43368","熊本県 長洲町","","1,943","","***","","19,885,586","","782","","189,242","","0.52","","4","","2","","***","","***","","***","","1",""
"1998100000","1998年度","43369","熊本県 和水町","","9,875","","***","","10,466,272","","2,203","","25,177","","-","","8","","2","","***","","***","","***","","1",""
"1998100000","1998年度","43403","熊本県 大津町","","9,909","","***","","31,790,577","","2,420","","338,228","","0.71","","8","","3","","***","","***","","***","","2",""
"1998100000","1998年度","43404","熊本県 菊陽町","","3,757","","***","","32,797,346","","1,630","","65,518","","0.58","","6","","2","","***","","***","","***","","4",""
"1998100000","1998年度","43423","熊本県 南小国町","","11,586","","***","","4,243,755","","1,250","","1,056","","0.19","","5","","1","","***","","***","","***","","0",""
"1998100000","1998年度","43424","熊本県 小国町","","13,700","","***","","8,631,685","","1,840","","3,536","","0.23","","6","","1","","***","","***","","***","","1",""
"1998100000","1998年度","43425","熊本県 産山村","","6,072","","***","","1,305,609","","1,060","","117","","0.16","","2","","1","","***","","***","","***","","0",""
"1998100000","1998年度","43428","熊本県 高森町","","17,490","","***","","6,420,888","","2,680","","4,640","","0.20","","5","","3","","***","","***","","***","","0",""
"1998100000","1998年度","43432","熊本県 西原村","","7,723","","***","","5,628,493","","1,470","","36,415","","0.36","","2","","1","","***","","***","","***","","0",""
"1998100000","1998年度","43433","熊本県 南阿蘇村","","13,730","","***","","9,889,520","","3,658","","8,962","","-","","7","","3","","***","","***","","***","","1",""
"1998100000","1998年度","43441","熊本県 御船町","","9,900","","***","","17,768,663","","1,750","","10,745","","0.31","","10","","3","","***","","***","","***","","1",""
"1998100000","1998年度","43442","熊本県 嘉島町","","1,666","","***","","8,607,871","","917","","11,744","","0.36","","2","","1","","***","","***","","***","","2",""
"1998100000","1998年度","43443","熊本県 益城町","","6,567","","***","","35,528,062","","2,560","","35,897","","0.49","","6","","3","","***","","***","","***","","4",""
"1998100000","1998年度","43444","熊本県 甲佐町","","5,787","","***","","11,086,617","","1,390","","12,102","","0.30","","5","","1","","***","","***","","***","","2",""
"1998100000","1998年度","43447","熊本県 山都町","","54,483","","***","","15,742,805","","5,950","","34,035","","-","","21","","5","","***","","***","","***","","4",""
"1998100000","1998年度","43468","熊本県 氷川町","","3,329","","***","","12,539,012","","1,804","","1,306","","-","","3","","2","","***","","***","","***","","0",""
"1998100000","1998年度","43482","熊本県 芦北町","","23,347","","***","","18,731,257","","1,978","","20,724","","-","","20","","5","","***","","***","","***","","2",""
"1998100000","1998年度","43484","熊本県 津奈木町","","3,397","","***","","4,134,204","","448","","3,083","","0.17","","3","","1","","***","","***","","***","","0",""
"1998100000","1998年度","43501","熊本県 錦町","","8,487","","***","","10,578,921","","1,820","","47,978","","0.35","","3","","1","","***","","***","","***","","0",""
"1998100000","1998年度","43505","熊本県 多良木町","","16,587","","***","","11,582,363","","1,790","","15,259","","0.26","","7","","1","","***","","***","","***","","1",""
"1998100000","1998年度","43506","熊本県 湯前町","","4,841","","***","","3,906,205","","631","","4,958","","0.16","","1","","1","","***","","***","","***","","0",""
"1998100000","1998年度","43507","熊本県 水上村","","19,211","","***","","2,220,933","","534","","1,308","","0.13","","3","","1","","***","","***","","***","","1",""
"1998100000","1998年度","43510","熊本県 相良村","","9,454","","***","","4,517,257","","858","","4,003","","0.18","","2","","2","","***","","***","","***","","0",""
"1998100000","1998年度","43511","熊本県 五木村","","25,294","","***","","1,509,885","","164","","893","","0.16","","8","","1","","***","","***","","***","","0",""
"1998100000","1998年度","43512","熊本県 山江村","","12,120","","***","","2,997,895","","645","","769","","0.13","","2","","1","","***","","***","","***","","0",""
"1998100000","1998年度","43513","熊本県 球磨村","","20,773","","***","","3,751,514","","749","","960","","0.12","","10","","1","","***","","***","","***","","0",""
"1998100000","1998年度","43514","熊本県 あさぎり町","","15,949","","***","","15,712,326","","3,122","","-","","-","","6","","5","","***","","***","","***","","1",""
"1998100000","1998年度","43531","熊本県 苓北町","","6,699","","***","","8,411,370","","820","","5,497","","0.92","","5","","3","","***","","***","","***","","4",""
"1997100000","1997年度","43100","熊本県 熊本市","","38,859","","***","","953,841,692","","13,789","","705,095","","-","","93","","50","","***","","***","","***","","106",""
"1997100000","1997年度","43101","熊本県 熊本市 中央区","","-","","***","","-","","-","","-","","-","","-","","-","","***","","***","","***","","-",""
"1997100000","1997年度","43102","熊本県 熊本市 東区","","-","","***","","-","","-","","-","","-","","-","","-","","***","","***","","***","","-",""
"1997100000","1997年度","43103","熊本県 熊本市 西区","","-","","***","","-","","-","","-","","-","","-","","-","","***","","***","","***","","-",""
"1997100000","1997年度","43104","熊本県 熊本市 南区","","-","","***","","-","","-","","-","","-","","-","","-","","***","","***","","***","","-",""
"1997100000","1997年度","43105","熊本県 熊本市 北区","","-","","***","","-","","-","","-","","-","","-","","-","","***","","***","","***","","-",""
"1997100000","1997年度","43202","熊本県 八代市","","68,010","","***","","149,221,800","","8,281","","240,705","","-","","46","","15","","***","","***","","***","","11",""
"1997100000","1997年度","43203","熊本県 人吉市","","21,055","","***","","43,226,837","","1,780","","23,123","","0.47","","10","","4","","***","","***","","***","","12",""
"1997100000","1997年度","43204","熊本県 荒尾市","","5,715","","***","","56,211,027","","1,650","","30,660","","0.42","","12","","5","","***","","***","","***","","6",""
"1997100000","1997年度","43205","熊本県 水俣市","","16,261","","***","","31,889,835","","1,190","","108,656","","0.35","","14","","9","","***","","***","","***","","8",""
"1997100000","1997年度","43206","熊本県 玉名市","","15,253","","***","","78,194,092","","7,110","","105,446","","-","","21","","-","","***","","***","","***","","5",""
"1997100000","1997年度","43208","熊本県 山鹿市","","29,967","","***","","57,825,499","","7,640","","61,511","","-","","22","","6","","***","","***","","***","","7",""
"1997100000","1997年度","43210","熊本県 菊池市","","27,666","","***","","52,885,279","","6,530","","130,522","","-","","14","","6","","***","","***","","***","","5",""
"1997100000","1997年度","43211","熊本県 宇土市","","7,412","","***","","38,147,884","","2,220","","57,611","","0.41","","7","","3","","***","","***","","***","","2",""
"1997100000","1997年度","43212","熊本県 上天草市","","12,595","","***","","32,821,072","","1,734","","17,487","","-","","17","","9","","***","","***","","***","","1",""
"1997100000","1997年度","43213","熊本県 宇城市","","18,851","","***","","62,962,226","","6,567","","110,978","","-","","17","","6","","***","","***","","***","","7",""
"1997100000","1997年度","43214","熊本県 阿蘇市","","37,625","","***","","28,895,989","","9,870","","-","","-","","17","","4","","***","","***","","***","","4",""
"1997100000","1997年度","43215","熊本県 天草市","","68,260","","***","","94,408,081","","7,574","","37,858","","-","","62","","24","","***","","***","","***","","15",""
"1997100000","1997年度","43216","熊本県 合志市","","5,317","","***","","63,688,973","","2,460","","131,762","","-","","7","","3","","***","","***","","***","","6",""
"1997100000","1997年度","43348","熊本県 美里町","","14,403","","***","","10,316,684","","1,479","","7,364","","-","","6","","2","","***","","***","","***","","3",""
"1997100000","1997年度","43364","熊本県 玉東町","","2,440","","***","","5,948,767","","852","","3,956","","0.22","","2","","1","","***","","***","","***","","0",""
"1997100000","1997年度","43367","熊本県 南関町","","6,896","","***","","10,036,761","","1,730","","23,326","","0.28","","4","","1","","***","","***","","***","","0",""
"1997100000","1997年度","43368","熊本県 長洲町","","1,943","","***","","18,727,824","","788","","118,949","","0.54","","4","","2","","***","","***","","***","","1",""
"1997100000","1997年度","43369","熊本県 和水町","","9,875","","***","","10,463,602","","2,231","","24,232","","-","","8","","2","","***","","***","","***","","1",""
"1997100000","1997年度","43403","熊本県 大津町","","9,909","","***","","31,340,892","","2,430","","374,299","","0.60","","8","","2","","***","","***","","***","","2",""
"1997100000","1997年度","43404","熊本県 菊陽町","","3,757","","***","","31,899,778","","1,660","","78,478","","0.58","","6","","2","","***","","***","","***","","4",""
"1997100000","1997年度","43423","熊本県 南小国町","","11,586","","***","","3,946,633","","1,260","","1,134","","0.18","","5","","1","","***","","***","","***","","0",""
"1997100000","1997年度","43424","熊本県 小国町","","13,700","","***","","8,442,081","","1,860","","3,968","","0.24","","6","","1","","***","","***","","***","","1",""
"1997100000","1997年度","43425","熊本県 産山村","","6,072","","***","","1,297,315","","1,060","","78","","0.16","","2","","1","","***","","***","","***","","0",""
"1997100000","1997年度","43428","熊本県 高森町","","17,490","","***","","6,426,622","","2,690","","5,235","","0.20","","5","","3","","***","","***","","***","","0",""
"1997100000","1997年度","43432","熊本県 西原村","","7,723","","***","","5,419,592","","1,500","","39,793","","0.34","","2","","1","","***","","***","","***","","0",""
"1997100000","1997年度","43433","熊本県 南阿蘇村","","13,730","","***","","9,551,567","","3,705","","6,189","","-","","7","","3","","***","","***","","***","","1",""
"1997100000","1997年度","43441","熊本県 御船町","","9,900","","***","","17,743,976","","1,770","","11,288","","0.32","","10","","3","","***","","***","","***","","1",""
"1997100000","1997年度","43442","熊本県 嘉島町","","1,666","","***","","8,929,657","","925","","11,888","","0.36","","2","","1","","***","","***","","***","","2",""
"1997100000","1997年度","43443","熊本県 益城町","","6,567","","***","","35,863,119","","2,580","","47,334","","0.48","","6","","3","","***","","***","","***","","4",""
"1997100000","1997年度","43444","熊本県 甲佐町","","5,787","","***","","11,041,602","","1,400","","12,290","","0.30","","5","","1","","***","","***","","***","","2",""
"1997100000","1997年度","43447","熊本県 山都町","","54,483","","***","","15,242,048","","6,100","","30,394","","-","","21","","5","","***","","***","","***","","4",""
"1997100000","1997年度","43468","熊本県 氷川町","","3,329","","***","","13,520,574","","1,805","","1,395","","-","","3","","2","","***","","***","","***","","0",""
"1997100000","1997年度","43482","熊本県 芦北町","","23,347","","***","","18,858,531","","2,000","","22,583","","-","","20","","5","","***","","***","","***","","2",""
"1997100000","1997年度","43484","熊本県 津奈木町","","3,397","","***","","4,175,853","","450","","2,809","","0.17","","3","","1","","***","","***","","***","","0",""
"1997100000","1997年度","43501","熊本県 錦町","","8,487","","***","","10,400,509","","1,830","","49,607","","0.35","","3","","1","","***","","***","","***","","0",""
"1997100000","1997年度","43505","熊本県 多良木町","","16,587","","***","","11,422,367","","1,830","","14,643","","0.26","","7","","1","","***","","***","","***","","1",""
"1997100000","1997年度","43506","熊本県 湯前町","","4,841","","***","","3,963,112","","639","","5,080","","0.16","","1","","1","","***","","***","","***","","0",""
"1997100000","1997年度","43507","熊本県 水上村","","19,211","","***","","2,203,435","","586","","1,123","","0.13","","3","","1","","***","","***","","***","","1",""
"1997100000","1997年度","43510","熊本県 相良村","","9,454","","***","","4,453,702","","884","","4,528","","0.18","","2","","2","","***","","***","","***","","0",""
"1997100000","1997年度","43511","熊本県 五木村","","25,294","","***","","1,582,885","","180","","1,113","","0.15","","8","","1","","***","","***","","***","","0",""
"1997100000","1997年度","43512","熊本県 山江村","","12,120","","***","","2,825,942","","655","","1,045","","0.13","","2","","1","","***","","***","","***","","0",""
"1997100000","1997年度","43513","熊本県 球磨村","","20,773","","***","","3,774,683","","780","","1,273","","0.12","","10","","1","","***","","***","","***","","0",""
"1997100000","1997年度","43514","熊本県 あさぎり町","","15,949","","***","","15,617,214","","3,208","","-","","-","","6","","5","","***","","***","","***","","1",""
"1997100000","1997年度","43531","熊本県 苓北町","","6,697","","***","","8,593,617","","830","","5,638","","0.74","","6","","3","","***","","***","","***","","4",""
"1996100000","1996年度","43100","熊本県 熊本市","","38,856","","***","","923,292,816","","13,976","","699,101","","-","","93","","50","","8,635","","107","","-","","***",""
"1996100000","1996年度","43101","熊本県 熊本市 中央区","","-","","***","","-","","-","","-","","-","","-","","-","","-","","-","","-","","***",""
"1996100000","1996年度","43102","熊本県 熊本市 東区","","-","","***","","-","","-","","-","","-","","-","","-","","-","","-","","-","","***",""
"1996100000","1996年度","43103","熊本県 熊本市 西区","","-","","***","","-","","-","","-","","-","","-","","-","","-","","-","","-","","***",""
"1996100000","1996年度","43104","熊本県 熊本市 南区","","-","","***","","-","","-","","-","","-","","-","","-","","-","","-","","-","","***",""
"1996100000","1996年度","43105","熊本県 熊本市 北区","","-","","***","","-","","-","","-","","-","","-","","-","","-","","-","","-","","***",""
"1996100000","1996年度","43202","熊本県 八代市","","68,010","","***","","144,831,345","","8,336","","237,345","","-","","47","","15","","2,193","","15","","-","","***",""
"1996100000","1996年度","43203","熊本県 人吉市","","21,055","","***","","41,602,844","","1,830","","21,936","","0.46","","10","","4","","726","","9","","3","","***",""
"1996100000","1996年度","43204","熊本県 荒尾市","","5,715","","***","","54,951,417","","1,660","","32,375","","0.42","","12","","5","","665","","6","","3","","***",""
"1996100000","1996年度","43205","熊本県 水俣市","","16,261","","***","","31,401,308","","1,190","","92,225","","0.36","","14","","9","","442","","4","","2","","***",""
"1996100000","1996年度","43206","熊本県 玉名市","","15,253","","***","","74,622,559","","7,190","","102,102","","-","","21","","6","","980","","9","","-","","***",""
"1996100000","1996年度","43208","熊本県 山鹿市","","29,967","","***","","57,268,960","","7,720","","63,179","","-","","22","","6","","833","","7","","-","","***",""
"1996100000","1996年度","43210","熊本県 菊池市","","27,666","","***","","49,597,590","","6,570","","113,043","","-","","14","","6","","659","","8","","-","","***",""
"1996100000","1996年度","43211","熊本県 宇土市","","7,412","","***","","36,532,048","","2,250","","57,019","","0.40","","7","","3","","446","","5","","1","","***",""
"1996100000","1996年度","43212","熊本県 上天草市","","12,594","","***","","32,173,633","","1,786","","19,153","","-","","18","","9","","632","","3","","-","","***",""
"1996100000","1996年度","43213","熊本県 宇城市","","18,850","","***","","61,152,162","","6,633","","104,189","","-","","17","","6","","850","","3","","-","","***",""
"1996100000","1996年度","43214","熊本県 阿蘇市","","37,625","","***","","28,981,589","","9,890","","47,387","","-","","17","","4","","460","","4","","-","","***",""
"1996100000","1996年度","43215","熊本県 天草市","","68,252","","***","","92,640,491","","7,798","","37,296","","-","","62","","24","","1,938","","6","","-","","***",""
"1996100000","1996年度","43216","熊本県 合志市","","5,317","","***","","58,825,958","","2,500","","149,606","","-","","7","","3","","348","","4","","-","","***",""
"1996100000","1996年度","43348","熊本県 美里町","","14,403","","***","","10,192,935","","1,506","","9,358","","-","","6","","2","","185","","0","","-","","***",""
"1996100000","1996年度","43364","熊本県 玉東町","","2,440","","***","","5,524,760","","856","","3,900","","0.22","","2","","1","","61","","1","","-","","***",""
"1996100000","1996年度","43367","熊本県 南関町","","6,896","","***","","9,821,263","","1,760","","27,453","","0.27","","4","","1","","176","","0","","-","","***",""
"1996100000","1996年度","43368","熊本県 長洲町","","1,943","","***","","18,082,054","","794","","127,660","","0.56","","4","","2","","202","","0","","-","","***",""
"1996100000","1996年度","43369","熊本県 和水町","","9,875","","***","","10,202,829","","2,278","","23,216","","-","","8","","2","","151","","2","","-","","***",""
"1996100000","1996年度","43403","熊本県 大津町","","9,909","","***","","30,085,763","","2,450","","328,876","","0.57","","8","","2","","326","","2","","1","","***",""
"1996100000","1996年度","43404","熊本県 菊陽町","","3,757","","***","","31,535,879","","1,690","","83,954","","0.55","","6","","2","","218","","4","","1","","***",""
"1996100000","1996年度","43423","熊本県 南小国町","","11,586","","***","","3,828,325","","1,270","","1,260","","0.18","","5","","1","","76","","1","","-","","***",""
"1996100000","1996年度","43424","熊本県 小国町","","13,700","","***","","8,638,680","","1,870","","4,260","","0.23","","6","","1","","189","","1","","-","","***",""
"1996100000","1996年度","43425","熊本県 産山村","","6,072","","***","","1,253,994","","1,080","","X","","0.16","","2","","1","","20","","0","","-","","***",""
"1996100000","1996年度","43428","熊本県 高森町","","17,490","","***","","5,878,722","","2,720","","4,489","","0.21","","5","","3","","137","","1","","-","","***",""
"1996100000","1996年度","43432","熊本県 西原村","","7,723","","***","","5,092,803","","1,520","","35,167","","0.33","","2","","1","","51","","0","","-","","***",""
"1996100000","1996年度","43433","熊本県 南阿蘇村","","13,730","","***","","9,308,154","","3,743","","6,675","","-","","7","","3","","172","","0","","-","","***",""
"1996100000","1996年度","43441","熊本県 御船町","","9,900","","***","","17,011,869","","1,830","","11,806","","0.31","","10","","3","","197","","3","","-","","***",""
"1996100000","1996年度","43442","熊本県 嘉島町","","1,666","","***","","8,027,882","","931","","11,895","","0.37","","2","","1","","99","","2","","1","","***",""
"1996100000","1996年度","43443","熊本県 益城町","","6,567","","***","","33,719,758","","2,600","","46,988","","0.48","","6","","3","","228","","2","","-","","***",""
"1996100000","1996年度","43444","熊本県 甲佐町","","5,787","","***","","10,959,750","","1,420","","11,677","","0.29","","5","","1","","158","","0","","-","","***",""
"1996100000","1996年度","43447","熊本県 山都町","","54,483","","***","","14,957,743","","6,210","","30,537","","-","","21","","5","","365","","1","","-","","***",""
"1996100000","1996年度","43468","熊本県 氷川町","","3,329","","***","","12,533,699","","1,819","","1,473","","-","","3","","2","","154","","1","","-","","***",""
"1996100000","1996年度","43482","熊本県 芦北町","","23,347","","***","","18,139,884","","2,036","","23,129","","-","","20","","5","","336","","1","","-","","***",""
"1996100000","1996年度","43484","熊本県 津奈木町","","3,397","","***","","4,010,598","","455","","3,160","","0.17","","3","","1","","60","","1","","-","","***",""
"1996100000","1996年度","43501","熊本県 錦町","","8,487","","***","","10,214,949","","1,830","","45,228","","0.35","","3","","1","","155","","2","","1","","***",""
"1996100000","1996年度","43505","熊本県 多良木町","","16,587","","***","","11,217,799","","1,860","","12,774","","0.26","","7","","1","","162","","0","","-","","***",""
"1996100000","1996年度","43506","熊本県 湯前町","","4,841","","***","","3,802,298","","650","","4,218","","0.16","","1","","1","","87","","0","","-","","***",""
"1996100000","1996年度","43507","熊本県 水上村","","19,211","","***","","2,170,471","","606","","1,056","","0.13","","3","","1","","42","","0","","-","","***",""
"1996100000","1996年度","43510","熊本県 相良村","","9,454","","***","","4,401,084","","890","","4,113","","0.18","","2","","2","","45","","1","","-","","***",""
"1996100000","1996年度","43511","熊本県 五木村","","25,294","","***","","1,663,633","","190","","1,112","","0.14","","8","","1","","24","","0","","-","","***",""
"1996100000","1996年度","43512","熊本県 山江村","","12,120","","***","","2,790,557","","663","","1,022","","0.13","","2","","1","","21","","0","","-","","***",""
"1996100000","1996年度","43513","熊本県 球磨村","","20,773","","***","","3,597,048","","816","","1,221","","0.12","","10","","1","","68","","0","","-","","***",""
"1996100000","1996年度","43514","熊本県 あさぎり町","","15,949","","***","","15,356,481","","3,240","","-","","-","","6","","5","","226","","1","","-","","***",""
"1996100000","1996年度","43531","熊本県 苓北町","","6,697","","***","","8,173,005","","848","","5,392","","0.52","","6","","3","","164","","1","","-","","***",""
"1995100000","1995年度","43100","熊本県 熊本市","","38,854","","***","","912,127,932","","14,157","","647,443","","-","","93","","49","","***","","***","","***","","***",""
"1995100000","1995年度","43101","熊本県 熊本市 中央区","","-","","***","","-","","-","","-","","-","","-","","-","","***","","***","","***","","***",""
"1995100000","1995年度","43102","熊本県 熊本市 東区","","-","","***","","-","","-","","-","","-","","-","","-","","***","","***","","***","","***",""
"1995100000","1995年度","43103","熊本県 熊本市 西区","","-","","***","","-","","-","","-","","-","","-","","-","","***","","***","","***","","***",""
"1995100000","1995年度","43104","熊本県 熊本市 南区","","-","","***","","-","","-","","-","","-","","-","","-","","***","","***","","***","","***",""
"1995100000","1995年度","43105","熊本県 熊本市 北区","","-","","***","","-","","-","","-","","-","","-","","-","","***","","***","","***","","***",""
"1995100000","1995年度","43202","熊本県 八代市","","68,010","","***","","150,986,371","","8,389","","-","","-","","47","","15","","***","","***","","***","","***",""
"1995100000","1995年度","43203","熊本県 人吉市","","21,055","","***","","41,417,479","","1,840","","21,178","","0.46","","10","","4","","***","","***","","***","","***",""
"1995100000","1995年度","43204","熊本県 荒尾市","","5,715","","***","","54,346,888","","1,670","","35,381","","0.42","","12","","5","","***","","***","","***","","***",""
"1995100000","1995年度","43205","熊本県 水俣市","","16,261","","***","","31,473,942","","1,200","","89,372","","0.36","","14","","9","","***","","***","","***","","***",""
"1995100000","1995年度","43206","熊本県 玉名市","","15,253","","***","","74,892,423","","7,250","","107,776","","-","","21","","6","","***","","***","","***","","***",""
"1995100000","1995年度","43208","熊本県 山鹿市","","29,967","","***","","57,446,121","","7,830","","64,008","","-","","22","","6","","***","","***","","***","","***",""
"1995100000","1995年度","43210","熊本県 菊池市","","27,666","","***","","49,142,739","","6,620","","97,038","","-","","14","","6","","***","","***","","***","","***",""
"1995100000","1995年度","43211","熊本県 宇土市","","7,412","","***","","36,125,241","","2,290","","57,038","","0.41","","7","","3","","***","","***","","***","","***",""
"1995100000","1995年度","43212","熊本県 上天草市","","12,590","","***","","31,709,356","","1,853","","17,831","","-","","18","","9","","***","","***","","***","","***",""
"1995100000","1995年度","43213","熊本県 宇城市","","18,850","","***","","60,729,246","","6,681","","93,380","","-","","17","","6","","***","","***","","***","","***",""
"1995100000","1995年度","43214","熊本県 阿蘇市","","37,625","","***","","30,359,119","","9,940","","44,984","","-","","17","","4","","***","","***","","***","","***",""
"1995100000","1995年度","43215","熊本県 天草市","","68,247","","***","","92,951,843","","7,979","","37,708","","-","","62","","24","","***","","***","","***","","***",""
"1995100000","1995年度","43216","熊本県 合志市","","5,317","","***","","57,362,009","","2,500","","126,866","","-","","7","","3","","***","","***","","***","","***",""
"1995100000","1995年度","43348","熊本県 美里町","","14,403","","***","","10,114,598","","1,541","","11,418","","-","","6","","2","","***","","***","","***","","***",""
"1995100000","1995年度","43364","熊本県 玉東町","","2,440","","***","","5,714,228","","863","","4,094","","0.22","","2","","1","","***","","***","","***","","***",""
"1995100000","1995年度","43367","熊本県 南関町","","6,896","","***","","9,621,330","","1,790","","25,306","","0.27","","4","","1","","***","","***","","***","","***",""
"1995100000","1995年度","43368","熊本県 長洲町","","1,943","","***","","17,870,686","","802","","157,014","","0.55","","4","","2","","***","","***","","***","","***",""
"1995100000","1995年度","43369","熊本県 和水町","","9,875","","***","","10,421,051","","2,343","","22,477","","-","","8","","2","","***","","***","","***","","***",""
"1995100000","1995年度","43403","熊本県 大津町","","9,909","","***","","30,080,106","","2,510","","312,308","","0.57","","8","","2","","***","","***","","***","","***",""
"1995100000","1995年度","43404","熊本県 菊陽町","","3,757","","***","","31,226,927","","1,730","","73,597","","0.55","","6","","2","","***","","***","","***","","***",""
"1995100000","1995年度","43423","熊本県 南小国町","","11,586","","***","","3,890,885","","1,280","","1,409","","0.17","","5","","1","","***","","***","","***","","***",""
"1995100000","1995年度","43424","熊本県 小国町","","13,700","","***","","8,908,104","","1,890","","4,229","","0.22","","6","","1","","***","","***","","***","","***",""
"1995100000","1995年度","43425","熊本県 産山村","","6,072","","***","","1,368,544","","1,090","","83","","0.16","","2","","1","","***","","***","","***","","***",""
"1995100000","1995年度","43428","熊本県 高森町","","17,490","","***","","6,090,029","","2,740","","4,931","","0.21","","5","","3","","***","","***","","***","","***",""
"1995100000","1995年度","43432","熊本県 西原村","","7,660","","***","","4,909,834","","1,540","","28,981","","0.32","","2","","1","","***","","***","","***","","***",""
"1995100000","1995年度","43433","熊本県 南阿蘇村","","13,793","","***","","9,671,965","","3,778","","-","","-","","7","","3","","***","","***","","***","","***",""
"1995100000","1995年度","43441","熊本県 御船町","","9,900","","***","","17,092,279","","1,870","","11,599","","0.32","","10","","3","","***","","***","","***","","***",""
"1995100000","1995年度","43442","熊本県 嘉島町","","1,666","","***","","7,982,373","","948","","11,198","","0.37","","2","","1","","***","","***","","***","","***",""
"1995100000","1995年度","43443","熊本県 益城町","","6,567","","***","","32,944,355","","2,620","","43,301","","0.48","","6","","3","","***","","***","","***","","***",""
"1995100000","1995年度","43444","熊本県 甲佐町","","5,787","","***","","11,022,810","","1,430","","10,705","","0.28","","5","","1","","***","","***","","***","","***",""
"1995100000","1995年度","43447","熊本県 山都町","","54,483","","***","","15,916,509","","6,290","","38,376","","-","","21","","5","","***","","***","","***","","***",""
"1995100000","1995年度","43468","熊本県 氷川町","","3,329","","***","","14,281,353","","1,823","","2,919","","-","","3","","2","","***","","***","","***","","***",""
"1995100000","1995年度","43482","熊本県 芦北町","","23,347","","***","","18,288,263","","2,093","","21,964","","-","","21","","5","","***","","***","","***","","***",""
"1995100000","1995年度","43484","熊本県 津奈木町","","3,397","","***","","3,951,970","","462","","3,514","","0.17","","3","","1","","***","","***","","***","","***",""
"1995100000","1995年度","43501","熊本県 錦町","","8,487","","***","","10,036,192","","1,840","","45,638","","0.33","","3","","1","","***","","***","","***","","***",""
"1995100000","1995年度","43505","熊本県 多良木町","","16,587","","***","","11,706,632","","1,880","","12,443","","0.25","","7","","1","","***","","***","","***","","***",""
"1995100000","1995年度","43506","熊本県 湯前町","","4,841","","***","","3,993,117","","655","","7,577","","0.16","","1","","1","","***","","***","","***","","***",""
"1995100000","1995年度","43507","熊本県 水上村","","19,211","","***","","2,100,506","","622","","1,113","","0.13","","4","","1","","***","","***","","***","","***",""
"1995100000","1995年度","43510","熊本県 相良村","","9,454","","***","","4,346,475","","893","","4,248","","0.18","","2","","2","","***","","***","","***","","***",""
"1995100000","1995年度","43511","熊本県 五木村","","25,294","","***","","1,808,533","","220","","1,167","","0.14","","8","","1","","***","","***","","***","","***",""
"1995100000","1995年度","43512","熊本県 山江村","","12,120","","***","","2,795,564","","675","","1,013","","0.13","","2","","1","","***","","***","","***","","***",""
"1995100000","1995年度","43513","熊本県 球磨村","","20,773","","***","","3,669,919","","825","","1,340","","0.12","","10","","1","","***","","***","","***","","***",""
"1995100000","1995年度","43514","熊本県 あさぎり町","","15,949","","***","","15,957,981","","3,266","","-","","-","","6","","5","","***","","***","","***","","***",""
"1995100000","1995年度","43531","熊本県 苓北町","","6,696","","***","","8,622,493","","856","","6,517","","0.25","","6","","3","","***","","***","","***","","***",""
"1994100000","1994年度","43100","熊本県 熊本市","","38,853","","***","","873,053,671","","14,238","","579,034","","-","","92","","49","","***","","***","","***","","***",""
"1994100000","1994年度","43101","熊本県 熊本市 中央区","","-","","***","","-","","-","","-","","-","","-","","-","","***","","***","","***","","***",""
"1994100000","1994年度","43102","熊本県 熊本市 東区","","-","","***","","-","","-","","-","","-","","-","","-","","***","","***","","***","","***",""
"1994100000","1994年度","43103","熊本県 熊本市 西区","","-","","***","","-","","-","","-","","-","","-","","-","","***","","***","","***","","***",""
"1994100000","1994年度","43104","熊本県 熊本市 南区","","-","","***","","-","","-","","-","","-","","-","","-","","***","","***","","***","","***",""
"1994100000","1994年度","43105","熊本県 熊本市 北区","","-","","***","","-","","-","","-","","-","","-","","-","","***","","***","","***","","***",""
"1994100000","1994年度","43202","熊本県 八代市","","68,009","","***","","141,641,082","","8,419","","221,085","","-","","48","","15","","***","","***","","***","","***",""
"1994100000","1994年度","43203","熊本県 人吉市","","21,052","","***","","39,652,572","","1,850","","20,837","","0.44","","10","","4","","***","","***","","***","","***",""
"1994100000","1994年度","43204","熊本県 荒尾市","","5,715","","***","","53,679,255","","1,700","","40,731","","0.41","","12","","5","","***","","***","","***","","***",""
"1994100000","1994年度","43205","熊本県 水俣市","","16,260","","***","","30,990,923","","1,200","","79,888","","0.36","","14","","9","","***","","***","","***","","***",""
"1994100000","1994年度","43206","熊本県 玉名市","","15,253","","***","","69,882,647","","7,330","","107,099","","-","","21","","6","","***","","***","","***","","***",""
"1994100000","1994年度","43208","熊本県 山鹿市","","29,968","","***","","54,641,997","","7,990","","65,978","","-","","22","","6","","***","","***","","***","","***",""
"1994100000","1994年度","43210","熊本県 菊池市","","27,665","","***","","46,879,699","","6,680","","94,523","","-","","14","","6","","***","","***","","***","","***",""
"1994100000","1994年度","43211","熊本県 宇土市","","7,412","","***","","33,020,991","","2,340","","57,927","","0.43","","7","","3","","***","","***","","***","","***",""
"1994100000","1994年度","43212","熊本県 上天草市","","12,588","","***","","30,988,865","","1,890","","18,869","","-","","18","","9","","***","","***","","***","","***",""
"1994100000","1994年度","43213","熊本県 宇城市","","18,850","","***","","56,929,559","","6,782","","92,500","","-","","17","","6","","***","","***","","***","","***",""
"1994100000","1994年度","43214","熊本県 阿蘇市","","37,625","","***","","27,536,285","","9,960","","46,299","","-","","17","","4","","***","","***","","***","","***",""
"1994100000","1994年度","43215","熊本県 天草市","","68,240","","***","","88,176,639","","8,155","","42,398","","-","","62","","26","","***","","***","","***","","***",""
"1994100000","1994年度","43216","熊本県 合志市","","5,317","","***","","55,269,951","","2,510","","111,953","","-","","8","","4","","***","","***","","***","","***",""
"1994100000","1994年度","43348","熊本県 美里町","","14,403","","***","","9,490,875","","1,579","","14,027","","-","","6","","2","","***","","***","","***","","***",""
"1994100000","1994年度","43364","熊本県 玉東町","","2,440","","***","","5,105,632","","869","","5,130","","0.22","","2","","1","","***","","***","","***","","***",""
"1994100000","1994年度","43367","熊本県 南関町","","6,896","","***","","9,529,060","","1,840","","22,612","","0.26","","4","","1","","***","","***","","***","","***",""
"1994100000","1994年度","43368","熊本県 長洲町","","1,943","","***","","16,997,462","","809","","124,649","","0.53","","4","","2","","***","","***","","***","","***",""
"1994100000","1994年度","43369","熊本県 和水町","","9,875","","***","","9,966,423","","2,394","","24,237","","-","","8","","2","","***","","***","","***","","***",""
"1994100000","1994年度","43403","熊本県 大津町","","9,909","","***","","27,790,436","","2,560","","306,756","","0.57","","8","","2","","***","","***","","***","","***",""
"1994100000","1994年度","43404","熊本県 菊陽町","","3,757","","***","","27,950,962","","1,750","","55,979","","0.54","","6","","2","","***","","***","","***","","***",""
"1994100000","1994年度","43423","熊本県 南小国町","","11,586","","***","","3,727,978","","1,290","","1,447","","0.17","","5","","1","","***","","***","","***","","***",""
"1994100000","1994年度","43424","熊本県 小国町","","13,700","","***","","8,261,248","","1,900","","4,684","","0.22","","6","","1","","***","","***","","***","","***",""
"1994100000","1994年度","43425","熊本県 産山村","","6,072","","***","","1,198,577","","1,090","","X","","0.16","","2","","1","","***","","***","","***","","***",""
"1994100000","1994年度","43428","熊本県 高森町","","17,490","","***","","5,513,142","","2,750","","4,809","","0.21","","7","","3","","***","","***","","***","","***",""
"1994100000","1994年度","43432","熊本県 西原村","","7,660","","***","","4,626,200","","1,560","","27,193","","0.32","","2","","1","","***","","***","","***","","***",""
"1994100000","1994年度","43433","熊本県 南阿蘇村","","13,793","","***","","8,574,949","","3,781","","-","","-","","7","","3","","***","","***","","***","","***",""
"1994100000","1994年度","43441","熊本県 御船町","","9,900","","***","","15,838,617","","1,900","","10,981","","0.31","","10","","3","","***","","***","","***","","***",""
"1994100000","1994年度","43442","熊本県 嘉島町","","1,666","","***","","7,614,477","","960","","11,474","","0.36","","2","","1","","***","","***","","***","","***",""
"1994100000","1994年度","43443","熊本県 益城町","","6,567","","***","","30,756,315","","2,640","","42,878","","0.47","","5","","3","","***","","***","","***","","***",""
"1994100000","1994年度","43444","熊本県 甲佐町","","5,787","","***","","10,425,576","","1,450","","11,179","","0.28","","5","","1","","***","","***","","***","","***",""
"1994100000","1994年度","43447","熊本県 山都町","","54,483","","***","","14,501,047","","6,360","","27,136","","-","","24","","5","","***","","***","","***","","***",""
"1994100000","1994年度","43468","熊本県 氷川町","","3,329","","***","","13,006,898","","1,824","","3,739","","-","","3","","2","","***","","***","","***","","***",""
"1994100000","1994年度","43482","熊本県 芦北町","","23,347","","***","","17,680,575","","2,093","","21,881","","-","","21","","5","","***","","***","","***","","***",""
"1994100000","1994年度","43484","熊本県 津奈木町","","3,396","","***","","3,798,735","","463","","3,543","","0.16","","3","","1","","***","","***","","***","","***",""
"1994100000","1994年度","43501","熊本県 錦町","","8,487","","***","","9,105,433","","1,860","","44,027","","0.32","","3","","1","","***","","***","","***","","***",""
"1994100000","1994年度","43505","熊本県 多良木町","","16,587","","***","","10,372,923","","1,860","","11,534","","0.25","","7","","1","","***","","***","","***","","***",""
"1994100000","1994年度","43506","熊本県 湯前町","","4,841","","***","","3,619,864","","656","","7,136","","0.16","","1","","1","","***","","***","","***","","***",""
"1994100000","1994年度","43507","熊本県 水上村","","19,211","","***","","1,893,846","","644","","1,321","","0.12","","4","","1","","***","","***","","***","","***",""
"1994100000","1994年度","43510","熊本県 相良村","","9,454","","***","","3,916,768","","895","","5,328","","0.17","","2","","2","","***","","***","","***","","***",""
"1994100000","1994年度","43511","熊本県 五木村","","25,294","","***","","1,512,495","","227","","1,504","","0.14","","9","","7","","***","","***","","***","","***",""
"1994100000","1994年度","43512","熊本県 山江村","","12,123","","***","","2,545,854","","677","","1,193","","0.12","","2","","1","","***","","***","","***","","***",""
"1994100000","1994年度","43513","熊本県 球磨村","","20,773","","***","","3,360,600","","913","","1,427","","0.12","","10","","1","","***","","***","","***","","***",""
"1994100000","1994年度","43514","熊本県 あさぎり町","","15,949","","***","","14,102,494","","3,270","","-","","-","","6","","5","","***","","***","","***","","***",""
"1994100000","1994年度","43531","熊本県 苓北町","","6,690","","***","","8,330,670","","871","","6,428","","0.23","","6","","3","","***","","***","","***","","***",""
"1993100000","1993年度","43100","熊本県 熊本市","","38,853","","***","","841,557,482","","14,440","","571,817","","-","","92","","47","","***","","***","","***","","***",""
"1993100000","1993年度","43101","熊本県 熊本市 中央区","","-","","***","","-","","-","","-","","-","","-","","-","","***","","***","","***","","***",""
"1993100000","1993年度","43102","熊本県 熊本市 東区","","-","","***","","-","","-","","-","","-","","-","","-","","***","","***","","***","","***",""
"1993100000","1993年度","43103","熊本県 熊本市 西区","","-","","***","","-","","-","","-","","-","","-","","-","","***","","***","","***","","***",""
"1993100000","1993年度","43104","熊本県 熊本市 南区","","-","","***","","-","","-","","-","","-","","-","","-","","***","","***","","***","","***",""
"1993100000","1993年度","43105","熊本県 熊本市 北区","","-","","***","","-","","-","","-","","-","","-","","-","","***","","***","","***","","***",""
"1993100000","1993年度","43202","熊本県 八代市","","68,009","","***","","141,422,808","","8,471","","219,977","","-","","48","","15","","***","","***","","***","","***",""
"1993100000","1993年度","43203","熊本県 人吉市","","21,052","","***","","38,871,580","","1,870","","21,140","","0.43","","10","","4","","***","","***","","***","","***",""
"1993100000","1993年度","43204","熊本県 荒尾市","","5,715","","***","","52,038,894","","1,710","","40,378","","0.39","","12","","5","","***","","***","","***","","***",""
"1993100000","1993年度","43205","熊本県 水俣市","","16,260","","***","","30,849,326","","1,220","","87,117","","0.36","","14","","9","","***","","***","","***","","***",""
"1993100000","1993年度","43206","熊本県 玉名市","","15,253","","***","","69,565,212","","7,370","","104,049","","-","","21","","6","","***","","***","","***","","***",""
"1993100000","1993年度","43208","熊本県 山鹿市","","29,968","","***","","54,311,294","","8,070","","67,114","","-","","22","","6","","***","","***","","***","","***",""
"1993100000","1993年度","43210","熊本県 菊池市","","27,665","","***","","46,149,955","","6,730","","95,712","","-","","14","","6","","***","","***","","***","","***",""
"1993100000","1993年度","43211","熊本県 宇土市","","7,412","","***","","32,484,552","","2,380","","62,826","","0.42","","7","","3","","***","","***","","***","","***",""
"1993100000","1993年度","43212","熊本県 上天草市","","12,584","","***","","30,283,819","","1,947","","19,192","","-","","18","","9","","***","","***","","***","","***",""
"1993100000","1993年度","43213","熊本県 宇城市","","18,846","","***","","55,102,431","","6,911","","97,213","","-","","17","","6","","***","","***","","***","","***",""
"1993100000","1993年度","43214","熊本県 阿蘇市","","37,625","","***","","27,834,452","","9,980","","45,198","","-","","17","","4","","***","","***","","***","","***",""
"1993100000","1993年度","43215","熊本県 天草市","","68,235","","***","","86,905,402","","8,331","","44,019","","-","","63","","26","","***","","***","","***","","***",""
"1993100000","1993年度","43216","熊本県 合志市","","5,317","","***","","51,843,177","","2,520","","114,348","","-","","8","","4","","***","","***","","***","","***",""
"1993100000","1993年度","43348","熊本県 美里町","","14,403","","***","","9,403,380","","1,606","","14,761","","-","","6","","2","","***","","***","","***","","***",""
"1993100000","1993年度","43364","熊本県 玉東町","","2,440","","***","","5,079,202","","872","","4,489","","0.22","","2","","1","","***","","***","","***","","***",""
"1993100000","1993年度","43367","熊本県 南関町","","6,896","","***","","9,154,344","","1,860","","20,131","","0.25","","4","","1","","***","","***","","***","","***",""
"1993100000","1993年度","43368","熊本県 長洲町","","1,943","","***","","16,574,597","","821","","143,466","","0.50","","4","","2","","***","","***","","***","","***",""
"1993100000","1993年度","43369","熊本県 和水町","","9,875","","***","","10,010,372","","2,417","","33,606","","-","","8","","2","","***","","***","","***","","***",""
"1993100000","1993年度","43403","熊本県 大津町","","9,909","","***","","26,653,045","","2,620","","315,753","","0.57","","8","","2","","***","","***","","***","","***",""
"1993100000","1993年度","43404","熊本県 菊陽町","","3,757","","***","","26,719,313","","1,770","","52,094","","0.54","","6","","2","","***","","***","","***","","***",""
"1993100000","1993年度","43423","熊本県 南小国町","","11,586","","***","","3,644,532","","1,290","","1,557","","0.16","","5","","1","","***","","***","","***","","***",""
"1993100000","1993年度","43424","熊本県 小国町","","13,700","","***","","7,802,434","","1,900","","4,818","","0.22","","6","","1","","***","","***","","***","","***",""
"1993100000","1993年度","43425","熊本県 産山村","","6,072","","***","","1,159,395","","1,090","","X","","0.16","","2","","1","","***","","***","","***","","***",""
"1993100000","1993年度","43428","熊本県 高森町","","17,490","","***","","5,695,303","","2,760","","3,648","","0.20","","7","","3","","***","","***","","***","","***",""
"1993100000","1993年度","43432","熊本県 西原村","","7,670","","***","","4,506,029","","1,570","","26,592","","0.32","","2","","1","","***","","***","","***","","***",""
"1993100000","1993年度","43433","熊本県 南阿蘇村","","13,793","","***","","8,381,675","","3,791","","-","","-","","7","","3","","***","","***","","***","","***",""
"1993100000","1993年度","43441","熊本県 御船町","","9,900","","***","","15,156,882","","1,910","","12,836","","0.30","","10","","3","","***","","***","","***","","***",""
"1993100000","1993年度","43442","熊本県 嘉島町","","1,666","","***","","7,074,913","","978","","10,943","","0.34","","2","","1","","***","","***","","***","","***",""
"1993100000","1993年度","43443","熊本県 益城町","","6,567","","***","","29,511,187","","2,650","","45,323","","0.46","","5","","3","","***","","***","","***","","***",""
"1993100000","1993年度","43444","熊本県 甲佐町","","5,787","","***","","10,277,857","","1,460","","10,840","","0.26","","5","","1","","***","","***","","***","","***",""
"1993100000","1993年度","43447","熊本県 山都町","","54,483","","***","","14,041,640","","6,400","","26,254","","-","","24","","5","","***","","***","","***","","***",""
"1993100000","1993年度","43468","熊本県 氷川町","","3,329","","***","","13,498,526","","1,832","","3,877","","-","","3","","2","","***","","***","","***","","***",""
"1993100000","1993年度","43482","熊本県 芦北町","","23,347","","***","","18,055,209","","2,076","","22,312","","-","","21","","5","","***","","***","","***","","***",""
"1993100000","1993年度","43484","熊本県 津奈木町","","3,396","","***","","3,866,627","","464","","3,868","","0.16","","3","","1","","***","","***","","***","","***",""
"1993100000","1993年度","43501","熊本県 錦町","","8,487","","***","","9,100,996","","1,870","","37,888","","0.32","","3","","1","","***","","***","","***","","***",""
"1993100000","1993年度","43505","熊本県 多良木町","","16,587","","***","","10,557,759","","1,910","","13,296","","0.25","","7","","1","","***","","***","","***","","***",""
"1993100000","1993年度","43506","熊本県 湯前町","","4,841","","***","","3,692,949","","662","","6,125","","0.16","","1","","1","","***","","***","","***","","***",""
"1993100000","1993年度","43507","熊本県 水上村","","19,211","","***","","1,838,645","","648","","1,087","","0.12","","4","","1","","***","","***","","***","","***",""
"1993100000","1993年度","43510","熊本県 相良村","","9,454","","***","","3,794,063","","918","","5,580","","0.18","","3","","2","","***","","***","","***","","***",""
"1993100000","1993年度","43511","熊本県 五木村","","25,294","","***","","1,422,592","","242","","1,201","","0.14","","9","","7","","***","","***","","***","","***",""
"1993100000","1993年度","43512","熊本県 山江村","","12,123","","***","","2,509,424","","679","","1,217","","0.11","","2","","1","","***","","***","","***","","***",""
"1993100000","1993年度","43513","熊本県 球磨村","","20,773","","***","","3,324,231","","944","","1,592","","0.12","","10","","1","","***","","***","","***","","***",""
"1993100000","1993年度","43514","熊本県 あさぎり町","","15,949","","***","","14,579,976","","3,296","","-","","-","","6","","5","","***","","***","","***","","***",""
"1993100000","1993年度","43531","熊本県 苓北町","","6,690","","***","","7,281,933","","888","","7,501","","0.21","","6","","3","","***","","***","","***","","***",""
"1992100000","1992年度","43100","熊本県 熊本市","","38,853","","***","","847,384,477","","14,620","","634,521","","-","","92","","45","","***","","***","","***","","***",""
"1992100000","1992年度","43101","熊本県 熊本市 中央区","","-","","***","","-","","-","","-","","-","","-","","-","","***","","***","","***","","***",""
"1992100000","1992年度","43102","熊本県 熊本市 東区","","-","","***","","-","","-","","-","","-","","-","","-","","***","","***","","***","","***",""
"1992100000","1992年度","43103","熊本県 熊本市 西区","","-","","***","","-","","-","","-","","-","","-","","-","","***","","***","","***","","***",""
"1992100000","1992年度","43104","熊本県 熊本市 南区","","-","","***","","-","","-","","-","","-","","-","","-","","***","","***","","***","","***",""
"1992100000","1992年度","43105","熊本県 熊本市 北区","","-","","***","","-","","-","","-","","-","","-","","-","","***","","***","","***","","***",""
"1992100000","1992年度","43202","熊本県 八代市","","68,009","","***","","138,231,222","","8,561","","224,679","","-","","49","","15","","***","","***","","***","","***",""
"1992100000","1992年度","43203","熊本県 人吉市","","21,052","","***","","37,756,978","","1,900","","21,655","","0.43","","10","","4","","***","","***","","***","","***",""
"1992100000","1992年度","43204","熊本県 荒尾市","","5,715","","***","","49,805,330","","1,720","","46,647","","0.38","","12","","5","","***","","***","","***","","***",""
"1992100000","1992年度","43205","熊本県 水俣市","","16,260","","***","","29,272,664","","1,240","","82,087","","0.36","","14","","9","","***","","***","","***","","***",""
"1992100000","1992年度","43206","熊本県 玉名市","","15,253","","***","","65,880,308","","7,430","","110,902","","-","","21","","6","","***","","***","","***","","***",""
"1992100000","1992年度","43208","熊本県 山鹿市","","29,968","","***","","52,659,501","","8,160","","68,971","","-","","22","","6","","***","","***","","***","","***",""
"1992100000","1992年度","43210","熊本県 菊池市","","27,665","","***","","43,446,658","","6,780","","89,418","","-","","14","","6","","***","","***","","***","","***",""
"1992100000","1992年度","43211","熊本県 宇土市","","7,412","","***","","33,654,471","","2,430","","68,787","","0.40","","7","","3","","***","","***","","***","","***",""
"1992100000","1992年度","43212","熊本県 上天草市","","12,584","","***","","28,852,790","","1,995","","20,282","","-","","18","","9","","***","","***","","***","","***",""
"1992100000","1992年度","43213","熊本県 宇城市","","18,846","","***","","57,687,147","","7,000","","89,125","","-","","17","","6","","***","","***","","***","","***",""
"1992100000","1992年度","43214","熊本県 阿蘇市","","37,625","","***","","26,636,773","","10,040","","46,626","","-","","17","","4","","***","","***","","***","","***",""
"1992100000","1992年度","43215","熊本県 天草市","","68,229","","***","","82,271,280","","8,490","","45,397","","-","","63","","26","","***","","***","","***","","***",""
"1992100000","1992年度","43216","熊本県 合志市","","5,317","","***","","51,984,024","","2,540","","107,478","","-","","8","","4","","***","","***","","***","","***",""
"1992100000","1992年度","43348","熊本県 美里町","","14,402","","***","","8,746,689","","1,624","","13,569","","-","","6","","2","","***","","***","","***","","***",""
"1992100000","1992年度","43364","熊本県 玉東町","","2,440","","***","","5,105,666","","879","","4,765","","0.22","","2","","1","","***","","***","","***","","***",""
"1992100000","1992年度","43367","熊本県 南関町","","6,896","","***","","10,194,093","","1,880","","18,429","","0.23","","4","","1","","***","","***","","***","","***",""
"1992100000","1992年度","43368","熊本県 長洲町","","1,943","","***","","15,531,800","","834","","117,378","","0.50","","4","","2","","***","","***","","***","","***",""
"1992100000","1992年度","43369","熊本県 和水町","","9,875","","***","","9,806,336","","2,450","","41,800","","-","","8","","2","","***","","***","","***","","***",""
"1992100000","1992年度","43403","熊本県 大津町","","9,909","","***","","26,694,340","","2,650","","287,713","","0.57","","8","","2","","***","","***","","***","","***",""
"1992100000","1992年度","43404","熊本県 菊陽町","","3,757","","***","","27,187,281","","1,810","","49,548","","0.53","","6","","2","","***","","***","","***","","***",""
"1992100000","1992年度","43423","熊本県 南小国町","","11,586","","***","","3,196,028","","1,300","","1,344","","0.16","","5","","1","","***","","***","","***","","***",""
"1992100000","1992年度","43424","熊本県 小国町","","13,700","","***","","7,239,750","","1,910","","4,688","","0.23","","6","","1","","***","","***","","***","","***",""
"1992100000","1992年度","43425","熊本県 産山村","","6,072","","***","","1,240,835","","1,100","","X","","0.15","","2","","1","","***","","***","","***","","***",""
"1992100000","1992年度","43428","熊本県 高森町","","17,490","","***","","5,577,829","","2,760","","3,500","","0.20","","7","","3","","***","","***","","***","","***",""
"1992100000","1992年度","43432","熊本県 西原村","","7,660","","***","","4,494,231","","1,580","","16,203","","0.31","","2","","1","","***","","***","","***","","***",""
"1992100000","1992年度","43433","熊本県 南阿蘇村","","13,793","","***","","8,976,411","","3,793","","-","","-","","7","","3","","***","","***","","***","","***",""
"1992100000","1992年度","43441","熊本県 御船町","","9,900","","***","","15,445,403","","1,930","","14,284","","0.30","","10","","3","","***","","***","","***","","***",""
"1992100000","1992年度","43442","熊本県 嘉島町","","1,666","","***","","9,414,829","","990","","11,314","","0.32","","2","","1","","***","","***","","***","","***",""
"1992100000","1992年度","43443","熊本県 益城町","","6,567","","***","","30,785,240","","2,690","","42,009","","0.45","","5","","3","","***","","***","","***","","***",""
"1992100000","1992年度","43444","熊本県 甲佐町","","5,788","","***","","10,058,805","","1,480","","10,629","","0.26","","5","","1","","***","","***","","***","","***",""
"1992100000","1992年度","43447","熊本県 山都町","","54,483","","***","","13,531,456","","6,470","","27,758","","-","","24","","5","","***","","***","","***","","***",""
"1992100000","1992年度","43468","熊本県 氷川町","","3,329","","***","","11,978,032","","1,836","","3,260","","-","","3","","2","","***","","***","","***","","***",""
"1992100000","1992年度","43482","熊本県 芦北町","","23,347","","***","","18,007,547","","2,088","","20,165","","-","","21","","5","","***","","***","","***","","***",""
"1992100000","1992年度","43484","熊本県 津奈木町","","3,396","","***","","3,602,656","","471","","4,070","","0.16","","3","","1","","***","","***","","***","","***",""
"1992100000","1992年度","43501","熊本県 錦町","","8,487","","***","","8,312,313","","1,880","","36,142","","0.32","","3","","1","","***","","***","","***","","***",""
"1992100000","1992年度","43505","熊本県 多良木町","","16,587","","***","","9,901,795","","1,960","","9,980","","0.25","","7","","1","","***","","***","","***","","***",""
"1992100000","1992年度","43506","熊本県 湯前町","","4,841","","***","","3,361,354","","666","","6,393","","0.17","","1","","1","","***","","***","","***","","***",""
"1992100000","1992年度","43507","熊本県 水上村","","19,211","","***","","1,631,992","","650","","1,272","","0.13","","4","","1","","***","","***","","***","","***",""
"1992100000","1992年度","43510","熊本県 相良村","","9,454","","***","","3,588,098","","947","","6,268","","0.18","","3","","2","","***","","***","","***","","***",""
"1992100000","1992年度","43511","熊本県 五木村","","25,294","","***","","1,279,505","","250","","1,431","","0.14","","9","","7","","***","","***","","***","","***",""
"1992100000","1992年度","43512","熊本県 山江村","","12,123","","***","","2,300,354","","675","","1,148","","0.11","","2","","1","","***","","***","","***","","***",""
"1992100000","1992年度","43513","熊本県 球磨村","","20,773","","***","","3,008,009","","984","","1,488","","0.12","","10","","1","","***","","***","","***","","***",""
"1992100000","1992年度","43514","熊本県 あさぎり町","","15,949","","***","","13,377,957","","3,309","","-","","-","","6","","5","","***","","***","","***","","***",""
"1992100000","1992年度","43531","熊本県 苓北町","","6,690","","***","","7,057,460","","898","","7,725","","0.20","","6","","3","","***","","***","","***","","***",""
"1991100000","1991年度","43100","熊本県 熊本市","","38,849","","***","","802,044,259","","14,800","","689,674","","-","","92","","45","","9,319","","67","","-","","***",""
"1991100000","1991年度","43101","熊本県 熊本市 中央区","","-","","***","","-","","-","","-","","-","","-","","-","","-","","-","","-","","***",""
"1991100000","1991年度","43102","熊本県 熊本市 東区","","-","","***","","-","","-","","-","","-","","-","","-","","-","","-","","-","","***",""
"1991100000","1991年度","43103","熊本県 熊本市 西区","","-","","***","","-","","-","","-","","-","","-","","-","","-","","-","","-","","***",""
"1991100000","1991年度","43104","熊本県 熊本市 南区","","-","","***","","-","","-","","-","","-","","-","","-","","-","","-","","-","","***",""
"1991100000","1991年度","43105","熊本県 熊本市 北区","","-","","***","","-","","-","","-","","-","","-","","-","","-","","-","","-","","***",""
"1991100000","1991年度","43202","熊本県 八代市","","67,975","","***","","123,320,588","","8,717","","223,301","","-","","49","","15","","2,334","","9","","-","","***",""
"1991100000","1991年度","43203","熊本県 人吉市","","21,052","","***","","36,238,420","","1,940","","21,760","","0.44","","10","","4","","716","","5","","2","","***",""
"1991100000","1991年度","43204","熊本県 荒尾市","","5,715","","***","","46,691,780","","1,740","","43,787","","0.38","","12","","5","","675","","5","","2","","***",""
"1991100000","1991年度","43205","熊本県 水俣市","","16,257","","***","","27,695,545","","1,280","","83,774","","0.37","","14","","9","","495","","3","","2","","***",""
"1991100000","1991年度","43206","熊本県 玉名市","","15,253","","***","","63,197,669","","7,510","","113,733","","-","","21","","6","","1,093","","7","","-","","***",""
"1991100000","1991年度","43208","熊本県 山鹿市","","29,968","","***","","49,432,319","","8,240","","65,187","","-","","22","","6","","918","","8","","-","","***",""
"1991100000","1991年度","43210","熊本県 菊池市","","27,665","","***","","40,197,175","","6,830","","87,722","","-","","14","","6","","688","","5","","-","","***",""
"1991100000","1991年度","43211","熊本県 宇土市","","7,412","","***","","28,180,091","","2,460","","86,019","","0.37","","7","","3","","423","","3","","1","","***",""
"1991100000","1991年度","43212","熊本県 上天草市","","12,583","","***","","25,727,605","","2,044","","21,769","","-","","18","","9","","692","","3","","-","","***",""
"1991100000","1991年度","43213","熊本県 宇城市","","18,846","","***","","50,811,826","","7,109","","85,370","","-","","17","","6","","888","","2","","-","","***",""
"1991100000","1991年度","43214","熊本県 阿蘇市","","37,625","","***","","24,292,401","","10,070","","45,627","","-","","17","","4","","525","","2","","-","","***",""
"1991100000","1991年度","43215","熊本県 天草市","","68,228","","***","","75,930,588","","8,648","","42,864","","-","","64","","26","","2,080","","7","","-","","***",""
"1991100000","1991年度","43216","熊本県 合志市","","5,317","","***","","45,137,787","","2,580","","133,108","","-","","8","","4","","287","","1","","-","","***",""
"1991100000","1991年度","43348","熊本県 美里町","","14,402","","***","","8,206,113","","1,647","","12,454","","-","","6","","2","","238","","0","","-","","***",""
"1991100000","1991年度","43364","熊本県 玉東町","","2,440","","***","","4,879,478","","887","","4,324","","0.22","","2","","1","","62","","1","","-","","***",""
"1991100000","1991年度","43367","熊本県 南関町","","6,896","","***","","7,816,746","","1,890","","16,172","","0.24","","4","","1","","175","","1","","-","","***",""
"1991100000","1991年度","43368","熊本県 長洲町","","1,942","","***","","13,954,550","","850","","111,201","","0.53","","4","","2","","231","","1","","-","","***",""
"1991100000","1991年度","43369","熊本県 和水町","","9,875","","***","","8,567,509","","2,480","","46,451","","-","","8","","2","","171","","2","","-","","***",""
"1991100000","1991年度","43403","熊本県 大津町","","9,909","","***","","22,386,720","","2,680","","231,685","","0.61","","8","","2","","330","","3","","1","","***",""
"1991100000","1991年度","43404","熊本県 菊陽町","","3,757","","***","","23,997,615","","1,860","","54,110","","0.55","","6","","2","","189","","2","","1","","***",""
"1991100000","1991年度","43423","熊本県 南小国町","","11,586","","***","","3,062,813","","1,310","","1,326","","0.16","","5","","1","","71","","0","","-","","***",""
"1991100000","1991年度","43424","熊本県 小国町","","13,700","","***","","7,343,841","","1,920","","4,542","","0.23","","6","","1","","213","","1","","-","","***",""
"1991100000","1991年度","43425","熊本県 産山村","","6,072","","***","","890,546","","1,110","","X","","0.14","","2","","1","","19","","0","","-","","***",""
"1991100000","1991年度","43428","熊本県 高森町","","17,490","","***","","5,837,334","","2,760","","2,943","","0.20","","8","","3","","153","","0","","-","","***",""
"1991100000","1991年度","43432","熊本県 西原村","","7,660","","***","","3,982,030","","1,590","","16,090","","0.30","","2","","1","","49","","1","","-","","***",""
"1991100000","1991年度","43433","熊本県 南阿蘇村","","13,793","","***","","8,023,618","","3,803","","-","","-","","7","","3","","184","","0","","-","","***",""
"1991100000","1991年度","43441","熊本県 御船町","","9,900","","***","","13,455,785","","1,950","","13,826","","0.30","","10","","3","","222","","1","","-","","***",""
"1991100000","1991年度","43442","熊本県 嘉島町","","1,666","","***","","6,869,114","","1,020","","11,921","","0.30","","2","","1","","96","","1","","-","","***",""
"1991100000","1991年度","43443","熊本県 益城町","","6,567","","***","","26,309,215","","2,710","","48,932","","0.45","","5","","3","","243","","1","","-","","***",""
"1991100000","1991年度","43444","熊本県 甲佐町","","5,788","","***","","8,942,201","","1,480","","8,746","","0.26","","5","","1","","190","","0","","-","","***",""
"1991100000","1991年度","43447","熊本県 山都町","","54,483","","***","","12,423,446","","6,530","","23,006","","-","","24","","5","","399","","1","","-","","***",""
"1991100000","1991年度","43468","熊本県 氷川町","","3,329","","***","","10,547,435","","1,853","","2,936","","-","","3","","2","","181","","1","","-","","***",""
"1991100000","1991年度","43482","熊本県 芦北町","","23,347","","***","","15,648,455","","2,169","","18,634","","-","","21","","5","","350","","1","","-","","***",""
"1991100000","1991年度","43484","熊本県 津奈木町","","3,396","","***","","3,240,875","","479","","3,708","","0.16","","3","","1","","68","","0","","-","","***",""
"1991100000","1991年度","43501","熊本県 錦町","","8,487","","***","","7,840,742","","1,880","","35,973","","0.33","","3","","1","","126","","1","","-","","***",""
"1991100000","1991年度","43505","熊本県 多良木町","","16,587","","***","","9,289,100","","1,980","","12,695","","0.26","","7","","1","","196","","1","","-","","***",""
"1991100000","1991年度","43506","熊本県 湯前町","","4,841","","***","","3,124,762","","676","","6,431","","0.17","","1","","1","","96","","0","","-","","***",""
"1991100000","1991年度","43507","熊本県 水上村","","19,211","","***","","1,523,878","","661","","1,582","","0.14","","4","","1","","41","","0","","-","","***",""
"1991100000","1991年度","43510","熊本県 相良村","","9,454","","***","","3,202,774","","964","","7,027","","0.19","","3","","2","","47","","0","","-","","***",""
"1991100000","1991年度","43511","熊本県 五木村","","25,294","","***","","1,374,603","","277","","1,299","","0.15","","9","","7","","25","","0","","-","","***",""
"1991100000","1991年度","43512","熊本県 山江村","","12,123","","***","","2,030,458","","660","","1,841","","0.12","","2","","1","","27","","0","","-","","***",""
"1991100000","1991年度","43513","熊本県 球磨村","","20,773","","***","","2,701,990","","1,040","","1,245","","0.12","","10","","1","","70","","0","","-","","***",""
"1991100000","1991年度","43514","熊本県 あさぎり町","","15,949","","***","","12,995,294","","3,314","","-","","-","","6","","5","","240","","2","","-","","***",""
"1991100000","1991年度","43531","熊本県 苓北町","","6,690","","***","","6,368,428","","909","","6,495","","0.20","","6","","3","","185","","1","","-","","***",""
"1990100000","1990年度","43100","熊本県 熊本市","","38,849","","6,481","","710,931,450","","14,955","","657,640","","-","","91","","44","","***","","***","","***","","***",""
"1990100000","1990年度","43101","熊本県 熊本市 中央区","","-","","-","","-","","-","","-","","-","","-","","-","","***","","***","","***","","***",""
"1990100000","1990年度","43102","熊本県 熊本市 東区","","-","","-","","-","","-","","-","","-","","-","","-","","***","","***","","***","","***",""
"1990100000","1990年度","43103","熊本県 熊本市 西区","","-","","-","","-","","-","","-","","-","","-","","-","","***","","***","","***","","***",""
"1990100000","1990年度","43104","熊本県 熊本市 南区","","-","","-","","-","","-","","-","","-","","-","","-","","***","","***","","***","","***",""
"1990100000","1990年度","43105","熊本県 熊本市 北区","","-","","-","","-","","-","","-","","-","","-","","-","","***","","***","","***","","***",""
"1990100000","1990年度","43202","熊本県 八代市","","67,975","","49,454","","117,506,320","","8,824","","212,098","","-","","49","","15","","***","","***","","***","","***",""
"1990100000","1990年度","43203","熊本県 人吉市","","21,052","","15,997","","33,074,091","","1,950","","19,940","","0.46","","10","","4","","***","","***","","***","","***",""
"1990100000","1990年度","43204","熊本県 荒尾市","","5,715","","966","","42,247,663","","1,750","","41,521","","0.40","","12","","5","","***","","***","","***","","***",""
"1990100000","1990年度","43205","熊本県 水俣市","","16,203","","12,167","","25,859,993","","1,300","","79,967","","0.39","","14","","9","","***","","***","","***","","***",""
"1990100000","1990年度","43206","熊本県 玉名市","","15,253","","2,763","","56,786,161","","7,650","","103,315","","-","","21","","6","","***","","***","","***","","***",""
"1990100000","1990年度","43208","熊本県 山鹿市","","29,968","","15,841","","44,861,134","","8,250","","60,897","","-","","22","","6","","***","","***","","***","","***",""
"1990100000","1990年度","43210","熊本県 菊池市","","27,665","","15,418","","35,654,403","","6,860","","71,897","","-","","15","","6","","***","","***","","***","","***",""
"1990100000","1990年度","43211","熊本県 宇土市","","7,412","","2,832","","25,398,257","","2,530","","89,837","","0.37","","7","","3","","***","","***","","***","","***",""
"1990100000","1990年度","43212","熊本県 上天草市","","12,582","","7,655","","23,407,976","","2,068","","20,632","","-","","18","","9","","***","","***","","***","","***",""
"1990100000","1990年度","43213","熊本県 宇城市","","18,845","","5,908","","45,136,557","","7,201","","75,397","","-","","17","","6","","***","","***","","***","","***",""
"1990100000","1990年度","43214","熊本県 阿蘇市","","37,625","","21,282","","21,786,608","","10,000","","37,299","","-","","17","","4","","***","","***","","***","","***",""
"1990100000","1990年度","43215","熊本県 天草市","","68,221","","46,887","","68,676,354","","8,806","","40,324","","-","","64","","27","","***","","***","","***","","***",""
"1990100000","1990年度","43216","熊本県 合志市","","5,317","","788","","38,893,739","","2,600","","108,178","","-","","8","","4","","***","","***","","***","","***",""
"1990100000","1990年度","43348","熊本県 美里町","","14,402","","10,648","","7,609,741","","1,674","","11,273","","-","","6","","2","","***","","***","","***","","***",""
"1990100000","1990年度","43364","熊本県 玉東町","","2,440","","743","","4,344,642","","903","","4,026","","0.23","","2","","1","","***","","***","","***","","***",""
"1990100000","1990年度","43367","熊本県 南関町","","6,896","","3,403","","7,162,141","","1,910","","13,363","","0.24","","4","","1","","***","","***","","***","","***",""
"1990100000","1990年度","43368","熊本県 長洲町","","1,942","","33","","12,191,188","","881","","97,932","","0.55","","4","","2","","***","","***","","***","","***",""
"1990100000","1990年度","43369","熊本県 和水町","","9,875","","5,057","","7,833,881","","2,500","","52,592","","-","","8","","2","","***","","***","","***","","***",""
"1990100000","1990年度","43403","熊本県 大津町","","9,909","","5,147","","19,151,360","","2,700","","200,466","","0.63","","8","","2","","***","","***","","***","","***",""
"1990100000","1990年度","43404","熊本県 菊陽町","","3,757","","497","","19,926,481","","1,870","","47,128","","0.56","","6","","2","","***","","***","","***","","***",""
"1990100000","1990年度","43423","熊本県 南小国町","","11,586","","9,348","","2,829,580","","1,310","","1,296","","0.16","","5","","1","","***","","***","","***","","***",""
"1990100000","1990年度","43424","熊本県 小国町","","13,700","","10,706","","6,369,849","","1,960","","4,462","","0.23","","6","","1","","***","","***","","***","","***",""
"1990100000","1990年度","43425","熊本県 産山村","","6,072","","4,329","","888,170","","1,110","","X","","0.14","","2","","1","","***","","***","","***","","***",""
"1990100000","1990年度","43428","熊本県 高森町","","17,490","","12,959","","4,720,146","","2,770","","2,316","","0.21","","8","","3","","***","","***","","***","","***",""
"1990100000","1990年度","43432","熊本県 西原村","","7,660","","4,599","","3,592,060","","1,590","","13,124","","0.29","","2","","1","","***","","***","","***","","***",""
"1990100000","1990年度","43433","熊本県 南阿蘇村","","13,793","","7,419","","6,388,794","","3,803","","-","","-","","7","","3","","***","","***","","***","","***",""
"1990100000","1990年度","43441","熊本県 御船町","","9,900","","5,624","","11,784,885","","1,970","","12,505","","0.32","","10","","3","","***","","***","","***","","***",""
"1990100000","1990年度","43442","熊本県 嘉島町","","1,666","","0","","6,442,113","","1,030","","11,365","","0.30","","2","","1","","***","","***","","***","","***",""
"1990100000","1990年度","43443","熊本県 益城町","","6,567","","2,174","","22,837,037","","2,720","","46,263","","0.46","","5","","3","","***","","***","","***","","***",""
"1990100000","1990年度","43444","熊本県 甲佐町","","5,788","","2,709","","7,757,774","","1,500","","7,753","","0.27","","5","","1","","***","","***","","***","","***",""
"1990100000","1990年度","43447","熊本県 山都町","","54,483","","39,443","","11,273,284","","6,580","","20,208","","-","","28","","5","","***","","***","","***","","***",""
"1990100000","1990年度","43468","熊本県 氷川町","","3,329","","339","","10,490,780","","1,877","","3,290","","-","","3","","2","","***","","***","","***","","***",""
"1990100000","1990年度","43482","熊本県 芦北町","","23,347","","18,403","","13,595,295","","2,223","","16,179","","-","","21","","5","","***","","***","","***","","***",""
"1990100000","1990年度","43484","熊本県 津奈木町","","3,396","","2,201","","2,613,501","","495","","3,267","","0.16","","3","","1","","***","","***","","***","","***",""
"1990100000","1990年度","43501","熊本県 錦町","","8,487","","4,967","","7,003,853","","1,890","","34,535","","0.34","","3","","1","","***","","***","","***","","***",""
"1990100000","1990年度","43505","熊本県 多良木町","","16,587","","13,150","","8,587,317","","1,990","","10,869","","0.27","","7","","1","","***","","***","","***","","***",""
"1990100000","1990年度","43506","熊本県 湯前町","","4,841","","3,735","","3,071,044","","676","","5,744","","0.18","","1","","1","","***","","***","","***","","***",""
"1990100000","1990年度","43507","熊本県 水上村","","19,211","","17,487","","1,372,031","","663","","1,122","","0.15","","4","","1","","***","","***","","***","","***",""
"1990100000","1990年度","43510","熊本県 相良村","","9,454","","7,229","","3,088,147","","967","","6,130","","0.20","","3","","2","","***","","***","","***","","***",""
"1990100000","1990年度","43511","熊本県 五木村","","25,294","","24,412","","1,308,149","","277","","1,321","","0.15","","9","","7","","***","","***","","***","","***",""
"1990100000","1990年度","43512","熊本県 山江村","","12,123","","10,687","","1,821,980","","663","","1,606","","0.13","","2","","1","","***","","***","","***","","***",""
"1990100000","1990年度","43513","熊本県 球磨村","","20,773","","18,270","","2,487,889","","1,040","","980","","0.13","","10","","1","","***","","***","","***","","***",""
"1990100000","1990年度","43514","熊本県 あさぎり町","","15,949","","10,776","","12,341,585","","3,288","","-","","-","","6","","5","","***","","***","","***","","***",""
"1990100000","1990年度","43531","熊本県 苓北町","","6,690","","4,324","","5,795,299","","917","","6,187","","0.21","","6","","3","","***","","***","","***","","***",""
"1989100000","1989年度","43100","熊本県 熊本市","","38,849","","***","","660,458,534","","15,139","","634,555","","-","","91","","44","","***","","***","","***","","***",""
"1989100000","1989年度","43101","熊本県 熊本市 中央区","","-","","***","","-","","-","","-","","-","","-","","-","","***","","***","","***","","***",""
"1989100000","1989年度","43102","熊本県 熊本市 東区","","-","","***","","-","","-","","-","","-","","-","","-","","***","","***","","***","","***",""
"1989100000","1989年度","43103","熊本県 熊本市 西区","","-","","***","","-","","-","","-","","-","","-","","-","","***","","***","","***","","***",""
"1989100000","1989年度","43104","熊本県 熊本市 南区","","-","","***","","-","","-","","-","","-","","-","","-","","***","","***","","***","","***",""
"1989100000","1989年度","43105","熊本県 熊本市 北区","","-","","***","","-","","-","","-","","-","","-","","-","","***","","***","","***","","***",""
"1989100000","1989年度","43202","熊本県 八代市","","67,967","","***","","114,303,465","","8,936","","-","","-","","49","","15","","***","","***","","***","","***",""
"1989100000","1989年度","43203","熊本県 人吉市","","21,052","","***","","31,975,221","","1,970","","19,095","","0.48","","10","","4","","***","","***","","***","","***",""
"1989100000","1989年度","43204","熊本県 荒尾市","","5,715","","***","","43,086,162","","1,770","","38,898","","0.42","","12","","5","","***","","***","","***","","***",""
"1989100000","1989年度","43205","熊本県 水俣市","","16,203","","***","","25,555,852","","1,330","","76,669","","0.42","","14","","9","","***","","***","","***","","***",""
"1989100000","1989年度","43206","熊本県 玉名市","","15,253","","***","","53,574,474","","7,730","","95,074","","-","","21","","6","","***","","***","","***","","***",""
"1989100000","1989年度","43208","熊本県 山鹿市","","29,968","","***","","43,292,010","","8,310","","58,469","","-","","22","","6","","***","","***","","***","","***",""
"1989100000","1989年度","43210","熊本県 菊池市","","27,665","","***","","33,426,958","","6,900","","67,285","","-","","15","","6","","***","","***","","***","","***",""
"1989100000","1989年度","43211","熊本県 宇土市","","7,407","","***","","23,829,303","","2,570","","80,774","","0.38","","7","","3","","***","","***","","***","","***",""
"1989100000","1989年度","43212","熊本県 上天草市","","12,580","","***","","22,646,167","","2,087","","17,373","","-","","18","","9","","***","","***","","***","","***",""
"1989100000","1989年度","43213","熊本県 宇城市","","18,845","","***","","42,924,304","","7,373","","69,798","","-","","17","","6","","***","","***","","***","","***",""
"1989100000","1989年度","43214","熊本県 阿蘇市","","37,625","","***","","21,489,748","","10,130","","36,293","","-","","17","","4","","***","","***","","***","","***",""
"1989100000","1989年度","43215","熊本県 天草市","","68,207","","***","","67,657,296","","9,114","","36,467","","-","","64","","28","","***","","***","","***","","***",""
"1989100000","1989年度","43216","熊本県 合志市","","5,317","","***","","35,858,731","","2,610","","107,802","","-","","8","","4","","***","","***","","***","","***",""
"1989100000","1989年度","43348","熊本県 美里町","","14,402","","***","","7,509,775","","1,694","","9,037","","-","","6","","2","","***","","***","","***","","***",""
"1989100000","1989年度","43364","熊本県 玉東町","","2,440","","***","","4,334,309","","912","","3,598","","0.24","","2","","1","","***","","***","","***","","***",""
"1989100000","1989年度","43367","熊本県 南関町","","6,896","","***","","7,026,033","","1,930","","10,602","","0.26","","4","","1","","***","","***","","***","","***",""
"1989100000","1989年度","43368","熊本県 長洲町","","1,942","","***","","11,495,141","","894","","77,856","","0.58","","4","","2","","***","","***","","***","","***",""
"1989100000","1989年度","43369","熊本県 和水町","","9,875","","***","","7,685,988","","2,580","","45,955","","-","","8","","2","","***","","***","","***","","***",""
"1989100000","1989年度","43403","熊本県 大津町","","9,909","","***","","17,916,996","","2,720","","161,694","","0.70","","7","","2","","***","","***","","***","","***",""
"1989100000","1989年度","43404","熊本県 菊陽町","","3,757","","***","","18,513,549","","1,880","","40,472","","0.57","","6","","2","","***","","***","","***","","***",""
"1989100000","1989年度","43423","熊本県 南小国町","","11,586","","***","","2,562,826","","1,320","","1,281","","0.16","","5","","1","","***","","***","","***","","***",""
"1989100000","1989年度","43424","熊本県 小国町","","13,700","","***","","6,135,260","","1,990","","4,310","","0.25","","6","","1","","***","","***","","***","","***",""
"1989100000","1989年度","43425","熊本県 産山村","","6,072","","***","","738,830","","1,140","","X","","0.14","","2","","1","","***","","***","","***","","***",""
"1989100000","1989年度","43428","熊本県 高森町","","17,490","","***","","4,856,263","","2,770","","2,340","","0.23","","8","","3","","***","","***","","***","","***",""
"1989100000","1989年度","43432","熊本県 西原村","","7,660","","***","","3,065,616","","1,600","","9,111","","0.28","","2","","1","","***","","***","","***","","***",""
"1989100000","1989年度","43433","熊本県 南阿蘇村","","13,793","","***","","6,303,198","","3,804","","-","","-","","7","","3","","***","","***","","***","","***",""
"1989100000","1989年度","43441","熊本県 御船町","","9,900","","***","","10,813,664","","1,980","","11,172","","0.32","","10","","3","","***","","***","","***","","***",""
"1989100000","1989年度","43442","熊本県 嘉島町","","1,666","","***","","5,396,090","","1,050","","9,871","","0.31","","2","","1","","***","","***","","***","","***",""
"1989100000","1989年度","43443","熊本県 益城町","","6,567","","***","","20,620,974","","2,730","","41,629","","0.47","","5","","3","","***","","***","","***","","***",""
"1989100000","1989年度","43444","熊本県 甲佐町","","5,788","","***","","7,639,609","","1,520","","8,390","","0.28","","5","","1","","***","","***","","***","","***",""
"1989100000","1989年度","43447","熊本県 山都町","","54,483","","***","","11,039,583","","6,620","","19,692","","-","","28","","5","","***","","***","","***","","***",""
"1989100000","1989年度","43468","熊本県 氷川町","","3,329","","***","","10,510,102","","1,888","","3,183","","-","","3","","2","","***","","***","","***","","***",""
"1989100000","1989年度","43482","熊本県 芦北町","","23,347","","***","","13,604,789","","2,306","","13,995","","-","","21","","5","","***","","***","","***","","***",""
"1989100000","1989年度","43484","熊本県 津奈木町","","3,392","","***","","2,718,451","","511","","2,508","","0.17","","3","","1","","***","","***","","***","","***",""
"1989100000","1989年度","43501","熊本県 錦町","","8,487","","***","","6,702,999","","1,880","","33,743","","0.35","","3","","1","","***","","***","","***","","***",""
"1989100000","1989年度","43505","熊本県 多良木町","","16,587","","***","","8,116,684","","1,980","","10,272","","0.29","","7","","1","","***","","***","","***","","***",""
"1989100000","1989年度","43506","熊本県 湯前町","","4,841","","***","","2,944,652","","678","","5,563","","0.19","","1","","1","","***","","***","","***","","***",""
"1989100000","1989年度","43507","熊本県 水上村","","19,211","","***","","1,388,939","","681","","1,118","","0.16","","4","","1","","***","","***","","***","","***",""
"1989100000","1989年度","43510","熊本県 相良村","","9,454","","***","","2,796,832","","957","","5,277","","0.21","","3","","2","","***","","***","","***","","***",""
"1989100000","1989年度","43511","熊本県 五木村","","25,294","","***","","1,440,240","","278","","1,413","","0.16","","9","","7","","***","","***","","***","","***",""
"1989100000","1989年度","43512","熊本県 山江村","","12,123","","***","","1,741,140","","657","","1,153","","0.15","","2","","1","","***","","***","","***","","***",""
"1989100000","1989年度","43513","熊本県 球磨村","","20,773","","***","","2,752,870","","1,060","","832","","0.14","","10","","1","","***","","***","","***","","***",""
"1989100000","1989年度","43514","熊本県 あさぎり町","","15,949","","***","","11,549,588","","3,342","","-","","-","","6","","5","","***","","***","","***","","***",""
"1989100000","1989年度","43531","熊本県 苓北町","","6,648","","***","","5,776,582","","933","","5,520","","0.22","","6","","3","","***","","***","","***","","***",""
"1988100000","1988年度","43100","熊本県 熊本市","","38,849","","***","","613,676,147","","15,351","","605,689","","-","","91","","44","","***","","***","","***","","***",""
"1988100000","1988年度","43101","熊本県 熊本市 中央区","","-","","***","","-","","-","","-","","-","","-","","-","","***","","***","","***","","***",""
"1988100000","1988年度","43102","熊本県 熊本市 東区","","-","","***","","-","","-","","-","","-","","-","","-","","***","","***","","***","","***",""
"1988100000","1988年度","43103","熊本県 熊本市 西区","","-","","***","","-","","-","","-","","-","","-","","-","","***","","***","","***","","***",""
"1988100000","1988年度","43104","熊本県 熊本市 南区","","-","","***","","-","","-","","-","","-","","-","","-","","***","","***","","***","","***",""
"1988100000","1988年度","43105","熊本県 熊本市 北区","","-","","***","","-","","-","","-","","-","","-","","-","","***","","***","","***","","***",""
"1988100000","1988年度","43202","熊本県 八代市","","67,967","","***","","112,726,369","","9,015","","185,250","","-","","49","","15","","***","","***","","***","","***",""
"1988100000","1988年度","43203","熊本県 人吉市","","21,052","","***","","30,746,080","","1,980","","18,194","","0.50","","10","","4","","***","","***","","***","","***",""
"1988100000","1988年度","43204","熊本県 荒尾市","","5,715","","***","","42,136,702","","1,820","","34,761","","0.44","","12","","5","","***","","***","","***","","***",""
"1988100000","1988年度","43205","熊本県 水俣市","","16,203","","***","","24,608,810","","1,410","","72,154","","0.45","","14","","9","","***","","***","","***","","***",""
"1988100000","1988年度","43206","熊本県 玉名市","","15,253","","***","","48,456,813","","7,840","","82,652","","-","","21","","6","","***","","***","","***","","***",""
"1988100000","1988年度","43208","熊本県 山鹿市","","29,968","","***","","40,105,266","","8,530","","57,867","","-","","22","","6","","***","","***","","***","","***",""
"1988100000","1988年度","43210","熊本県 菊池市","","27,665","","***","","31,486,504","","6,970","","63,210","","-","","15","","6","","***","","***","","***","","***",""
"1988100000","1988年度","43211","熊本県 宇土市","","7,406","","***","","22,185,632","","2,660","","75,624","","0.39","","7","","3","","***","","***","","***","","***",""
"1988100000","1988年度","43212","熊本県 上天草市","","12,576","","***","","20,592,032","","2,156","","17,893","","-","","18","","9","","***","","***","","***","","***",""
"1988100000","1988年度","43213","熊本県 宇城市","","18,845","","***","","40,756,017","","7,616","","60,085","","-","","17","","6","","***","","***","","***","","***",""
"1988100000","1988年度","43214","熊本県 阿蘇市","","37,625","","***","","19,277,769","","10,130","","36,148","","-","","17","","4","","***","","***","","***","","***",""
"1988100000","1988年度","43215","熊本県 天草市","","68,186","","***","","63,979,505","","9,583","","34,529","","-","","64","","28","","***","","***","","***","","***",""
"1988100000","1988年度","43216","熊本県 合志市","","5,317","","***","","33,061,121","","2,640","","95,020","","-","","8","","4","","***","","***","","***","","***",""
"1988100000","1988年度","43348","熊本県 美里町","","14,402","","***","","6,740,361","","1,718","","9,350","","-","","6","","2","","***","","***","","***","","***",""
"1988100000","1988年度","43364","熊本県 玉東町","","2,440","","***","","3,537,772","","925","","3,481","","0.27","","2","","1","","***","","***","","***","","***",""
"1988100000","1988年度","43367","熊本県 南関町","","6,896","","***","","6,645,916","","1,940","","11,351","","0.26","","4","","1","","***","","***","","***","","***",""
"1988100000","1988年度","43368","熊本県 長洲町","","1,942","","***","","10,700,862","","901","","58,912","","0.61","","4","","2","","***","","***","","***","","***",""
"1988100000","1988年度","43369","熊本県 和水町","","9,875","","***","","7,234,721","","2,680","","50,956","","-","","8","","2","","***","","***","","***","","***",""
"1988100000","1988年度","43403","熊本県 大津町","","9,909","","***","","16,735,071","","2,750","","144,383","","0.73","","7","","2","","***","","***","","***","","***",""
"1988100000","1988年度","43404","熊本県 菊陽町","","3,757","","***","","16,300,197","","1,890","","31,446","","0.58","","6","","2","","***","","***","","***","","***",""
"1988100000","1988年度","43423","熊本県 南小国町","","11,586","","***","","2,348,438","","1,330","","1,265","","0.16","","5","","1","","***","","***","","***","","***",""
"1988100000","1988年度","43424","熊本県 小国町","","13,700","","***","","5,543,281","","1,990","","3,702","","0.27","","6","","1","","***","","***","","***","","***",""
"1988100000","1988年度","43425","熊本県 産山村","","6,072","","***","","682,902","","1,140","","X","","0.15","","2","","1","","***","","***","","***","","***",""
"1988100000","1988年度","43428","熊本県 高森町","","17,490","","***","","4,496,865","","2,770","","2,467","","0.24","","8","","3","","***","","***","","***","","***",""
"1988100000","1988年度","43432","熊本県 西原村","","7,660","","***","","2,802,076","","1,600","","5,222","","0.28","","2","","1","","***","","***","","***","","***",""
"1988100000","1988年度","43433","熊本県 南阿蘇村","","13,793","","***","","5,480,726","","3,808","","-","","-","","7","","3","","***","","***","","***","","***",""
"1988100000","1988年度","43441","熊本県 御船町","","9,900","","***","","10,419,057","","1,980","","9,036","","0.33","","10","","3","","***","","***","","***","","***",""
"1988100000","1988年度","43442","熊本県 嘉島町","","1,666","","***","","4,862,043","","1,060","","8,372","","0.32","","2","","1","","***","","***","","***","","***",""
"1988100000","1988年度","43443","熊本県 益城町","","6,567","","***","","19,110,316","","2,740","","39,812","","0.48","","5","","3","","***","","***","","***","","***",""
"1988100000","1988年度","43444","熊本県 甲佐町","","5,788","","***","","7,180,102","","1,540","","8,042","","0.28","","5","","1","","***","","***","","***","","***",""
"1988100000","1988年度","43447","熊本県 山都町","","54,483","","***","","10,202,677","","6,640","","14,719","","-","","29","","8","","***","","***","","***","","***",""
"1988100000","1988年度","43468","熊本県 氷川町","","3,329","","***","","10,911,389","","1,895","","3,258","","-","","3","","2","","***","","***","","***","","***",""
"1988100000","1988年度","43482","熊本県 芦北町","","23,347","","***","","13,262,499","","2,371","","14,274","","-","","21","","5","","***","","***","","***","","***",""
"1988100000","1988年度","43484","熊本県 津奈木町","","3,392","","***","","2,563,350","","525","","2,272","","0.18","","3","","1","","***","","***","","***","","***",""
"1988100000","1988年度","43501","熊本県 錦町","","8,487","","***","","6,126,171","","1,880","","31,918","","0.37","","3","","1","","***","","***","","***","","***",""
"1988100000","1988年度","43505","熊本県 多良木町","","16,587","","***","","7,907,612","","1,980","","9,959","","0.30","","7","","1","","***","","***","","***","","***",""
"1988100000","1988年度","43506","熊本県 湯前町","","4,841","","***","","2,704,993","","678","","5,031","","0.20","","1","","1","","***","","***","","***","","***",""
"1988100000","1988年度","43507","熊本県 水上村","","19,211","","***","","1,338,437","","687","","1,236","","0.18","","4","","1","","***","","***","","***","","***",""
"1988100000","1988年度","43510","熊本県 相良村","","9,454","","***","","2,595,929","","955","","5,592","","0.21","","5","","2","","***","","***","","***","","***",""
"1988100000","1988年度","43511","熊本県 五木村","","25,294","","***","","1,236,170","","277","","1,320","","0.17","","9","","7","","***","","***","","***","","***",""
"1988100000","1988年度","43512","熊本県 山江村","","12,123","","***","","1,609,425","","645","","1,038","","0.16","","2","","1","","***","","***","","***","","***",""
"1988100000","1988年度","43513","熊本県 球磨村","","20,773","","***","","2,402,842","","1,060","","787","","0.15","","10","","1","","***","","***","","***","","***",""
"1988100000","1988年度","43514","熊本県 あさぎり町","","15,949","","***","","11,229,729","","3,310","","-","","-","","6","","5","","***","","***","","***","","***",""
"1988100000","1988年度","43531","熊本県 苓北町","","6,648","","***","","5,450,312","","988","","5,067","","0.23","","6","","3","","***","","***","","***","","***",""
"1987100000","1987年度","43100","熊本県 熊本市","","38,804","","***","","582,903,272","","15,485","","529,491","","-","","91","","44","","***","","***","","***","","***",""
"1987100000","1987年度","43101","熊本県 熊本市 中央区","","-","","***","","-","","-","","-","","-","","-","","-","","***","","***","","***","","***",""
"1987100000","1987年度","43102","熊本県 熊本市 東区","","-","","***","","-","","-","","-","","-","","-","","-","","***","","***","","***","","***",""
"1987100000","1987年度","43103","熊本県 熊本市 西区","","-","","***","","-","","-","","-","","-","","-","","-","","***","","***","","***","","***",""
"1987100000","1987年度","43104","熊本県 熊本市 南区","","-","","***","","-","","-","","-","","-","","-","","-","","***","","***","","***","","***",""
"1987100000","1987年度","43105","熊本県 熊本市 北区","","-","","***","","-","","-","","-","","-","","-","","-","","***","","***","","***","","***",""
"1987100000","1987年度","43202","熊本県 八代市","","67,902","","***","","106,059,431","","9,053","","-","","-","","49","","15","","***","","***","","***","","***",""
"1987100000","1987年度","43203","熊本県 人吉市","","21,077","","***","","30,327,657","","1,980","","18,048","","0.51","","10","","4","","***","","***","","***","","***",""
"1987100000","1987年度","43204","熊本県 荒尾市","","5,810","","***","","42,857,087","","1,860","","31,054","","0.46","","12","","5","","***","","***","","***","","***",""
"1987100000","1987年度","43205","熊本県 水俣市","","16,555","","***","","24,105,336","","1,400","","73,799","","0.45","","14","","9","","***","","***","","***","","***",""
"1987100000","1987年度","43206","熊本県 玉名市","","15,109","","***","","49,820,500","","7,800","","75,485","","-","","21","","6","","***","","***","","***","","***",""
"1987100000","1987年度","43208","熊本県 山鹿市","","29,984","","***","","40,996,753","","8,660","","50,315","","-","","22","","6","","***","","***","","***","","***",""
"1987100000","1987年度","43210","熊本県 菊池市","","27,582","","***","","31,172,917","","6,990","","59,676","","-","","15","","6","","***","","***","","***","","***",""
"1987100000","1987年度","43211","熊本県 宇土市","","7,439","","***","","21,382,859","","2,700","","67,937","","0.39","","7","","3","","***","","***","","***","","***",""
"1987100000","1987年度","43212","熊本県 上天草市","","12,985","","***","","20,190,177","","2,205","","15,126","","-","","18","","9","","***","","***","","***","","***",""
"1987100000","1987年度","43213","熊本県 宇城市","","18,927","","***","","39,427,682","","7,646","","65,969","","-","","17","","6","","***","","***","","***","","***",""
"1987100000","1987年度","43214","熊本県 阿蘇市","","37,609","","***","","20,232,889","","10,160","","31,924","","-","","17","","4","","***","","***","","***","","***",""
"1987100000","1987年度","43215","熊本県 天草市","","68,588","","***","","62,523,565","","9,831","","32,503","","-","","65","","28","","***","","***","","***","","***",""
"1987100000","1987年度","43216","熊本県 合志市","","5,449","","***","","31,508,380","","2,670","","74,653","","-","","8","","4","","***","","***","","***","","***",""
"1987100000","1987年度","43348","熊本県 美里町","","14,341","","***","","6,720,641","","1,724","","9,577","","-","","6","","2","","***","","***","","***","","***",""
"1987100000","1987年度","43364","熊本県 玉東町","","2,391","","***","","3,873,017","","877","","3,211","","0.27","","2","","1","","***","","***","","***","","***",""
"1987100000","1987年度","43367","熊本県 南関町","","7,007","","***","","6,690,130","","1,940","","8,433","","0.27","","4","","1","","***","","***","","***","","***",""
"1987100000","1987年度","43368","熊本県 長洲町","","1,928","","***","","11,694,080","","908","","63,706","","0.67","","4","","2","","***","","***","","***","","***",""
"1987100000","1987年度","43369","熊本県 和水町","","9,776","","***","","7,297,468","","2,690","","42,595","","-","","8","","2","","***","","***","","***","","***",""
"1987100000","1987年度","43403","熊本県 大津町","","9,906","","***","","16,461,044","","2,820","","132,942","","0.74","","7","","2","","***","","***","","***","","***",""
"1987100000","1987年度","43404","熊本県 菊陽町","","3,721","","***","","16,729,054","","1,910","","22,125","","0.59","","6","","2","","***","","***","","***","","***",""
"1987100000","1987年度","43423","熊本県 南小国町","","11,598","","***","","2,261,537","","1,330","","1,292","","0.16","","5","","1","","***","","***","","***","","***",""
"1987100000","1987年度","43424","熊本県 小国町","","13,672","","***","","5,723,786","","1,960","","3,398","","0.27","","6","","1","","***","","***","","***","","***",""
"1987100000","1987年度","43425","熊本県 産山村","","6,060","","***","","740,217","","1,130","","X","","0.15","","2","","1","","***","","***","","***","","***",""
"1987100000","1987年度","43428","熊本県 高森町","","17,543","","***","","4,161,589","","2,770","","2,331","","0.24","","8","","3","","***","","***","","***","","***",""
"1987100000","1987年度","43432","熊本県 西原村","","7,658","","***","","2,795,478","","1,610","","3,366","","0.28","","2","","1","","***","","***","","***","","***",""
"1987100000","1987年度","43433","熊本県 南阿蘇村","","13,790","","***","","5,891,089","","3,816","","-","","-","","7","","3","","***","","***","","***","","***",""
"1987100000","1987年度","43441","熊本県 御船町","","9,830","","***","","10,293,245","","2,040","","8,398","","0.34","","10","","3","","***","","***","","***","","***",""
"1987100000","1987年度","43442","熊本県 嘉島町","","1,680","","***","","5,137,795","","1,060","","7,514","","0.32","","2","","1","","***","","***","","***","","***",""
"1987100000","1987年度","43443","熊本県 益城町","","6,564","","***","","18,089,083","","2,740","","44,736","","0.49","","5","","3","","***","","***","","***","","***",""
"1987100000","1987年度","43444","熊本県 甲佐町","","5,776","","***","","7,103,264","","1,540","","7,553","","0.28","","5","","1","","***","","***","","***","","***",""
"1987100000","1987年度","43447","熊本県 山都町","","54,442","","***","","10,397,141","","6,690","","-","","-","","29","","8","","***","","***","","***","","***",""
"1987100000","1987年度","43468","熊本県 氷川町","","3,318","","***","","10,200,717","","1,885","","3,622","","-","","3","","2","","***","","***","","***","","***",""
"1987100000","1987年度","43482","熊本県 芦北町","","23,461","","***","","13,230,405","","2,393","","16,542","","-","","21","","5","","***","","***","","***","","***",""
"1987100000","1987年度","43484","熊本県 津奈木町","","3,303","","***","","2,539,822","","606","","2,059","","0.19","","3","","1","","***","","***","","***","","***",""
"1987100000","1987年度","43501","熊本県 錦町","","8,391","","***","","6,207,652","","1,890","","30,530","","0.38","","3","","1","","***","","***","","***","","***",""
"1987100000","1987年度","43505","熊本県 多良木町","","16,648","","***","","8,018,461","","1,980","","9,041","","0.30","","7","","1","","***","","***","","***","","***",""
"1987100000","1987年度","43506","熊本県 湯前町","","4,824","","***","","2,645,687","","682","","4,663","","0.21","","1","","1","","***","","***","","***","","***",""
"1987100000","1987年度","43507","熊本県 水上村","","19,250","","***","","1,349,418","","667","","1,226","","0.19","","4","","1","","***","","***","","***","","***",""
"1987100000","1987年度","43510","熊本県 相良村","","9,493","","***","","2,686,808","","957","","5,172","","0.21","","5","","2","","***","","***","","***","","***",""
"1987100000","1987年度","43511","熊本県 五木村","","25,205","","***","","1,372,510","","283","","1,098","","0.19","","9","","7","","***","","***","","***","","***",""
"1987100000","1987年度","43512","熊本県 山江村","","12,108","","***","","1,620,275","","634","","1,124","","0.16","","5","","1","","***","","***","","***","","***",""
"1987100000","1987年度","43513","熊本県 球磨村","","20,737","","***","","2,556,071","","1,050","","634","","0.16","","10","","1","","***","","***","","***","","***",""
"1987100000","1987年度","43514","熊本県 あさぎり町","","15,897","","***","","11,613,975","","3,333","","-","","-","","6","","5","","***","","***","","***","","***",""
"1987100000","1987年度","43531","熊本県 苓北町","","6,667","","***","","5,538,597","","1,010","","4,714","","0.23","","6","","3","","***","","***","","***","","***",""
"1986100000","1986年度","43100","熊本県 熊本市","","38,804","","***","","553,813,406","","15,607","","499,546","","-","","91","","43","","9,735","","76","","18","","***",""
"1986100000","1986年度","43101","熊本県 熊本市 中央区","","-","","***","","-","","-","","-","","-","","-","","-","","-","","-","","-","","***",""
"1986100000","1986年度","43102","熊本県 熊本市 東区","","-","","***","","-","","-","","-","","-","","-","","-","","-","","-","","-","","***",""
"1986100000","1986年度","43103","熊本県 熊本市 西区","","-","","***","","-","","-","","-","","-","","-","","-","","-","","-","","-","","***",""
"1986100000","1986年度","43104","熊本県 熊本市 南区","","-","","***","","-","","-","","-","","-","","-","","-","","-","","-","","-","","***",""
"1986100000","1986年度","43105","熊本県 熊本市 北区","","-","","***","","-","","-","","-","","-","","-","","-","","-","","-","","-","","***",""
"1986100000","1986年度","43202","熊本県 八代市","","67,892","","***","","97,257,146","","9,088","","-","","-","","49","","15","","2,538","","6","","5","","***",""
"1986100000","1986年度","43203","熊本県 人吉市","","21,077","","***","","29,204,312","","1,980","","17,811","","0.52","","10","","4","","797","","2","","2","","***",""
"1986100000","1986年度","43204","熊本県 荒尾市","","5,810","","***","","42,369,652","","1,890","","34,467","","0.47","","12","","5","","750","","2","","1","","***",""
"1986100000","1986年度","43205","熊本県 水俣市","","16,554","","***","","22,978,634","","1,420","","74,907","","0.45","","14","","9","","560","","2","","2","","***",""
"1986100000","1986年度","43206","熊本県 玉名市","","15,109","","***","","48,595,894","","7,820","","76,009","","-","","21","","6","","1,210","","3","","2","","***",""
"1986100000","1986年度","43208","熊本県 山鹿市","","29,984","","***","","39,004,665","","8,670","","46,043","","-","","22","","6","","1,030","","2","","1","","***",""
"1986100000","1986年度","43210","熊本県 菊池市","","27,582","","***","","29,415,568","","7,040","","61,856","","-","","15","","6","","751","","3","","1","","***",""
"1986100000","1986年度","43211","熊本県 宇土市","","7,439","","***","","20,288,140","","2,710","","64,897","","0.40","","6","","3","","521","","1","","1","","***",""
"1986100000","1986年度","43212","熊本県 上天草市","","12,981","","***","","19,053,473","","2,238","","14,032","","-","","18","","9","","732","","0","","0","","***",""
"1986100000","1986年度","43213","熊本県 宇城市","","18,927","","***","","37,813,553","","7,669","","59,975","","-","","17","","6","","1,018","","1","","1","","***",""
"1986100000","1986年度","43214","熊本県 阿蘇市","","37,609","","***","","19,582,004","","10,240","","-","","-","","17","","4","","611","","0","","0","","***",""
"1986100000","1986年度","43215","熊本県 天草市","","68,580","","***","","59,389,762","","9,990","","31,524","","-","","65","","28","","2,196","","3","","2","","***",""
"1986100000","1986年度","43216","熊本県 合志市","","5,449","","***","","29,143,064","","2,680","","99,953","","-","","8","","4","","284","","0","","0","","***",""
"1986100000","1986年度","43348","熊本県 美里町","","14,341","","***","","6,103,057","","1,726","","7,183","","-","","6","","2","","259","","0","","0","","***",""
"1986100000","1986年度","43364","熊本県 玉東町","","2,391","","***","","3,737,153","","827","","3,283","","0.27","","2","","1","","67","","0","","0","","***",""
"1986100000","1986年度","43367","熊本県 南関町","","7,007","","***","","6,386,210","","1,880","","8,093","","0.27","","4","","1","","179","","0","","0","","***",""
"1986100000","1986年度","43368","熊本県 長洲町","","1,928","","***","","11,899,987","","924","","89,330","","0.74","","4","","2","","265","","2","","0","","***",""
"1986100000","1986年度","43369","熊本県 和水町","","9,776","","***","","6,532,359","","2,580","","49,838","","-","","8","","2","","183","","0","","0","","***",""
"1986100000","1986年度","43403","熊本県 大津町","","9,906","","***","","15,648,698","","2,860","","124,462","","0.71","","7","","2","","319","","0","","0","","***",""
"1986100000","1986年度","43404","熊本県 菊陽町","","3,721","","***","","15,593,156","","1,910","","24,251","","0.58","","6","","2","","185","","0","","0","","***",""
"1986100000","1986年度","43423","熊本県 南小国町","","11,598","","***","","2,114,550","","1,340","","1,273","","0.17","","5","","1","","87","","0","","0","","***",""
"1986100000","1986年度","43424","熊本県 小国町","","13,672","","***","","5,571,784","","1,930","","3,534","","0.26","","6","","1","","213","","0","","0","","***",""
"1986100000","1986年度","43425","熊本県 産山村","","6,060","","***","","737,318","","1,150","","X","","0.15","","2","","1","","21","","0","","0","","***",""
"1986100000","1986年度","43428","熊本県 高森町","","17,543","","***","","3,964,265","","2,790","","2,298","","0.23","","8","","5","","160","","0","","0","","***",""
"1986100000","1986年度","43432","熊本県 西原村","","7,658","","***","","2,593,322","","1,610","","3,432","","0.26","","2","","1","","56","","0","","0","","***",""
"1986100000","1986年度","43433","熊本県 南阿蘇村","","13,790","","***","","5,667,970","","3,779","","-","","-","","7","","3","","195","","0","","0","","***",""
"1986100000","1986年度","43441","熊本県 御船町","","9,830","","***","","10,156,990","","2,080","","8,232","","0.33","","10","","3","","259","","1","","1","","***",""
"1986100000","1986年度","43442","熊本県 嘉島町","","1,680","","***","","4,680,654","","1,070","","6,970","","0.31","","2","","1","","100","","0","","0","","***",""
"1986100000","1986年度","43443","熊本県 益城町","","6,564","","***","","17,177,708","","2,780","","51,938","","0.50","","5","","3","","257","","1","","1","","***",""
"1986100000","1986年度","43444","熊本県 甲佐町","","5,776","","***","","6,648,309","","1,550","","6,042","","0.28","","5","","1","","216","","0","","0","","***",""
"1986100000","1986年度","43447","熊本県 山都町","","54,442","","***","","9,755,029","","6,700","","-","","-","","29","","8","","451","","0","","0","","***",""
"1986100000","1986年度","43468","熊本県 氷川町","","3,318","","***","","8,701,946","","1,888","","3,490","","-","","3","","2","","192","","0","","0","","***",""
"1986100000","1986年度","43482","熊本県 芦北町","","23,461","","***","","13,382,640","","2,384","","20,534","","-","","21","","5","","385","","0","","0","","***",""
"1986100000","1986年度","43484","熊本県 津奈木町","","3,303","","***","","2,716,311","","603","","1,669","","0.19","","3","","1","","78","","0","","0","","***",""
"1986100000","1986年度","43501","熊本県 錦町","","8,391","","***","","5,771,033","","1,900","","36,196","","0.37","","3","","1","","121","","0","","0","","***",""
"1986100000","1986年度","43505","熊本県 多良木町","","16,648","","***","","7,615,352","","1,970","","9,073","","0.30","","7","","1","","223","","0","","0","","***",""
"1986100000","1986年度","43506","熊本県 湯前町","","4,824","","***","","2,627,863","","685","","4,978","","0.20","","1","","1","","103","","0","","0","","***",""
"1986100000","1986年度","43507","熊本県 水上村","","19,250","","***","","1,312,189","","653","","921","","0.20","","4","","1","","51","","0","","0","","***",""
"1986100000","1986年度","43510","熊本県 相良村","","9,493","","***","","2,484,817","","973","","3,972","","0.21","","5","","2","","60","","0","","0","","***",""
"1986100000","1986年度","43511","熊本県 五木村","","25,205","","***","","1,207,014","","289","","985","","0.20","","9","","7","","34","","0","","0","","***",""
"1986100000","1986年度","43512","熊本県 山江村","","12,108","","***","","1,523,702","","628","","985","","0.14","","5","","1","","32","","0","","0","","***",""
"1986100000","1986年度","43513","熊本県 球磨村","","20,737","","***","","2,448,594","","1,030","","650","","0.16","","10","","1","","85","","0","","0","","***",""
"1986100000","1986年度","43514","熊本県 あさぎり町","","15,897","","***","","10,658,217","","3,313","","-","","-","","6","","5","","262","","1","","1","","***",""
"1986100000","1986年度","43531","熊本県 苓北町","","6,665","","***","","5,016,151","","1,030","","4,490","","0.24","","6","","3","","196","","0","","0","","***",""
"1985100000","1985年度","43100","熊本県 熊本市","","38,803","","***","","529,267,979","","15,781","","510,799","","-","","90","","44","","***","","***","","***","","***",""
"1985100000","1985年度","43101","熊本県 熊本市 中央区","","-","","***","","-","","-","","-","","-","","-","","-","","***","","***","","***","","***",""
"1985100000","1985年度","43102","熊本県 熊本市 東区","","-","","***","","-","","-","","-","","-","","-","","-","","***","","***","","***","","***",""
"1985100000","1985年度","43103","熊本県 熊本市 西区","","-","","***","","-","","-","","-","","-","","-","","-","","***","","***","","***","","***",""
"1985100000","1985年度","43104","熊本県 熊本市 南区","","-","","***","","-","","-","","-","","-","","-","","-","","***","","***","","***","","***",""
"1985100000","1985年度","43105","熊本県 熊本市 北区","","-","","***","","-","","-","","-","","-","","-","","-","","***","","***","","***","","***",""
"1985100000","1985年度","43202","熊本県 八代市","","67,892","","***","","91,568,379","","9,134","","-","","-","","49","","16","","***","","***","","***","","***",""
"1985100000","1985年度","43203","熊本県 人吉市","","21,077","","***","","28,316,794","","2,040","","18,823","","0.53","","10","","4","","***","","***","","***","","***",""
"1985100000","1985年度","43204","熊本県 荒尾市","","5,801","","***","","41,468,044","","1,930","","35,463","","0.48","","12","","5","","***","","***","","***","","***",""
"1985100000","1985年度","43205","熊本県 水俣市","","16,554","","***","","23,474,545","","1,430","","78,981","","0.44","","14","","9","","***","","***","","***","","***",""
"1985100000","1985年度","43206","熊本県 玉名市","","15,109","","***","","47,282,557","","7,890","","83,394","","-","","21","","6","","***","","***","","***","","***",""
"1985100000","1985年度","43208","熊本県 山鹿市","","29,984","","***","","37,732,730","","8,580","","47,695","","-","","22","","6","","***","","***","","***","","***",""
"1985100000","1985年度","43210","熊本県 菊池市","","27,582","","***","","28,798,180","","7,120","","63,790","","-","","15","","6","","***","","***","","***","","***",""
"1985100000","1985年度","43211","熊本県 宇土市","","7,439","","***","","19,775,136","","2,720","","71,423","","0.40","","6","","3","","***","","***","","***","","***",""
"1985100000","1985年度","43212","熊本県 上天草市","","12,980","","***","","17,949,341","","2,271","","15,933","","-","","18","","9","","***","","***","","***","","***",""
"1985100000","1985年度","43213","熊本県 宇城市","","18,927","","***","","34,991,613","","7,700","","57,033","","-","","17","","6","","***","","***","","***","","***",""
"1985100000","1985年度","43214","熊本県 阿蘇市","","37,609","","***","","17,587,764","","10,250","","-","","-","","17","","4","","***","","***","","***","","***",""
"1985100000","1985年度","43215","熊本県 天草市","","68,576","","***","","57,607,288","","10,099","","31,696","","-","","66","","28","","***","","***","","***","","***",""
"1985100000","1985年度","43216","熊本県 合志市","","5,449","","***","","26,754,078","","2,690","","106,189","","-","","8","","4","","***","","***","","***","","***",""
"1985100000","1985年度","43348","熊本県 美里町","","14,341","","***","","5,896,698","","1,732","","5,943","","-","","6","","2","","***","","***","","***","","***",""
"1985100000","1985年度","43364","熊本県 玉東町","","2,391","","***","","4,030,682","","827","","3,572","","0.25","","2","","1","","***","","***","","***","","***",""
"1985100000","1985年度","43367","熊本県 南関町","","7,007","","***","","6,197,654","","1,890","","9,598","","0.26","","4","","2","","***","","***","","***","","***",""
"1985100000","1985年度","43368","熊本県 長洲町","","1,928","","***","","11,669,265","","928","","108,514","","0.79","","4","","2","","***","","***","","***","","***",""
"1985100000","1985年度","43369","熊本県 和水町","","9,776","","***","","6,400,147","","2,600","","40,081","","-","","8","","2","","***","","***","","***","","***",""
"1985100000","1985年度","43403","熊本県 大津町","","9,906","","***","","14,411,411","","2,930","","149,242","","0.67","","7","","2","","***","","***","","***","","***",""
"1985100000","1985年度","43404","熊本県 菊陽町","","3,721","","***","","14,337,059","","1,850","","26,031","","0.54","","6","","2","","***","","***","","***","","***",""
"1985100000","1985年度","43423","熊本県 南小国町","","11,598","","***","","2,060,111","","1,340","","1,243","","0.17","","5","","1","","***","","***","","***","","***",""
"1985100000","1985年度","43424","熊本県 小国町","","13,672","","***","","5,224,978","","1,920","","3,371","","0.26","","6","","1","","***","","***","","***","","***",""
"1985100000","1985年度","43425","熊本県 産山村","","6,060","","***","","770,548","","1,150","","X","","0.14","","2","","1","","***","","***","","***","","***",""
"1985100000","1985年度","43428","熊本県 高森町","","17,543","","***","","3,721,050","","2,720","","2,440","","0.23","","8","","5","","***","","***","","***","","***",""
"1985100000","1985年度","43432","熊本県 西原村","","7,658","","***","","2,413,600","","1,620","","2,828","","0.25","","2","","1","","***","","***","","***","","***",""
"1985100000","1985年度","43433","熊本県 南阿蘇村","","13,790","","***","","5,118,954","","3,749","","-","","-","","7","","3","","***","","***","","***","","***",""
"1985100000","1985年度","43441","熊本県 御船町","","9,830","","***","","9,481,162","","2,110","","8,509","","0.33","","10","","3","","***","","***","","***","","***",""
"1985100000","1985年度","43442","熊本県 嘉島町","","1,680","","***","","4,552,880","","1,070","","6,859","","0.30","","2","","1","","***","","***","","***","","***",""
"1985100000","1985年度","43443","熊本県 益城町","","6,564","","***","","16,245,301","","2,790","","48,585","","0.49","","5","","3","","***","","***","","***","","***",""
"1985100000","1985年度","43444","熊本県 甲佐町","","5,776","","***","","6,362,786","","1,560","","5,405","","0.28","","5","","1","","***","","***","","***","","***",""
"1985100000","1985年度","43447","熊本県 山都町","","54,442","","***","","9,293,787","","6,750","","14,490","","-","","29","","8","","***","","***","","***","","***",""
"1985100000","1985年度","43468","熊本県 氷川町","","3,318","","***","","8,093,108","","1,885","","3,441","","-","","3","","2","","***","","***","","***","","***",""
"1985100000","1985年度","43482","熊本県 芦北町","","23,461","","***","","12,271,682","","2,414","","23,110","","-","","21","","5","","***","","***","","***","","***",""
"1985100000","1985年度","43484","熊本県 津奈木町","","3,303","","***","","2,381,851","","605","","1,612","","0.20","","3","","1","","***","","***","","***","","***",""
"1985100000","1985年度","43501","熊本県 錦町","","8,391","","***","","5,390,415","","1,920","","39,197","","0.35","","3","","1","","***","","***","","***","","***",""
"1985100000","1985年度","43505","熊本県 多良木町","","16,648","","***","","7,066,915","","1,950","","9,720","","0.30","","7","","2","","***","","***","","***","","***",""
"1985100000","1985年度","43506","熊本県 湯前町","","4,824","","***","","2,438,058","","686","","4,069","","0.20","","1","","1","","***","","***","","***","","***",""
"1985100000","1985年度","43507","熊本県 水上村","","19,250","","***","","1,234,640","","647","","955","","0.20","","4","","1","","***","","***","","***","","***",""
"1985100000","1985年度","43510","熊本県 相良村","","9,493","","***","","2,275,437","","1,020","","2,615","","0.22","","5","","2","","***","","***","","***","","***",""
"1985100000","1985年度","43511","熊本県 五木村","","25,205","","***","","1,346,336","","296","","1,012","","0.21","","9","","7","","***","","***","","***","","***",""
"1985100000","1985年度","43512","熊本県 山江村","","12,108","","***","","1,454,261","","627","","1,123","","0.14","","5","","1","","***","","***","","***","","***",""
"1985100000","1985年度","43513","熊本県 球磨村","","20,737","","***","","2,504,148","","1,040","","694","","0.16","","10","","1","","***","","***","","***","","***",""
"1985100000","1985年度","43514","熊本県 あさぎり町","","15,897","","***","","9,653,423","","3,377","","-","","-","","6","","5","","***","","***","","***","","***",""
"1985100000","1985年度","43531","熊本県 苓北町","","6,663","","***","","5,318,840","","1,040","","4,226","","0.24","","6","","3","","***","","***","","***","","***",""
"1984100000","1984年度","43100","熊本県 熊本市","","38,802","","6,376","","***","","15,912","","496,086","","-","","89","","44","","***","","***","","***","","***",""
"1984100000","1984年度","43101","熊本県 熊本市 中央区","","-","","-","","***","","-","","-","","-","","-","","-","","***","","***","","***","","***",""
"1984100000","1984年度","43102","熊本県 熊本市 東区","","-","","-","","***","","-","","-","","-","","-","","-","","***","","***","","***","","***",""
"1984100000","1984年度","43103","熊本県 熊本市 西区","","-","","-","","***","","-","","-","","-","","-","","-","","***","","***","","***","","***",""
"1984100000","1984年度","43104","熊本県 熊本市 南区","","-","","-","","***","","-","","-","","-","","-","","-","","***","","***","","***","","***",""
"1984100000","1984年度","43105","熊本県 熊本市 北区","","-","","-","","***","","-","","-","","-","","-","","-","","***","","***","","***","","***",""
"1984100000","1984年度","43202","熊本県 八代市","","67,892","","49,357","","***","","9,152","","-","","-","","49","","16","","***","","***","","***","","***",""
"1984100000","1984年度","43203","熊本県 人吉市","","21,077","","15,963","","***","","2,060","","17,869","","0.53","","10","","4","","***","","***","","***","","***",""
"1984100000","1984年度","43204","熊本県 荒尾市","","5,801","","982","","***","","1,960","","34,480","","0.46","","12","","5","","***","","***","","***","","***",""
"1984100000","1984年度","43205","熊本県 水俣市","","16,550","","12,212","","***","","1,520","","72,727","","0.44","","14","","9","","***","","***","","***","","***",""
"1984100000","1984年度","43206","熊本県 玉名市","","15,109","","2,768","","***","","7,930","","72,646","","-","","21","","6","","***","","***","","***","","***",""
"1984100000","1984年度","43208","熊本県 山鹿市","","29,984","","15,726","","***","","8,600","","45,025","","-","","22","","6","","***","","***","","***","","***",""
"1984100000","1984年度","43210","熊本県 菊池市","","27,582","","15,381","","***","","7,190","","57,710","","-","","15","","6","","***","","***","","***","","***",""
"1984100000","1984年度","43211","熊本県 宇土市","","7,439","","2,843","","***","","2,760","","68,237","","0.39","","6","","3","","***","","***","","***","","***",""
"1984100000","1984年度","43212","熊本県 上天草市","","12,977","","7,521","","***","","2,340","","16,043","","-","","18","","9","","***","","***","","***","","***",""
"1984100000","1984年度","43213","熊本県 宇城市","","18,923","","5,892","","***","","7,726","","39,218","","-","","17","","6","","***","","***","","***","","***",""
"1984100000","1984年度","43214","熊本県 阿蘇市","","37,609","","21,534","","***","","10,240","","-","","-","","17","","4","","***","","***","","***","","***",""
"1984100000","1984年度","43215","熊本県 天草市","","68,572","","46,346","","***","","10,550","","30,688","","-","","66","","28","","***","","***","","***","","***",""
"1984100000","1984年度","43216","熊本県 合志市","","5,449","","780","","***","","2,710","","124,334","","-","","8","","4","","***","","***","","***","","***",""
"1984100000","1984年度","43348","熊本県 美里町","","14,341","","10,638","","***","","1,735","","5,248","","-","","6","","2","","***","","***","","***","","***",""
"1984100000","1984年度","43364","熊本県 玉東町","","2,391","","783","","***","","826","","3,087","","0.25","","2","","1","","***","","***","","***","","***",""
"1984100000","1984年度","43367","熊本県 南関町","","7,007","","3,527","","***","","1,890","","6,139","","0.26","","4","","2","","***","","***","","***","","***",""
"1984100000","1984年度","43368","熊本県 長洲町","","1,928","","33","","***","","935","","96,739","","0.78","","4","","2","","***","","***","","***","","***",""
"1984100000","1984年度","43369","熊本県 和水町","","9,776","","5,270","","***","","2,590","","53,982","","-","","8","","2","","***","","***","","***","","***",""
"1984100000","1984年度","43403","熊本県 大津町","","9,906","","5,091","","***","","2,960","","90,335","","0.64","","7","","2","","***","","***","","***","","***",""
"1984100000","1984年度","43404","熊本県 菊陽町","","3,721","","445","","***","","1,850","","21,796","","0.52","","5","","2","","***","","***","","***","","***",""
"1984100000","1984年度","43423","熊本県 南小国町","","11,598","","9,364","","***","","1,340","","1,169","","0.17","","5","","1","","***","","***","","***","","***",""
"1984100000","1984年度","43424","熊本県 小国町","","13,672","","10,664","","***","","1,920","","3,226","","0.27","","6","","1","","***","","***","","***","","***",""
"1984100000","1984年度","43425","熊本県 産山村","","6,060","","4,373","","***","","1,150","","X","","0.13","","2","","1","","***","","***","","***","","***",""
"1984100000","1984年度","43428","熊本県 高森町","","17,543","","12,920","","***","","2,710","","2,121","","0.22","","8","","5","","***","","***","","***","","***",""
"1984100000","1984年度","43432","熊本県 西原村","","7,658","","4,547","","***","","1,610","","1,603","","0.24","","2","","1","","***","","***","","***","","***",""
"1984100000","1984年度","43433","熊本県 南阿蘇村","","13,790","","7,333","","***","","3,749","","-","","-","","7","","3","","***","","***","","***","","***",""
"1984100000","1984年度","43441","熊本県 御船町","","9,830","","5,562","","***","","2,130","","9,338","","0.32","","10","","3","","***","","***","","***","","***",""
"1984100000","1984年度","43442","熊本県 嘉島町","","1,680","","0","","***","","1,070","","6,022","","0.29","","2","","1","","***","","***","","***","","***",""
"1984100000","1984年度","43443","熊本県 益城町","","6,564","","2,208","","***","","2,810","","39,165","","0.47","","5","","3","","***","","***","","***","","***",""
"1984100000","1984年度","43444","熊本県 甲佐町","","5,776","","2,729","","***","","1,600","","5,425","","0.28","","5","","1","","***","","***","","***","","***",""
"1984100000","1984年度","43447","熊本県 山都町","","54,442","","39,193","","***","","6,730","","-","","-","","29","","9","","***","","***","","***","","***",""
"1984100000","1984年度","43468","熊本県 氷川町","","3,318","","341","","***","","1,885","","3,118","","-","","3","","2","","***","","***","","***","","***",""
"1984100000","1984年度","43482","熊本県 芦北町","","23,461","","18,260","","***","","2,476","","20,128","","-","","21","","5","","***","","***","","***","","***",""
"1984100000","1984年度","43484","熊本県 津奈木町","","3,303","","2,217","","***","","620","","1,599","","0.20","","3","","1","","***","","***","","***","","***",""
"1984100000","1984年度","43501","熊本県 錦町","","8,391","","4,964","","***","","1,940","","33,190","","0.34","","3","","1","","***","","***","","***","","***",""
"1984100000","1984年度","43505","熊本県 多良木町","","16,648","","13,193","","***","","1,960","","9,074","","0.30","","7","","2","","***","","***","","***","","***",""
"1984100000","1984年度","43506","熊本県 湯前町","","4,824","","3,747","","***","","689","","3,541","","0.19","","1","","1","","***","","***","","***","","***",""
"1984100000","1984年度","43507","熊本県 水上村","","19,250","","17,476","","***","","636","","879","","0.19","","4","","1","","***","","***","","***","","***",""
"1984100000","1984年度","43510","熊本県 相良村","","9,493","","7,236","","***","","1,020","","1,963","","0.21","","5","","2","","***","","***","","***","","***",""
"1984100000","1984年度","43511","熊本県 五木村","","25,205","","24,351","","***","","298","","1,475","","0.21","","9","","7","","***","","***","","***","","***",""
"1984100000","1984年度","43512","熊本県 山江村","","12,108","","10,685","","***","","603","","1,112","","0.13","","5","","1","","***","","***","","***","","***",""
"1984100000","1984年度","43513","熊本県 球磨村","","20,737","","18,327","","***","","1,030","","595","","0.16","","10","","1","","***","","***","","***","","***",""
"1984100000","1984年度","43514","熊本県 あさぎり町","","15,897","","10,691","","***","","3,412","","-","","-","","6","","5","","***","","***","","***","","***",""
"1984100000","1984年度","43531","熊本県 苓北町","","6,660","","4,343","","***","","1,060","","4,213","","0.25","","6","","3","","***","","***","","***","","***",""
"1983100000","1983年度","43100","熊本県 熊本市","","38,802","","***","","***","","16,044","","416,924","","-","","88","","44","","***","","***","","***","","***",""
"1983100000","1983年度","43101","熊本県 熊本市 中央区","","-","","***","","***","","-","","-","","-","","-","","-","","***","","***","","***","","***",""
"1983100000","1983年度","43102","熊本県 熊本市 東区","","-","","***","","***","","-","","-","","-","","-","","-","","***","","***","","***","","***",""
"1983100000","1983年度","43103","熊本県 熊本市 西区","","-","","***","","***","","-","","-","","-","","-","","-","","***","","***","","***","","***",""
"1983100000","1983年度","43104","熊本県 熊本市 南区","","-","","***","","***","","-","","-","","-","","-","","-","","***","","***","","***","","***",""
"1983100000","1983年度","43105","熊本県 熊本市 北区","","-","","***","","***","","-","","-","","-","","-","","-","","***","","***","","***","","***",""
"1983100000","1983年度","43202","熊本県 八代市","","67,892","","***","","***","","9,220","","-","","-","","49","","16","","***","","***","","***","","***",""
"1983100000","1983年度","43203","熊本県 人吉市","","21,077","","***","","***","","2,100","","17,103","","0.51","","10","","4","","***","","***","","***","","***",""
"1983100000","1983年度","43204","熊本県 荒尾市","","5,801","","***","","***","","1,970","","32,909","","0.44","","12","","5","","***","","***","","***","","***",""
"1983100000","1983年度","43205","熊本県 水俣市","","16,550","","***","","***","","1,530","","65,485","","0.43","","14","","9","","***","","***","","***","","***",""
"1983100000","1983年度","43206","熊本県 玉名市","","15,109","","***","","***","","7,990","","-","","-","","21","","-","","***","","***","","***","","***",""
"1983100000","1983年度","43208","熊本県 山鹿市","","29,984","","***","","***","","8,640","","39,020","","-","","22","","6","","***","","***","","***","","***",""
"1983100000","1983年度","43210","熊本県 菊池市","","27,582","","***","","***","","7,210","","54,384","","-","","15","","6","","***","","***","","***","","***",""
"1983100000","1983年度","43211","熊本県 宇土市","","7,439","","***","","***","","2,770","","61,734","","0.38","","6","","3","","***","","***","","***","","***",""
"1983100000","1983年度","43212","熊本県 上天草市","","12,976","","***","","***","","2,352","","15,319","","-","","18","","9","","***","","***","","***","","***",""
"1983100000","1983年度","43213","熊本県 宇城市","","18,922","","***","","***","","7,758","","34,905","","-","","17","","6","","***","","***","","***","","***",""
"1983100000","1983年度","43214","熊本県 阿蘇市","","37,609","","***","","***","","10,210","","-","","-","","17","","4","","***","","***","","***","","***",""
"1983100000","1983年度","43215","熊本県 天草市","","68,560","","***","","***","","10,626","","30,003","","-","","67","","28","","***","","***","","***","","***",""
"1983100000","1983年度","43216","熊本県 合志市","","5,449","","***","","***","","2,720","","73,583","","-","","7","","4","","***","","***","","***","","***",""
"1983100000","1983年度","43348","熊本県 美里町","","14,341","","***","","***","","1,739","","4,851","","-","","6","","2","","***","","***","","***","","***",""
"1983100000","1983年度","43364","熊本県 玉東町","","2,391","","***","","***","","829","","3,009","","0.23","","2","","1","","***","","***","","***","","***",""
"1983100000","1983年度","43367","熊本県 南関町","","7,007","","***","","***","","1,900","","6,093","","0.24","","4","","2","","***","","***","","***","","***",""
"1983100000","1983年度","43368","熊本県 長洲町","","1,928","","***","","***","","947","","84,055","","0.74","","4","","2","","***","","***","","***","","***",""
"1983100000","1983年度","43369","熊本県 和水町","","9,776","","***","","***","","2,600","","41,026","","-","","8","","2","","***","","***","","***","","***",""
"1983100000","1983年度","43403","熊本県 大津町","","9,906","","***","","***","","2,980","","122,028","","0.59","","7","","2","","***","","***","","***","","***",""
"1983100000","1983年度","43404","熊本県 菊陽町","","3,721","","***","","***","","1,850","","20,057","","0.50","","4","","2","","***","","***","","***","","***",""
"1983100000","1983年度","43423","熊本県 南小国町","","11,598","","***","","***","","1,340","","1,200","","0.17","","5","","1","","***","","***","","***","","***",""
"1983100000","1983年度","43424","熊本県 小国町","","13,672","","***","","***","","1,920","","3,727","","0.26","","6","","1","","***","","***","","***","","***",""
"1983100000","1983年度","43425","熊本県 産山村","","6,060","","***","","***","","1,140","","X","","0.12","","2","","1","","***","","***","","***","","***",""
"1983100000","1983年度","43428","熊本県 高森町","","17,543","","***","","***","","2,610","","2,295","","0.22","","8","","5","","***","","***","","***","","***",""
"1983100000","1983年度","43432","熊本県 西原村","","7,658","","***","","***","","1,600","","875","","0.23","","2","","1","","***","","***","","***","","***",""
"1983100000","1983年度","43433","熊本県 南阿蘇村","","13,790","","***","","***","","3,752","","-","","-","","7","","3","","***","","***","","***","","***",""
"1983100000","1983年度","43441","熊本県 御船町","","9,830","","***","","***","","2,140","","8,825","","0.31","","10","","3","","***","","***","","***","","***",""
"1983100000","1983年度","43442","熊本県 嘉島町","","1,680","","***","","***","","1,040","","5,853","","0.29","","2","","1","","***","","***","","***","","***",""
"1983100000","1983年度","43443","熊本県 益城町","","6,564","","***","","***","","2,830","","41,233","","0.44","","5","","3","","***","","***","","***","","***",""
"1983100000","1983年度","43444","熊本県 甲佐町","","5,776","","***","","***","","1,610","","6,783","","0.27","","5","","1","","***","","***","","***","","***",""
"1983100000","1983年度","43447","熊本県 山都町","","54,442","","***","","***","","6,760","","-","","-","","29","","9","","***","","***","","***","","***",""
"1983100000","1983年度","43468","熊本県 氷川町","","3,318","","***","","***","","1,897","","2,834","","-","","3","","2","","***","","***","","***","","***",""
"1983100000","1983年度","43482","熊本県 芦北町","","23,460","","***","","***","","2,488","","22,588","","-","","21","","5","","***","","***","","***","","***",""
"1983100000","1983年度","43484","熊本県 津奈木町","","3,303","","***","","***","","621","","1,809","","0.20","","3","","1","","***","","***","","***","","***",""
"1983100000","1983年度","43501","熊本県 錦町","","8,391","","***","","***","","1,960","","21,876","","0.31","","3","","1","","***","","***","","***","","***",""
"1983100000","1983年度","43505","熊本県 多良木町","","16,648","","***","","***","","1,980","","8,521","","0.28","","7","","2","","***","","***","","***","","***",""
"1983100000","1983年度","43506","熊本県 湯前町","","4,824","","***","","***","","692","","3,395","","0.19","","1","","1","","***","","***","","***","","***",""
"1983100000","1983年度","43507","熊本県 水上村","","19,250","","***","","***","","638","","978","","0.17","","4","","1","","***","","***","","***","","***",""
"1983100000","1983年度","43510","熊本県 相良村","","9,493","","***","","***","","1,020","","1,935","","0.20","","5","","2","","***","","***","","***","","***",""
"1983100000","1983年度","43511","熊本県 五木村","","25,205","","***","","***","","308","","1,236","","0.21","","9","","7","","***","","***","","***","","***",""
"1983100000","1983年度","43512","熊本県 山江村","","12,108","","***","","***","","580","","709","","0.13","","5","","1","","***","","***","","***","","***",""
"1983100000","1983年度","43513","熊本県 球磨村","","20,737","","***","","***","","1,020","","567","","0.16","","10","","1","","***","","***","","***","","***",""
"1983100000","1983年度","43514","熊本県 あさぎり町","","15,897","","***","","***","","3,432","","-","","-","","6","","5","","***","","***","","***","","***",""
"1983100000","1983年度","43531","熊本県 苓北町","","6,660","","***","","***","","1,070","","4,385","","0.23","","6","","3","","***","","***","","***","","***",""
"1982100000","1982年度","43100","熊本県 熊本市","","38,802","","***","","***","","16,177","","391,936","","-","","86","","43","","***","","***","","***","","***",""
"1982100000","1982年度","43101","熊本県 熊本市 中央区","","-","","***","","***","","-","","-","","-","","-","","-","","***","","***","","***","","***",""
"1982100000","1982年度","43102","熊本県 熊本市 東区","","-","","***","","***","","-","","-","","-","","-","","-","","***","","***","","***","","***",""
"1982100000","1982年度","43103","熊本県 熊本市 西区","","-","","***","","***","","-","","-","","-","","-","","-","","***","","***","","***","","***",""
"1982100000","1982年度","43104","熊本県 熊本市 南区","","-","","***","","***","","-","","-","","-","","-","","-","","***","","***","","***","","***",""
"1982100000","1982年度","43105","熊本県 熊本市 北区","","-","","***","","***","","-","","-","","-","","-","","-","","***","","***","","***","","***",""
"1982100000","1982年度","43202","熊本県 八代市","","67,861","","***","","***","","9,259","","-","","-","","48","","16","","***","","***","","***","","***",""
"1982100000","1982年度","43203","熊本県 人吉市","","21,077","","***","","***","","2,100","","15,928","","0.49","","10","","4","","***","","***","","***","","***",""
"1982100000","1982年度","43204","熊本県 荒尾市","","5,801","","***","","***","","1,990","","33,734","","0.42","","12","","5","","***","","***","","***","","***",""
"1982100000","1982年度","43205","熊本県 水俣市","","16,546","","***","","***","","1,520","","65,804","","0.43","","14","","9","","***","","***","","***","","***",""
"1982100000","1982年度","43206","熊本県 玉名市","","15,109","","***","","***","","8,030","","65,920","","-","","21","","6","","***","","***","","***","","***",""
"1982100000","1982年度","43208","熊本県 山鹿市","","29,984","","***","","***","","8,670","","39,969","","-","","22","","6","","***","","***","","***","","***",""
"1982100000","1982年度","43210","熊本県 菊池市","","27,582","","***","","***","","7,230","","47,685","","-","","15","","6","","***","","***","","***","","***",""
"1982100000","1982年度","43211","熊本県 宇土市","","7,439","","***","","***","","2,800","","63,760","","0.38","","6","","3","","***","","***","","***","","***",""
"1982100000","1982年度","43212","熊本県 上天草市","","12,975","","***","","***","","2,370","","15,240","","-","","18","","9","","***","","***","","***","","***",""
"1982100000","1982年度","43213","熊本県 宇城市","","18,921","","***","","***","","7,809","","33,120","","-","","17","","6","","***","","***","","***","","***",""
"1982100000","1982年度","43214","熊本県 阿蘇市","","37,609","","***","","***","","10,120","","-","","-","","17","","4","","***","","***","","***","","***",""
"1982100000","1982年度","43215","熊本県 天草市","","68,547","","***","","***","","10,666","","29,675","","-","","68","","28","","***","","***","","***","","***",""
"1982100000","1982年度","43216","熊本県 合志市","","5,449","","***","","***","","2,720","","50,921","","-","","6","","4","","***","","***","","***","","***",""
"1982100000","1982年度","43348","熊本県 美里町","","14,341","","***","","***","","1,807","","4,800","","-","","6","","2","","***","","***","","***","","***",""
"1982100000","1982年度","43364","熊本県 玉東町","","2,391","","***","","***","","830","","3,022","","0.23","","2","","1","","***","","***","","***","","***",""
"1982100000","1982年度","43367","熊本県 南関町","","7,007","","***","","***","","1,920","","5,690","","0.23","","4","","2","","***","","***","","***","","***",""
"1982100000","1982年度","43368","熊本県 長洲町","","1,927","","***","","***","","960","","131,505","","0.72","","4","","2","","***","","***","","***","","***",""
"1982100000","1982年度","43369","熊本県 和水町","","9,776","","***","","***","","2,640","","27,769","","-","","8","","2","","***","","***","","***","","***",""
"1982100000","1982年度","43403","熊本県 大津町","","9,906","","***","","***","","2,990","","107,877","","0.58","","7","","2","","***","","***","","***","","***",""
"1982100000","1982年度","43404","熊本県 菊陽町","","3,721","","***","","***","","1,860","","19,716","","0.49","","4","","2","","***","","***","","***","","***",""
"1982100000","1982年度","43423","熊本県 南小国町","","11,598","","***","","***","","1,340","","1,043","","0.17","","5","","1","","***","","***","","***","","***",""
"1982100000","1982年度","43424","熊本県 小国町","","13,672","","***","","***","","1,930","","3,614","","0.25","","6","","1","","***","","***","","***","","***",""
"1982100000","1982年度","43425","熊本県 産山村","","6,060","","***","","***","","1,140","","X","","0.11","","2","","1","","***","","***","","***","","***",""
"1982100000","1982年度","43428","熊本県 高森町","","17,543","","***","","***","","2,630","","2,441","","0.22","","8","","5","","***","","***","","***","","***",""
"1982100000","1982年度","43432","熊本県 西原村","","7,658","","***","","***","","1,590","","738","","0.21","","2","","1","","***","","***","","***","","***",""
"1982100000","1982年度","43433","熊本県 南阿蘇村","","13,790","","***","","***","","3,756","","-","","-","","7","","3","","***","","***","","***","","***",""
"1982100000","1982年度","43441","熊本県 御船町","","9,830","","***","","***","","2,140","","7,779","","0.31","","10","","3","","***","","***","","***","","***",""
"1982100000","1982年度","43442","熊本県 嘉島町","","1,680","","***","","***","","1,080","","5,548","","0.29","","2","","1","","***","","***","","***","","***",""
"1982100000","1982年度","43443","熊本県 益城町","","6,564","","***","","***","","2,850","","33,382","","0.42","","5","","3","","***","","***","","***","","***",""
"1982100000","1982年度","43444","熊本県 甲佐町","","5,776","","***","","***","","1,620","","6,515","","0.27","","5","","1","","***","","***","","***","","***",""
"1982100000","1982年度","43447","熊本県 山都町","","54,442","","***","","***","","6,760","","6,241","","-","","29","","9","","***","","***","","***","","***",""
"1982100000","1982年度","43468","熊本県 氷川町","","3,318","","***","","***","","1,909","","2,575","","-","","3","","2","","***","","***","","***","","***",""
"1982100000","1982年度","43482","熊本県 芦北町","","23,460","","***","","***","","2,480","","20,584","","-","","21","","5","","***","","***","","***","","***",""
"1982100000","1982年度","43484","熊本県 津奈木町","","3,301","","***","","***","","611","","1,502","","0.19","","3","","1","","***","","***","","***","","***",""
"1982100000","1982年度","43501","熊本県 錦町","","8,391","","***","","***","","1,960","","18,510","","0.30","","3","","1","","***","","***","","***","","***",""
"1982100000","1982年度","43505","熊本県 多良木町","","16,648","","***","","***","","1,980","","5,710","","0.27","","7","","2","","***","","***","","***","","***",""
"1982100000","1982年度","43506","熊本県 湯前町","","4,824","","***","","***","","692","","3,098","","0.19","","1","","1","","***","","***","","***","","***",""
"1982100000","1982年度","43507","熊本県 水上村","","19,250","","***","","***","","638","","821","","0.15","","4","","1","","***","","***","","***","","***",""
"1982100000","1982年度","43510","熊本県 相良村","","9,493","","***","","***","","1,030","","1,300","","0.20","","5","","2","","***","","***","","***","","***",""
"1982100000","1982年度","43511","熊本県 五木村","","25,205","","***","","***","","316","","910","","0.20","","9","","7","","***","","***","","***","","***",""
"1982100000","1982年度","43512","熊本県 山江村","","12,108","","***","","***","","577","","X","","0.13","","5","","1","","***","","***","","***","","***",""
"1982100000","1982年度","43513","熊本県 球磨村","","20,737","","***","","***","","1,010","","465","","0.15","","10","","1","","***","","***","","***","","***",""
"1982100000","1982年度","43514","熊本県 あさぎり町","","15,897","","***","","***","","3,436","","-","","-","","6","","5","","***","","***","","***","","***",""
"1982100000","1982年度","43531","熊本県 苓北町","","6,660","","***","","***","","1,070","","3,742","","0.23","","6","","3","","***","","***","","***","","***",""
"1981100000","1981年度","43100","熊本県 熊本市","","38,802","","***","","***","","-","","373,684","","-","","84","","42","","9,798","","88","","17","","***",""
"1981100000","1981年度","43101","熊本県 熊本市 中央区","","-","","***","","***","","-","","-","","-","","-","","-","","-","","-","","-","","***",""
"1981100000","1981年度","43102","熊本県 熊本市 東区","","-","","***","","***","","-","","-","","-","","-","","-","","-","","-","","-","","***",""
"1981100000","1981年度","43103","熊本県 熊本市 西区","","-","","***","","***","","-","","-","","-","","-","","-","","-","","-","","-","","***",""
"1981100000","1981年度","43104","熊本県 熊本市 南区","","-","","***","","***","","-","","-","","-","","-","","-","","-","","-","","-","","***",""
"1981100000","1981年度","43105","熊本県 熊本市 北区","","-","","***","","***","","-","","-","","-","","-","","-","","-","","-","","-","","***",""
"1981100000","1981年度","43202","熊本県 八代市","","67,861","","***","","***","","-","","-","","-","","50","","16","","2,614","","8","","3","","***",""
"1981100000","1981年度","43203","熊本県 人吉市","","21,077","","***","","***","","-","","16,505","","0.47","","10","","4","","865","","5","","2","","***",""
"1981100000","1981年度","43204","熊本県 荒尾市","","5,801","","***","","***","","-","","33,788","","0.42","","12","","5","","804","","2","","1","","***",""
"1981100000","1981年度","43205","熊本県 水俣市","","16,546","","***","","***","","-","","60,826","","0.43","","14","","9","","653","","4","","2","","***",""
"1981100000","1981年度","43206","熊本県 玉名市","","15,109","","***","","***","","-","","65,119","","-","","21","","6","","1,290","","4","","1","","***",""
"1981100000","1981年度","43208","熊本県 山鹿市","","29,984","","***","","***","","-","","42,034","","-","","22","","6","","1,087","","4","","1","","***",""
"1981100000","1981年度","43210","熊本県 菊池市","","27,582","","***","","***","","-","","41,029","","-","","15","","6","","839","","4","","1","","***",""
"1981100000","1981年度","43211","熊本県 宇土市","","7,438","","***","","***","","-","","64,643","","0.38","","6","","3","","539","","2","","1","","***",""
"1981100000","1981年度","43212","熊本県 上天草市","","12,963","","***","","***","","-","","13,699","","-","","18","","9","","811","","2","","0","","***",""
"1981100000","1981年度","43213","熊本県 宇城市","","18,920","","***","","***","","-","","32,867","","-","","18","","6","","1,056","","3","","1","","***",""
"1981100000","1981年度","43214","熊本県 阿蘇市","","37,609","","***","","***","","-","","17,263","","-","","17","","4","","643","","0","","0","","***",""
"1981100000","1981年度","43215","熊本県 天草市","","68,535","","***","","***","","-","","28,996","","-","","68","","28","","2,325","","4","","2","","***",""
"1981100000","1981年度","43216","熊本県 合志市","","5,449","","***","","***","","-","","39,807","","-","","6","","4","","262","","0","","0","","***",""
"1981100000","1981年度","43348","熊本県 美里町","","14,341","","***","","***","","-","","5,228","","-","","12","","3","","280","","0","","0","","***",""
"1981100000","1981年度","43364","熊本県 玉東町","","2,391","","***","","***","","-","","2,869","","0.22","","2","","1","","91","","0","","0","","***",""
"1981100000","1981年度","43367","熊本県 南関町","","7,007","","***","","***","","-","","4,292","","0.23","","4","","2","","194","","0","","0","","***",""
"1981100000","1981年度","43368","熊本県 長洲町","","1,927","","***","","***","","-","","107,174","","0.74","","4","","2","","278","","1","","0","","***",""
"1981100000","1981年度","43369","熊本県 和水町","","9,776","","***","","***","","-","","20,576","","-","","8","","2","","204","","0","","0","","***",""
"1981100000","1981年度","43403","熊本県 大津町","","9,906","","***","","***","","-","","91,154","","0.55","","7","","2","","348","","3","","0","","***",""
"1981100000","1981年度","43404","熊本県 菊陽町","","3,721","","***","","***","","-","","17,449","","0.47","","4","","2","","168","","0","","0","","***",""
"1981100000","1981年度","43423","熊本県 南小国町","","11,598","","***","","***","","-","","1,013","","0.17","","5","","1","","100","","0","","0","","***",""
"1981100000","1981年度","43424","熊本県 小国町","","13,672","","***","","***","","-","","3,559","","0.25","","6","","1","","247","","1","","0","","***",""
"1981100000","1981年度","43425","熊本県 産山村","","6,060","","***","","***","","-","","X","","0.11","","2","","1","","25","","0","","0","","***",""
"1981100000","1981年度","43428","熊本県 高森町","","17,543","","***","","***","","-","","2,226","","0.22","","8","","5","","185","","0","","0","","***",""
"1981100000","1981年度","43432","熊本県 西原村","","7,658","","***","","***","","-","","776","","0.21","","2","","1","","69","","0","","0","","***",""
"1981100000","1981年度","43433","熊本県 南阿蘇村","","13,790","","***","","***","","-","","-","","-","","7","","3","","203","","0","","0","","***",""
"1981100000","1981年度","43441","熊本県 御船町","","9,830","","***","","***","","-","","8,075","","0.30","","10","","3","","277","","3","","1","","***",""
"1981100000","1981年度","43442","熊本県 嘉島町","","1,680","","***","","***","","-","","5,498","","0.29","","2","","1","","97","","1","","0","","***",""
"1981100000","1981年度","43443","熊本県 益城町","","6,564","","***","","***","","-","","28,273","","0.39","","5","","3","","275","","2","","1","","***",""
"1981100000","1981年度","43444","熊本県 甲佐町","","5,776","","***","","***","","-","","6,961","","0.27","","5","","1","","229","","0","","0","","***",""
"1981100000","1981年度","43447","熊本県 山都町","","54,442","","***","","***","","-","","7,415","","-","","29","","9","","481","","1","","0","","***",""
"1981100000","1981年度","43468","熊本県 氷川町","","3,318","","***","","***","","-","","2,419","","-","","3","","2","","213","","0","","0","","***",""
"1981100000","1981年度","43482","熊本県 芦北町","","23,460","","***","","***","","-","","21,514","","-","","21","","5","","433","","0","","0","","***",""
"1981100000","1981年度","43484","熊本県 津奈木町","","3,301","","***","","***","","-","","1,642","","0.18","","3","","1","","66","","0","","0","","***",""
"1981100000","1981年度","43501","熊本県 錦町","","8,391","","***","","***","","-","","12,449","","0.27","","3","","1","","120","","0","","0","","***",""
"1981100000","1981年度","43505","熊本県 多良木町","","16,648","","***","","***","","-","","5,862","","0.26","","7","","2","","260","","1","","0","","***",""
"1981100000","1981年度","43506","熊本県 湯前町","","4,824","","***","","***","","-","","3,652","","0.19","","1","","1","","125","","0","","0","","***",""
"1981100000","1981年度","43507","熊本県 水上村","","19,250","","***","","***","","-","","867","","0.14","","4","","1","","60","","0","","0","","***",""
"1981100000","1981年度","43510","熊本県 相良村","","9,493","","***","","***","","-","","1,540","","0.19","","5","","2","","68","","0","","0","","***",""
"1981100000","1981年度","43511","熊本県 五木村","","25,205","","***","","***","","-","","857","","0.21","","9","","7","","49","","0","","0","","***",""
"1981100000","1981年度","43512","熊本県 山江村","","12,108","","***","","***","","-","","X","","0.12","","5","","1","","32","","0","","0","","***",""
"1981100000","1981年度","43513","熊本県 球磨村","","20,737","","***","","***","","-","","325","","0.14","","10","","1","","92","","0","","0","","***",""
"1981100000","1981年度","43514","熊本県 あさぎり町","","15,897","","***","","***","","-","","-","","-","","6","","5","","290","","2","","0","","***",""
"1981100000","1981年度","43531","熊本県 苓北町","","6,656","","***","","***","","-","","3,786","","0.23","","6","","3","","218","","1","","0","","***",""
"1980100000","1980年度","43100","熊本県 熊本市","","***","","6,084","","***","","-","","331,255","","-","","84","","42","","***","","***","","***","","***",""
"1980100000","1980年度","43101","熊本県 熊本市 中央区","","***","","-","","***","","-","","-","","-","","-","","-","","***","","***","","***","","***",""
"1980100000","1980年度","43102","熊本県 熊本市 東区","","***","","-","","***","","-","","-","","-","","-","","-","","***","","***","","***","","***",""
"1980100000","1980年度","43103","熊本県 熊本市 西区","","***","","-","","***","","-","","-","","-","","-","","-","","***","","***","","***","","***",""
"1980100000","1980年度","43104","熊本県 熊本市 南区","","***","","-","","***","","-","","-","","-","","-","","-","","***","","***","","***","","***",""
"1980100000","1980年度","43105","熊本県 熊本市 北区","","***","","-","","***","","-","","-","","-","","-","","-","","***","","***","","***","","***",""
"1980100000","1980年度","43202","熊本県 八代市","","***","","48,641","","***","","-","","-","","-","","50","","16","","***","","***","","***","","***",""
"1980100000","1980年度","43203","熊本県 人吉市","","***","","16,077","","***","","-","","17,750","","0.46","","10","","4","","***","","***","","***","","***",""
"1980100000","1980年度","43204","熊本県 荒尾市","","***","","897","","***","","-","","32,922","","0.41","","12","","5","","***","","***","","***","","***",""
"1980100000","1980年度","43205","熊本県 水俣市","","***","","12,801","","***","","-","","68,919","","0.43","","14","","9","","***","","***","","***","","***",""
"1980100000","1980年度","43206","熊本県 玉名市","","***","","2,754","","***","","-","","-","","-","","21","","6","","***","","***","","***","","***",""
"1980100000","1980年度","43208","熊本県 山鹿市","","***","","14,980","","***","","-","","39,899","","-","","22","","6","","***","","***","","***","","***",""
"1980100000","1980年度","43210","熊本県 菊池市","","***","","14,537","","***","","-","","34,938","","-","","15","","6","","***","","***","","***","","***",""
"1980100000","1980年度","43211","熊本県 宇土市","","***","","2,501","","***","","-","","70,007","","0.37","","6","","3","","***","","***","","***","","***",""
"1980100000","1980年度","43212","熊本県 上天草市","","***","","7,022","","***","","-","","12,601","","-","","18","","9","","***","","***","","***","","***",""
"1980100000","1980年度","43213","熊本県 宇城市","","***","","5,519","","***","","-","","33,244","","-","","18","","6","","***","","***","","***","","***",""
"1980100000","1980年度","43214","熊本県 阿蘇市","","***","","21,056","","***","","-","","16,083","","-","","17","","4","","***","","***","","***","","***",""
"1980100000","1980年度","43215","熊本県 天草市","","***","","43,509","","***","","-","","27,771","","-","","68","","28","","***","","***","","***","","***",""
"1980100000","1980年度","43216","熊本県 合志市","","***","","653","","***","","-","","27,875","","-","","6","","4","","***","","***","","***","","***",""
"1980100000","1980年度","43348","熊本県 美里町","","***","","10,206","","***","","-","","5,528","","-","","12","","3","","***","","***","","***","","***",""
"1980100000","1980年度","43364","熊本県 玉東町","","***","","725","","***","","-","","2,771","","0.21","","2","","1","","***","","***","","***","","***",""
"1980100000","1980年度","43367","熊本県 南関町","","***","","3,209","","***","","-","","4,856","","0.22","","4","","2","","***","","***","","***","","***",""
"1980100000","1980年度","43368","熊本県 長洲町","","***","","40","","***","","-","","92,502","","0.77","","4","","2","","***","","***","","***","","***",""
"1980100000","1980年度","43369","熊本県 和水町","","***","","4,410","","***","","-","","13,770","","-","","8","","2","","***","","***","","***","","***",""
"1980100000","1980年度","43403","熊本県 大津町","","***","","5,060","","***","","-","","82,708","","0.54","","7","","2","","***","","***","","***","","***",""
"1980100000","1980年度","43404","熊本県 菊陽町","","***","","502","","***","","-","","12,858","","0.45","","4","","1","","***","","***","","***","","***",""
"1980100000","1980年度","43423","熊本県 南小国町","","***","","9,604","","***","","-","","1,094","","0.17","","5","","1","","***","","***","","***","","***",""
"1980100000","1980年度","43424","熊本県 小国町","","***","","10,570","","***","","-","","3,750","","0.26","","6","","1","","***","","***","","***","","***",""
"1980100000","1980年度","43425","熊本県 産山村","","***","","4,347","","***","","-","","X","","0.11","","2","","1","","***","","***","","***","","***",""
"1980100000","1980年度","43428","熊本県 高森町","","***","","13,324","","***","","-","","2,361","","0.22","","8","","5","","***","","***","","***","","***",""
"1980100000","1980年度","43432","熊本県 西原村","","***","","5,061","","***","","-","","821","","0.21","","2","","1","","***","","***","","***","","***",""
"1980100000","1980年度","43433","熊本県 南阿蘇村","","***","","8,199","","***","","-","","-","","-","","7","","3","","***","","***","","***","","***",""
"1980100000","1980年度","43441","熊本県 御船町","","***","","5,453","","***","","-","","7,488","","0.29","","10","","3","","***","","***","","***","","***",""
"1980100000","1980年度","43442","熊本県 嘉島町","","***","","0","","***","","-","","5,492","","0.27","","2","","1","","***","","***","","***","","***",""
"1980100000","1980年度","43443","熊本県 益城町","","***","","2,149","","***","","-","","30,509","","0.37","","5","","3","","***","","***","","***","","***",""
"1980100000","1980年度","43444","熊本県 甲佐町","","***","","2,652","","***","","-","","7,111","","0.26","","5","","1","","***","","***","","***","","***",""
"1980100000","1980年度","43447","熊本県 山都町","","***","","39,461","","***","","-","","5,914","","-","","29","","9","","***","","***","","***","","***",""
"1980100000","1980年度","43468","熊本県 氷川町","","***","","330","","***","","-","","2,443","","-","","3","","2","","***","","***","","***","","***",""
"1980100000","1980年度","43482","熊本県 芦北町","","***","","16,726","","***","","-","","20,650","","-","","21","","5","","***","","***","","***","","***",""
"1980100000","1980年度","43484","熊本県 津奈木町","","***","","2,312","","***","","-","","1,720","","0.17","","3","","1","","***","","***","","***","","***",""
"1980100000","1980年度","43501","熊本県 錦町","","***","","4,883","","***","","-","","10,240","","0.26","","3","","1","","***","","***","","***","","***",""
"1980100000","1980年度","43505","熊本県 多良木町","","***","","13,028","","***","","-","","6,014","","0.26","","7","","2","","***","","***","","***","","***",""
"1980100000","1980年度","43506","熊本県 湯前町","","***","","3,727","","***","","-","","3,749","","0.19","","1","","1","","***","","***","","***","","***",""
"1980100000","1980年度","43507","熊本県 水上村","","***","","17,647","","***","","-","","994","","0.13","","4","","1","","***","","***","","***","","***",""
"1980100000","1980年度","43510","熊本県 相良村","","***","","7,268","","***","","-","","1,438","","0.19","","5","","2","","***","","***","","***","","***",""
"1980100000","1980年度","43511","熊本県 五木村","","***","","24,255","","***","","-","","819","","0.20","","9","","7","","***","","***","","***","","***",""
"1980100000","1980年度","43512","熊本県 山江村","","***","","10,729","","***","","-","","X","","0.12","","5","","1","","***","","***","","***","","***",""
"1980100000","1980年度","43513","熊本県 球磨村","","***","","18,309","","***","","-","","388","","0.14","","10","","1","","***","","***","","***","","***",""
"1980100000","1980年度","43514","熊本県 あさぎり町","","***","","10,621","","***","","-","","-","","-","","6","","5","","***","","***","","***","","***",""
"1980100000","1980年度","43531","熊本県 苓北町","","***","","4,155","","***","","-","","3,874","","0.22","","6","","3","","***","","***","","***","","***",""
